VALIDAÇÃO,Logistica Reversa Transportadora,Logistica Reversa Estado,Logistica Reversa Cidade,Logistica Reversa Data Coleta Efetivada Date,Logistica Reversa Data Coleta Efetivada Month,Logistica Reversa Data Coleta Efetivada Year,Abrangencia
NÃO PARÇA,ARAPON-BULKY,PR,Ibipora,2026-01-09,2026-01,2026,1
NÃO PARÇA,ARAPON-BULKY,PR,Ibipora,2026-04-01,2026-04,2026,1
NÃO PARÇA,ARAPON-BULKY,PR,Jaguapita,2026-06-25,2026-06,2026,1
NÃO PARÇA,ARAPON-BULKY,PR,Maringa,2026-06-15,2026-06,2026,1
NÃO PARÇA,ARUJA - BULKY,SP,Aruja,2026-06-15,2026-06,2026,1
NÃO PARÇA,ARUJA - BULKY,SP,Bertioga,2026-04-29,2026-04,2026,1
NÃO PARÇA,ARUJA - BULKY,SP,Guararema,2026-06-08,2026-06,2026,1
NÃO PARÇA,ARUJA - BULKY,SP,Mogi das Cruzes,2026-06-01,2026-06,2026,1
NÃO PARÇA,ARUJA - BULKY,SP,Mogi das Cruzes,2026-06-29,2026-06,2026,1
NÃO PARÇA,ARUJA - BULKY,SP,Mogi das Cruzes,2026-07-10,2026-07,2026,1
NÃO PARÇA,ARUJA - BULKY,SP,Poa,2026-05-21,2026-05,2026,1
NÃO PARÇA,ARUJA - BULKY,SP,Santos,2026-03-16,2026-03,2026,1
NÃO PARÇA,ARUJA - BULKY,SP,Santos,2026-04-22,2026-04,2026,1
NÃO PARÇA,ARUJA - BULKY,SP,Sao Paulo,2026-04-01,2026-04,2026,1
NÃO PARÇA,ARUJA - BULKY,SP,Sao Paulo,2026-04-29,2026-04,2026,1
NÃO PARÇA,ARUJA - BULKY,SP,Sao Paulo,2026-05-08,2026-05,2026,2
NÃO PARÇA,ARUJA - BULKY,SP,Sao Paulo,2026-06-08,2026-06,2026,2
NÃO PARÇA,ARUJA - BULKY,SP,Sao Paulo,2026-06-09,2026-06,2026,1
NÃO PARÇA,ARUJA - BULKY,SP,Sao Paulo,2026-07-06,2026-07,2026,1
NÃO PARÇA,ARUJA - BULKY,SP,Sao Paulo,2026-07-27,2026-07,2026,1
NÃO PARÇA,ARUJA - BULKY,SP,Sao Paulo,2026-07-28,2026-07,2026,1
NÃO PARÇA,ARUJA - BULKY,SP,Sao Vicente,2026-06-08,2026-06,2026,1
NÃO PARÇA,BENTO ENCOMENDA,SP,Indaiatuba,2026-04-22,2026-04,2026,1
NÃO PARÇA,BENTO ENCOMENDA,SP,Indaiatuba,2026-05-19,2026-05,2026,1
NÃO PARÇA,BETIM - BULKY L,MG,Belo Horizonte,2026-06-08,2026-06,2026,1
NÃO PARÇA,BETIM - BULKY L,MG,Belo Horizonte,2026-06-29,2026-06,2026,2
NÃO PARÇA,BETIM - BULKY L,MG,Nova Lima,2026-04-08,2026-04,2026,1
NÃO PARÇA,BLZ,RS,Cacapava do Sul,2026-04-28,2026-04,2026,1
NÃO PARÇA,BLZ,RS,Canoas,2026-04-22,2026-04,2026,1
NÃO PARÇA,BLZ,RS,Porto Alegre,2026-04-27,2026-04,2026,1
NÃO PARÇA,BLZ,RS,Porto Alegre,2026-06-10,2026-06,2026,1
NÃO PARÇA,BLZ,SC,Brusque,2026-06-16,2026-06,2026,1
NÃO PARÇA,BLZ,SC,Brusque,2026-06-29,2026-06,2026,1
NÃO PARÇA,BLZ,SC,Florianopolis,2026-02-23,2026-02,2026,1
NÃO PARÇA,BLZ,SC,Itaiopolis,2026-05-19,2026-05,2026,1
NÃO PARÇA,BLZ,SC,Palhoca,2026-03-02,2026-03,2026,1
NÃO PARÇA,BLZ,SC,Urubici,2026-03-16,2026-03,2026,1
NÃO PARÇA,BULKY - SJ PINH,PR,Curitiba,2026-03-16,2026-03,2026,2
NÃO PARÇA,BULKY BIGUACU,SC,Sao Jose,2026-06-15,2026-06,2026,1
NÃO PARÇA,BULKY LOG - JUN,SE,Itabaiana,2026-04-28,2026-04,2026,1
NÃO PARÇA,BULKY LOG - JUN,SP,Americana,2026-04-28,2026-04,2026,1
NÃO PARÇA,BULKY LOG - JUN,SP,Amparo,2026-01-28,2026-01,2026,3
NÃO PARÇA,BULKY LOG - JUN,SP,Amparo,2026-02-28,2026-02,2026,1
NÃO PARÇA,BULKY LOG - JUN,SP,Amparo,2026-05-23,2026-05,2026,7
NÃO PARÇA,BULKY LOG - JUN,SP,Braganca Paulista,2026-07-02,2026-07,2026,1
NÃO PARÇA,BULKY LOG - JUN,SP,Campinas,2026-04-01,2026-04,2026,1
NÃO PARÇA,BULKY LOG - JUN,SP,Campinas,2026-04-14,2026-04,2026,1
NÃO PARÇA,BULKY LOG - JUN,SP,Campinas,2026-07-02,2026-07,2026,1
NÃO PARÇA,BULKY LOG - JUN,SP,Cordeiropolis,2026-03-09,2026-03,2026,1
NÃO PARÇA,BULKY LOG - JUN,SP,Cordeiropolis,2026-06-03,2026-06,2026,1
NÃO PARÇA,BULKY LOG - JUN,SP,Cordeiropolis,2026-06-15,2026-06,2026,1
NÃO PARÇA,BULKY LOG - JUN,SP,Franca,2026-06-10,2026-06,2026,1
NÃO PARÇA,BULKY LOG - JUN,SP,Jaguariuna,2026-01-28,2026-01,2026,1
NÃO PARÇA,BULKY LOG - JUN,SP,Jundiai,2026-04-01,2026-04,2026,1
NÃO PARÇA,BULKY LOG - JUN,SP,Laranjal Paulista,2026-02-18,2026-02,2026,1
NÃO PARÇA,BULKY LOG - JUN,SP,Piracicaba,2026-03-11,2026-03,2026,1
NÃO PARÇA,BULKY LOG - JUN,SP,Piracicaba,2026-03-16,2026-03,2026,1
NÃO PARÇA,BULKY LOG - JUN,SP,Ribeirao Preto,2026-03-16,2026-03,2026,1
NÃO PARÇA,BULKY LOG - JUN,SP,Rio Claro,2026-04-28,2026-04,2026,1
NÃO PARÇA,BULKY LOG - JUN,SP,Sagres,2026-03-16,2026-03,2026,1
NÃO PARÇA,BULKY LOG - JUN,SP,Saltinho,2026-01-26,2026-01,2026,1
NÃO PARÇA,BULKY LOG - JUN,SP,Saltinho,2026-05-21,2026-05,2026,1
NÃO PARÇA,BULKY LOG - JUN,SP,Salto de Pirapora,2026-05-19,2026-05,2026,1
NÃO PARÇA,BULKY LOG - JUN,SP,Salto de Pirapora,2026-07-29,2026-07,2026,1
NÃO PARÇA,BULKY LOG - JUN,SP,Serra Negra,2026-01-29,2026-01,2026,1
NÃO PARÇA,BULKY LOG - JUN,SP,Serra Negra,2026-05-23,2026-05,2026,1
NÃO PARÇA,BULKY LOG - JUN,SP,Sorocaba,2026-04-27,2026-04,2026,1
NÃO PARÇA,BULKY LOG - JUN,SP,Valinhos,2026-05-19,2026-05,2026,1
NÃO PARÇA,BULKY LOG - JUN,SP,aguas de Lindoia,2026-01-05,2026-01,2026,1
NÃO PARÇA,BULKY MAUA,SP,Bertioga,2026-07-28,2026-07,2026,1
NÃO PARÇA,BULKY MAUA,SP,Maua,2026-05-20,2026-05,2026,1
NÃO PARÇA,BULKY MAUA,SP,Santos,2026-07-21,2026-07,2026,1
NÃO PARÇA,BULKY MAUA,SP,Santos,2026-07-28,2026-07,2026,1
NÃO PARÇA,BULKY MAUA,SP,Sao Bernardo do Campo,2026-06-15,2026-06,2026,1
NÃO PARÇA,BULKY MAUA,SP,Sao Bernardo do Campo,2026-07-22,2026-07,2026,1
NÃO PARÇA,BULKY MAUA,SP,Sao Bernardo do Campo,2026-07-28,2026-07,2026,1
NÃO PARÇA,BULKY MAUA,SP,Sao Paulo,2026-04-08,2026-04,2026,2
NÃO PARÇA,BULKY MAUA,SP,Sao Paulo,2026-04-27,2026-04,2026,1
NÃO PARÇA,BULKY MAUA,SP,Sao Paulo,2026-05-20,2026-05,2026,2
NÃO PARÇA,BULKY MAUA,SP,Sao Paulo,2026-07-28,2026-07,2026,1
NÃO PARÇA,CAJAMAR - BULKY,SP,Carapicuiba,2026-07-29,2026-07,2026,1
NÃO PARÇA,CAJAMAR - BULKY,SP,Osasco,2026-07-21,2026-07,2026,1
NÃO PARÇA,CAJAMAR - BULKY,SP,Sao Paulo,2026-03-16,2026-03,2026,2
NÃO PARÇA,CAJAMAR - BULKY,SP,Sao Paulo,2026-04-01,2026-04,2026,1
NÃO PARÇA,CAJAMAR - BULKY,SP,Sao Paulo,2026-04-27,2026-04,2026,1
NÃO PARÇA,CAJAMAR - BULKY,SP,Sao Paulo,2026-05-04,2026-05,2026,1
NÃO PARÇA,CAJAMAR - BULKY,SP,Sao Paulo,2026-05-08,2026-05,2026,1
NÃO PARÇA,CAJAMAR - BULKY,SP,Sao Paulo,2026-05-19,2026-05,2026,1
NÃO PARÇA,CAJAMAR - BULKY,SP,Sao Paulo,2026-06-08,2026-06,2026,1
NÃO PARÇA,CAJAMAR - BULKY,SP,Sao Paulo,2026-07-27,2026-07,2026,1
NÃO PARÇA,CAJAMAR - BULKY,SP,Sao Paulo,2026-07-29,2026-07,2026,1
NÃO PARÇA,CAMPOS - NFC,SP,Sao Jose dos Campos,2026-04-27,2026-04,2026,1
NÃO PARÇA,CAMPOS - NFC,SP,Sao Jose dos Campos,2026-06-16,2026-06,2026,1
NÃO PARÇA,CONECTA CARGO,ES,Aracruz,2026-02-11,2026-02,2026,1
NÃO PARÇA,CONECTA CARGO,ES,Guacui,2026-03-17,2026-03,2026,1
NÃO PARÇA,CONECTA CARGO,ES,Guarapari,2026-03-11,2026-03,2026,1
NÃO PARÇA,CONECTA CARGO,ES,Vila Velha,2026-02-09,2026-02,2026,1
NÃO PARÇA,CONECTA CARGO,ES,Vila Velha,2026-02-13,2026-02,2026,2
NÃO PARÇA,CONECTA CARGO,MG,Aimores,2026-01-20,2026-01,2026,1
NÃO PARÇA,CONECTA CARGO,MG,Alem Paraiba,2026-06-01,2026-06,2026,1
NÃO PARÇA,CONECTA CARGO,MG,Almenara,2026-05-29,2026-05,2026,1
NÃO PARÇA,CONECTA CARGO,MG,Alterosa,2026-04-22,2026-04,2026,1
NÃO PARÇA,CONECTA CARGO,MG,Alto Rio Doce,2026-04-27,2026-04,2026,1
NÃO PARÇA,CONECTA CARGO,MG,Araujos,2026-07-14,2026-07,2026,1
NÃO PARÇA,CONECTA CARGO,MG,Arceburgo,2026-02-26,2026-02,2026,1
NÃO PARÇA,CONECTA CARGO,MG,Arceburgo,2026-07-21,2026-07,2026,1
NÃO PARÇA,CONECTA CARGO,MG,Areado,2026-06-08,2026-06,2026,1
NÃO PARÇA,CONECTA CARGO,MG,Augusto de Lima,2026-04-29,2026-04,2026,1
NÃO PARÇA,CONECTA CARGO,MG,Baldim,2026-01-26,2026-01,2026,1
NÃO PARÇA,CONECTA CARGO,MG,Bambui,2026-01-02,2026-01,2026,1
NÃO PARÇA,CONECTA CARGO,MG,Barao de Cocais,2026-04-16,2026-04,2026,1
NÃO PARÇA,CONECTA CARGO,MG,Barao de Cocais,2026-04-17,2026-04,2026,1
NÃO PARÇA,CONECTA CARGO,MG,Barbacena,2026-03-28,2026-03,2026,1
NÃO PARÇA,CONECTA CARGO,MG,Barra Longa,2026-02-11,2026-02,2026,1
NÃO PARÇA,CONECTA CARGO,MG,Bela Vista de Minas,2026-05-27,2026-05,2026,1
NÃO PARÇA,CONECTA CARGO,MG,Belmiro Braga,2026-02-03,2026-02,2026,1
NÃO PARÇA,CONECTA CARGO,MG,Bocaiuva,2026-06-22,2026-06,2026,1
NÃO PARÇA,CONECTA CARGO,MG,Bom Despacho,2026-01-21,2026-01,2026,1
NÃO PARÇA,CONECTA CARGO,MG,Bom Despacho,2026-06-30,2026-06,2026,1
NÃO PARÇA,CONECTA CARGO,MG,Bom Repouso,2026-03-24,2026-03,2026,1
NÃO PARÇA,CONECTA CARGO,MG,Bom Sucesso,2026-02-17,2026-02,2026,1
NÃO PARÇA,CONECTA CARGO,MG,Bonfinopolis de Minas,2026-01-15,2026-01,2026,1
NÃO PARÇA,CONECTA CARGO,MG,Borda da Mata,2026-02-19,2026-02,2026,1
NÃO PARÇA,CONECTA CARGO,MG,Brazopolis,2026-03-13,2026-03,2026,1
NÃO PARÇA,CONECTA CARGO,MG,Buritis,2026-07-17,2026-07,2026,1
NÃO PARÇA,CONECTA CARGO,MG,Buritizeiro,2026-04-27,2026-04,2026,1
NÃO PARÇA,CONECTA CARGO,MG,Cabeceira Grande,2026-01-14,2026-01,2026,1
NÃO PARÇA,CONECTA CARGO,MG,Cachoeira de Minas,2026-06-03,2026-06,2026,1
NÃO PARÇA,CONECTA CARGO,MG,Camanducaia,2026-01-02,2026-01,2026,1
NÃO PARÇA,CONECTA CARGO,MG,Cambui,2026-03-17,2026-03,2026,1
NÃO PARÇA,CONECTA CARGO,MG,Cambui,2026-03-26,2026-03,2026,1
NÃO PARÇA,CONECTA CARGO,MG,Campo Belo,2026-01-12,2026-01,2026,2
NÃO PARÇA,CONECTA CARGO,MG,Campo Belo,2026-02-04,2026-02,2026,1
NÃO PARÇA,CONECTA CARGO,MG,Campo Belo,2026-02-17,2026-02,2026,1
NÃO PARÇA,CONECTA CARGO,MG,Campo Belo,2026-03-27,2026-03,2026,1
NÃO PARÇA,CONECTA CARGO,MG,Cantagalo,2026-04-08,2026-04,2026,1
NÃO PARÇA,CONECTA CARGO,MG,Capela Nova,2026-01-31,2026-01,2026,1
NÃO PARÇA,CONECTA CARGO,MG,Capela Nova,2026-06-16,2026-06,2026,1
NÃO PARÇA,CONECTA CARGO,MG,Capelinha,2026-02-02,2026-02,2026,1
NÃO PARÇA,CONECTA CARGO,MG,Capelinha,2026-02-27,2026-02,2026,1
NÃO PARÇA,CONECTA CARGO,MG,Capelinha,2026-05-20,2026-05,2026,1
NÃO PARÇA,CONECTA CARGO,MG,Capitolio,2026-01-22,2026-01,2026,1
NÃO PARÇA,CONECTA CARGO,MG,Carangola,2026-06-16,2026-06,2026,1
NÃO PARÇA,CONECTA CARGO,MG,Carmo do Rio Claro,2026-01-06,2026-01,2026,1
NÃO PARÇA,CONECTA CARGO,MG,Carmopolis de Minas,2026-07-20,2026-07,2026,1
NÃO PARÇA,CONECTA CARGO,MG,Cataguases,2026-07-21,2026-07,2026,1
NÃO PARÇA,CONECTA CARGO,MG,Chapada do Norte,2026-02-06,2026-02,2026,1
NÃO PARÇA,CONECTA CARGO,MG,Chiador,2026-05-06,2026-05,2026,1
NÃO PARÇA,CONECTA CARGO,MG,Claudio,2026-05-13,2026-05,2026,1
NÃO PARÇA,CONECTA CARGO,MG,Coluna,2026-01-12,2026-01,2026,1
NÃO PARÇA,CONECTA CARGO,MG,Conceicao das Pedras,2026-02-05,2026-02,2026,1
NÃO PARÇA,CONECTA CARGO,MG,Conceicao do Mato Dentro,2026-02-20,2026-02,2026,1
NÃO PARÇA,CONECTA CARGO,MG,Conceicao do Para,2026-06-10,2026-06,2026,1
NÃO PARÇA,CONECTA CARGO,MG,Confins,2026-06-11,2026-06,2026,1
NÃO PARÇA,CONECTA CARGO,MG,Congonhas do Norte,2026-03-26,2026-03,2026,1
NÃO PARÇA,CONECTA CARGO,MG,Conselheiro Lafaiete,2026-01-21,2026-01,2026,1
NÃO PARÇA,CONECTA CARGO,MG,Conselheiro Lafaiete,2026-01-27,2026-01,2026,1
NÃO PARÇA,CONECTA CARGO,MG,Conselheiro Lafaiete,2026-02-10,2026-02,2026,1
NÃO PARÇA,CONECTA CARGO,MG,Conselheiro Lafaiete,2026-04-06,2026-04,2026,1
NÃO PARÇA,CONECTA CARGO,MG,Conselheiro Lafaiete,2026-04-10,2026-04,2026,1
NÃO PARÇA,CONECTA CARGO,MG,Conselheiro Lafaiete,2026-06-29,2026-06,2026,1
NÃO PARÇA,CONECTA CARGO,MG,Conselheiro Lafaiete,2026-07-10,2026-07,2026,1
NÃO PARÇA,CONECTA CARGO,MG,Conselheiro Pena,2026-02-13,2026-02,2026,1
NÃO PARÇA,CONECTA CARGO,MG,Conselheiro Pena,2026-02-24,2026-02,2026,1
NÃO PARÇA,CONECTA CARGO,MG,Coroaci,2026-03-23,2026-03,2026,1
NÃO PARÇA,CONECTA CARGO,MG,Coroaci,2026-06-23,2026-06,2026,1
NÃO PARÇA,CONECTA CARGO,MG,Coromandel,2026-04-28,2026-04,2026,1
NÃO PARÇA,CONECTA CARGO,MG,Coronel Fabriciano,2026-01-08,2026-01,2026,1
NÃO PARÇA,CONECTA CARGO,MG,Coronel Fabriciano,2026-05-06,2026-05,2026,1
NÃO PARÇA,CONECTA CARGO,MG,Coronel Fabriciano,2026-05-18,2026-05,2026,1
NÃO PARÇA,CONECTA CARGO,MG,Coronel Fabriciano,2026-05-19,2026-05,2026,1
NÃO PARÇA,CONECTA CARGO,MG,Coronel Fabriciano,2026-07-07,2026-07,2026,1
NÃO PARÇA,CONECTA CARGO,MG,Crisolita,2026-06-24,2026-06,2026,1
NÃO PARÇA,CONECTA CARGO,MG,Cristais,2026-07-21,2026-07,2026,1
NÃO PARÇA,CONECTA CARGO,MG,Curvelo,2026-03-04,2026-03,2026,1
NÃO PARÇA,CONECTA CARGO,MG,Descoberto,2026-05-15,2026-05,2026,1
NÃO PARÇA,CONECTA CARGO,MG,Diamantina,2026-06-08,2026-06,2026,1
NÃO PARÇA,CONECTA CARGO,MG,Dionisio,2026-06-12,2026-06,2026,1
NÃO PARÇA,CONECTA CARGO,MG,Divinolandia de Minas,2026-01-20,2026-01,2026,1
NÃO PARÇA,CONECTA CARGO,MG,Divinopolis,2026-01-12,2026-01,2026,1
NÃO PARÇA,CONECTA CARGO,MG,Divinopolis,2026-01-22,2026-01,2026,1
NÃO PARÇA,CONECTA CARGO,MG,Divinopolis,2026-01-27,2026-01,2026,1
NÃO PARÇA,CONECTA CARGO,MG,Divinopolis,2026-02-12,2026-02,2026,1
NÃO PARÇA,CONECTA CARGO,MG,Divinopolis,2026-02-23,2026-02,2026,1
NÃO PARÇA,CONECTA CARGO,MG,Divinopolis,2026-04-28,2026-04,2026,1
NÃO PARÇA,CONECTA CARGO,MG,Divinopolis,2026-05-08,2026-05,2026,1
NÃO PARÇA,CONECTA CARGO,MG,Divinopolis,2026-05-11,2026-05,2026,1
NÃO PARÇA,CONECTA CARGO,MG,Divinopolis,2026-05-20,2026-05,2026,1
NÃO PARÇA,CONECTA CARGO,MG,Divinopolis,2026-05-21,2026-05,2026,2
NÃO PARÇA,CONECTA CARGO,MG,Divinopolis,2026-06-03,2026-06,2026,1
NÃO PARÇA,CONECTA CARGO,MG,Divinopolis,2026-06-08,2026-06,2026,1
NÃO PARÇA,CONECTA CARGO,MG,Divisa Nova,2026-01-26,2026-01,2026,1
NÃO PARÇA,CONECTA CARGO,MG,Dom Cavati,2026-05-29,2026-05,2026,1
NÃO PARÇA,CONECTA CARGO,MG,Dona Euzebia,2026-01-31,2026-01,2026,1
NÃO PARÇA,CONECTA CARGO,MG,Dores do Indaia,2026-03-18,2026-03,2026,1
NÃO PARÇA,CONECTA CARGO,MG,Eloi Mendes,2026-03-25,2026-03,2026,1
NÃO PARÇA,CONECTA CARGO,MG,Engenheiro Caldas,2026-01-09,2026-01,2026,1
NÃO PARÇA,CONECTA CARGO,MG,Engenheiro Caldas,2026-01-27,2026-01,2026,1
NÃO PARÇA,CONECTA CARGO,MG,Engenheiro Navarro,2026-04-21,2026-04,2026,1
NÃO PARÇA,CONECTA CARGO,MG,Entre Folhas,2026-01-28,2026-01,2026,1
NÃO PARÇA,CONECTA CARGO,MG,Entre Rios de Minas,2026-06-17,2026-06,2026,1
NÃO PARÇA,CONECTA CARGO,MG,Estiva,2026-07-14,2026-07,2026,1
NÃO PARÇA,CONECTA CARGO,MG,Extrema,2026-02-04,2026-02,2026,1
NÃO PARÇA,CONECTA CARGO,MG,Extrema,2026-03-04,2026-03,2026,1
NÃO PARÇA,CONECTA CARGO,MG,Extrema,2026-03-06,2026-03,2026,1
NÃO PARÇA,CONECTA CARGO,MG,Extrema,2026-03-19,2026-03,2026,1
NÃO PARÇA,CONECTA CARGO,MG,Extrema,2026-03-23,2026-03,2026,1
NÃO PARÇA,CONECTA CARGO,MG,Extrema,2026-05-07,2026-05,2026,1
NÃO PARÇA,CONECTA CARGO,MG,Extrema,2026-06-10,2026-06,2026,1
NÃO PARÇA,CONECTA CARGO,MG,Extrema,2026-07-17,2026-07,2026,2
NÃO PARÇA,CONECTA CARGO,MG,Fama,2026-02-05,2026-02,2026,1
NÃO PARÇA,CONECTA CARGO,MG,Felicio dos Santos,2026-05-25,2026-05,2026,1
NÃO PARÇA,CONECTA CARGO,MG,Florestal,2026-03-26,2026-03,2026,1
NÃO PARÇA,CONECTA CARGO,MG,Florestal,2026-06-17,2026-06,2026,1
NÃO PARÇA,CONECTA CARGO,MG,Formiga,2026-01-21,2026-01,2026,1
NÃO PARÇA,CONECTA CARGO,MG,Formiga,2026-04-01,2026-04,2026,1
NÃO PARÇA,CONECTA CARGO,MG,Formiga,2026-05-04,2026-05,2026,1
NÃO PARÇA,CONECTA CARGO,MG,Formiga,2026-05-22,2026-05,2026,1
NÃO PARÇA,CONECTA CARGO,MG,Formiga,2026-06-08,2026-06,2026,1
NÃO PARÇA,CONECTA CARGO,MG,Franciscopolis,2026-03-17,2026-03,2026,1
NÃO PARÇA,CONECTA CARGO,MG,Frei Inocencio,2026-02-06,2026-02,2026,1
NÃO PARÇA,CONECTA CARGO,MG,Fruta de Leite,2026-02-11,2026-02,2026,1
NÃO PARÇA,CONECTA CARGO,MG,Galileia,2026-04-29,2026-04,2026,1
NÃO PARÇA,CONECTA CARGO,MG,Governador Valadares,2026-01-27,2026-01,2026,1
NÃO PARÇA,CONECTA CARGO,MG,Governador Valadares,2026-02-02,2026-02,2026,4
NÃO PARÇA,CONECTA CARGO,MG,Governador Valadares,2026-02-09,2026-02,2026,1
NÃO PARÇA,CONECTA CARGO,MG,Governador Valadares,2026-02-18,2026-02,2026,1
NÃO PARÇA,CONECTA CARGO,MG,Governador Valadares,2026-03-05,2026-03,2026,1
NÃO PARÇA,CONECTA CARGO,MG,Governador Valadares,2026-03-12,2026-03,2026,1
NÃO PARÇA,CONECTA CARGO,MG,Governador Valadares,2026-04-07,2026-04,2026,1
NÃO PARÇA,CONECTA CARGO,MG,Governador Valadares,2026-04-09,2026-04,2026,1
NÃO PARÇA,CONECTA CARGO,MG,Governador Valadares,2026-04-22,2026-04,2026,1
NÃO PARÇA,CONECTA CARGO,MG,Governador Valadares,2026-04-28,2026-04,2026,2
NÃO PARÇA,CONECTA CARGO,MG,Governador Valadares,2026-05-05,2026-05,2026,1
NÃO PARÇA,CONECTA CARGO,MG,Governador Valadares,2026-05-15,2026-05,2026,1
NÃO PARÇA,CONECTA CARGO,MG,Governador Valadares,2026-05-28,2026-05,2026,1
NÃO PARÇA,CONECTA CARGO,MG,Governador Valadares,2026-07-17,2026-07,2026,1
NÃO PARÇA,CONECTA CARGO,MG,Governador Valadares,2026-07-22,2026-07,2026,2
NÃO PARÇA,CONECTA CARGO,MG,Grao Mogol,2026-06-15,2026-06,2026,1
NÃO PARÇA,CONECTA CARGO,MG,Guanhaes,2026-01-23,2026-01,2026,1
NÃO PARÇA,CONECTA CARGO,MG,Guape,2026-03-23,2026-03,2026,1
NÃO PARÇA,CONECTA CARGO,MG,Guape,2026-04-24,2026-04,2026,1
NÃO PARÇA,CONECTA CARGO,MG,Guape,2026-05-28,2026-05,2026,1
NÃO PARÇA,CONECTA CARGO,MG,Guape,2026-06-12,2026-06,2026,1
NÃO PARÇA,CONECTA CARGO,MG,Guaraciaba,2026-03-09,2026-03,2026,1
NÃO PARÇA,CONECTA CARGO,MG,Inconfidentes,2026-03-31,2026-03,2026,1
NÃO PARÇA,CONECTA CARGO,MG,Ipatinga,2026-01-08,2026-01,2026,1
NÃO PARÇA,CONECTA CARGO,MG,Ipatinga,2026-02-19,2026-02,2026,1
NÃO PARÇA,CONECTA CARGO,MG,Ipatinga,2026-05-13,2026-05,2026,1
NÃO PARÇA,CONECTA CARGO,MG,Ipatinga,2026-06-04,2026-06,2026,1
NÃO PARÇA,CONECTA CARGO,MG,Ipatinga,2026-07-08,2026-07,2026,1
NÃO PARÇA,CONECTA CARGO,MG,Ipatinga,2026-07-23,2026-07,2026,1
NÃO PARÇA,CONECTA CARGO,MG,Itabira,2026-05-20,2026-05,2026,1
NÃO PARÇA,CONECTA CARGO,MG,Itabira,2026-06-10,2026-06,2026,1
NÃO PARÇA,CONECTA CARGO,MG,Itabirinha,2026-05-20,2026-05,2026,1
NÃO PARÇA,CONECTA CARGO,MG,Itabirito,2026-02-17,2026-02,2026,1
NÃO PARÇA,CONECTA CARGO,MG,Itacambira,2026-03-02,2026-03,2026,1
NÃO PARÇA,CONECTA CARGO,MG,Itaguara,2026-01-16,2026-01,2026,1
NÃO PARÇA,CONECTA CARGO,MG,Itajuba,2026-02-18,2026-02,2026,1
NÃO PARÇA,CONECTA CARGO,MG,Itajuba,2026-04-13,2026-04,2026,1
NÃO PARÇA,CONECTA CARGO,MG,Itamarandiba,2026-01-13,2026-01,2026,1
NÃO PARÇA,CONECTA CARGO,MG,Itamarandiba,2026-02-10,2026-02,2026,1
NÃO PARÇA,CONECTA CARGO,MG,Itamarandiba,2026-03-17,2026-03,2026,1
NÃO PARÇA,CONECTA CARGO,MG,Itambacuri,2026-03-04,2026-03,2026,1
NÃO PARÇA,CONECTA CARGO,MG,Itamonte,2026-02-03,2026-02,2026,1
NÃO PARÇA,CONECTA CARGO,MG,Itamonte,2026-02-11,2026-02,2026,1
NÃO PARÇA,CONECTA CARGO,MG,Itamonte,2026-05-13,2026-05,2026,1
NÃO PARÇA,CONECTA CARGO,MG,Itanhomi,2026-03-16,2026-03,2026,1
NÃO PARÇA,CONECTA CARGO,MG,Itaobim,2026-05-22,2026-05,2026,1
NÃO PARÇA,CONECTA CARGO,MG,Itapecerica,2026-04-28,2026-04,2026,1
NÃO PARÇA,CONECTA CARGO,MG,Itapecerica,2026-06-29,2026-06,2026,1
NÃO PARÇA,CONECTA CARGO,MG,Itatiaiucu,2026-04-13,2026-04,2026,1
NÃO PARÇA,CONECTA CARGO,MG,Itatiaiucu,2026-05-26,2026-05,2026,1
NÃO PARÇA,CONECTA CARGO,MG,Itauna,2026-04-23,2026-04,2026,1
NÃO PARÇA,CONECTA CARGO,MG,Itauna,2026-06-11,2026-06,2026,1
NÃO PARÇA,CONECTA CARGO,MG,Iturama,2026-01-19,2026-01,2026,1
NÃO PARÇA,CONECTA CARGO,MG,Jaboticatubas,2026-03-18,2026-03,2026,1
NÃO PARÇA,CONECTA CARGO,MG,Jaboticatubas,2026-06-01,2026-06,2026,1
NÃO PARÇA,CONECTA CARGO,MG,Jaiba,2026-07-23,2026-07,2026,1
NÃO PARÇA,CONECTA CARGO,MG,Januaria,2026-02-06,2026-02,2026,1
NÃO PARÇA,CONECTA CARGO,MG,Januaria,2026-02-13,2026-02,2026,1
NÃO PARÇA,CONECTA CARGO,MG,Jequeri,2026-03-02,2026-03,2026,1
NÃO PARÇA,CONECTA CARGO,MG,Joao Monlevade,2026-02-14,2026-02,2026,1
NÃO PARÇA,CONECTA CARGO,MG,Joao Monlevade,2026-02-15,2026-02,2026,1
NÃO PARÇA,CONECTA CARGO,MG,Joao Monlevade,2026-05-08,2026-05,2026,1
NÃO PARÇA,CONECTA CARGO,MG,Joao Monlevade,2026-05-14,2026-05,2026,1
NÃO PARÇA,CONECTA CARGO,MG,Joao Pinheiro,2026-01-15,2026-01,2026,1
NÃO PARÇA,CONECTA CARGO,MG,Joao Pinheiro,2026-06-16,2026-06,2026,1
NÃO PARÇA,CONECTA CARGO,MG,Jordania,2026-01-21,2026-01,2026,1
NÃO PARÇA,CONECTA CARGO,MG,Jose Raydan,2026-07-01,2026-07,2026,1
NÃO PARÇA,CONECTA CARGO,MG,Juiz de Fora,2026-01-09,2026-01,2026,1
NÃO PARÇA,CONECTA CARGO,MG,Juiz de Fora,2026-01-10,2026-01,2026,1
NÃO PARÇA,CONECTA CARGO,MG,Juiz de Fora,2026-01-20,2026-01,2026,2
NÃO PARÇA,CONECTA CARGO,MG,Juiz de Fora,2026-02-06,2026-02,2026,1
NÃO PARÇA,CONECTA CARGO,MG,Juiz de Fora,2026-02-09,2026-02,2026,2
NÃO PARÇA,CONECTA CARGO,MG,Juiz de Fora,2026-02-10,2026-02,2026,1
NÃO PARÇA,CONECTA CARGO,MG,Juiz de Fora,2026-02-12,2026-02,2026,1
NÃO PARÇA,CONECTA CARGO,MG,Juiz de Fora,2026-02-13,2026-02,2026,1
NÃO PARÇA,CONECTA CARGO,MG,Juiz de Fora,2026-02-14,2026-02,2026,1
NÃO PARÇA,CONECTA CARGO,MG,Juiz de Fora,2026-02-17,2026-02,2026,2
NÃO PARÇA,CONECTA CARGO,MG,Juiz de Fora,2026-04-10,2026-04,2026,1
NÃO PARÇA,CONECTA CARGO,MG,Juiz de Fora,2026-04-15,2026-04,2026,1
NÃO PARÇA,CONECTA CARGO,MG,Juiz de Fora,2026-05-06,2026-05,2026,1
NÃO PARÇA,CONECTA CARGO,MG,Juiz de Fora,2026-05-07,2026-05,2026,1
NÃO PARÇA,CONECTA CARGO,MG,Juiz de Fora,2026-05-11,2026-05,2026,1
NÃO PARÇA,CONECTA CARGO,MG,Juiz de Fora,2026-05-26,2026-05,2026,1
NÃO PARÇA,CONECTA CARGO,MG,Juiz de Fora,2026-05-27,2026-05,2026,1
NÃO PARÇA,CONECTA CARGO,MG,Juiz de Fora,2026-06-01,2026-06,2026,1
NÃO PARÇA,CONECTA CARGO,MG,Juiz de Fora,2026-06-08,2026-06,2026,1
NÃO PARÇA,CONECTA CARGO,MG,Juiz de Fora,2026-06-15,2026-06,2026,1
NÃO PARÇA,CONECTA CARGO,MG,Juiz de Fora,2026-06-29,2026-06,2026,1
NÃO PARÇA,CONECTA CARGO,MG,Juiz de Fora,2026-06-30,2026-06,2026,1
NÃO PARÇA,CONECTA CARGO,MG,Juiz de Fora,2026-07-14,2026-07,2026,1
NÃO PARÇA,CONECTA CARGO,MG,Juiz de Fora,2026-07-25,2026-07,2026,1
NÃO PARÇA,CONECTA CARGO,MG,Juruaia,2026-01-14,2026-01,2026,1
NÃO PARÇA,CONECTA CARGO,MG,Juvenilia,2026-03-27,2026-03,2026,1
NÃO PARÇA,CONECTA CARGO,MG,Ladainha,2026-03-13,2026-03,2026,1
NÃO PARÇA,CONECTA CARGO,MG,Ladainha,2026-04-21,2026-04,2026,1
NÃO PARÇA,CONECTA CARGO,MG,Lambari,2026-01-13,2026-01,2026,1
NÃO PARÇA,CONECTA CARGO,MG,Lavras,2026-07-09,2026-07,2026,2
NÃO PARÇA,CONECTA CARGO,MG,Leopoldina,2026-05-25,2026-05,2026,1
NÃO PARÇA,CONECTA CARGO,MG,Limeira do Oeste,2026-03-16,2026-03,2026,1
NÃO PARÇA,CONECTA CARGO,MG,Luz,2026-06-19,2026-06,2026,1
NÃO PARÇA,CONECTA CARGO,MG,Mamonas,2026-04-02,2026-04,2026,1
NÃO PARÇA,CONECTA CARGO,MG,Mamonas,2026-06-18,2026-06,2026,1
NÃO PARÇA,CONECTA CARGO,MG,Manhuacu,2026-01-07,2026-01,2026,1
NÃO PARÇA,CONECTA CARGO,MG,Manhuacu,2026-03-16,2026-03,2026,1
NÃO PARÇA,CONECTA CARGO,MG,Manhuacu,2026-05-15,2026-05,2026,1
NÃO PARÇA,CONECTA CARGO,MG,Manhuacu,2026-06-10,2026-06,2026,1
NÃO PARÇA,CONECTA CARGO,MG,Mantena,2026-02-24,2026-02,2026,1
NÃO PARÇA,CONECTA CARGO,MG,Mantena,2026-06-18,2026-06,2026,1
NÃO PARÇA,CONECTA CARGO,MG,Mantena,2026-07-23,2026-07,2026,1
NÃO PARÇA,CONECTA CARGO,MG,Mar de Espanha,2026-01-30,2026-01,2026,1
NÃO PARÇA,CONECTA CARGO,MG,Mar de Espanha,2026-07-07,2026-07,2026,1
NÃO PARÇA,CONECTA CARGO,MG,Maravilhas,2026-05-15,2026-05,2026,1
NÃO PARÇA,CONECTA CARGO,MG,Mariana,2026-03-18,2026-03,2026,1
NÃO PARÇA,CONECTA CARGO,MG,Mariana,2026-06-24,2026-06,2026,1
NÃO PARÇA,CONECTA CARGO,MG,Marilac,2026-02-06,2026-02,2026,1
NÃO PARÇA,CONECTA CARGO,MG,Mario Campos,2026-01-09,2026-01,2026,1
NÃO PARÇA,CONECTA CARGO,MG,Mario Campos,2026-01-14,2026-01,2026,1
NÃO PARÇA,CONECTA CARGO,MG,Mario Campos,2026-03-21,2026-03,2026,1
NÃO PARÇA,CONECTA CARGO,MG,Mario Campos,2026-04-30,2026-04,2026,1
NÃO PARÇA,CONECTA CARGO,MG,Mario Campos,2026-05-22,2026-05,2026,2
NÃO PARÇA,CONECTA CARGO,MG,Mario Campos,2026-06-30,2026-06,2026,1
NÃO PARÇA,CONECTA CARGO,MG,Mata Verde,2026-03-31,2026-03,2026,1
NÃO PARÇA,CONECTA CARGO,MG,Mateus Leme,2026-03-16,2026-03,2026,1
NÃO PARÇA,CONECTA CARGO,MG,Mateus Leme,2026-06-01,2026-06,2026,1
NÃO PARÇA,CONECTA CARGO,MG,Mateus Leme,2026-06-17,2026-06,2026,1
NÃO PARÇA,CONECTA CARGO,MG,Mateus Leme,2026-06-18,2026-06,2026,1
NÃO PARÇA,CONECTA CARGO,MG,Mateus Leme,2026-07-01,2026-07,2026,1
NÃO PARÇA,CONECTA CARGO,MG,Mateus Leme,2026-07-10,2026-07,2026,1
NÃO PARÇA,CONECTA CARGO,MG,Mathias Lobato,2026-02-04,2026-02,2026,1
NÃO PARÇA,CONECTA CARGO,MG,Matias Barbosa,2026-06-20,2026-06,2026,1
NÃO PARÇA,CONECTA CARGO,MG,Matias Cardoso,2026-04-17,2026-04,2026,1
NÃO PARÇA,CONECTA CARGO,MG,Medina,2026-03-09,2026-03,2026,1
NÃO PARÇA,CONECTA CARGO,MG,Medina,2026-03-20,2026-03,2026,1
NÃO PARÇA,CONECTA CARGO,MG,Medina,2026-05-09,2026-05,2026,1
NÃO PARÇA,CONECTA CARGO,MG,Medina,2026-06-10,2026-06,2026,1
NÃO PARÇA,CONECTA CARGO,MG,Mendes Pimentel,2026-06-30,2026-06,2026,1
NÃO PARÇA,CONECTA CARGO,MG,Moema,2026-03-30,2026-03,2026,1
NÃO PARÇA,CONECTA CARGO,MG,Monte Siao,2026-02-19,2026-02,2026,1
NÃO PARÇA,CONECTA CARGO,MG,Muriae,2026-01-29,2026-01,2026,1
NÃO PARÇA,CONECTA CARGO,MG,Muriae,2026-04-13,2026-04,2026,1
NÃO PARÇA,CONECTA CARGO,MG,Muriae,2026-06-28,2026-06,2026,1
NÃO PARÇA,CONECTA CARGO,MG,Muriae,2026-07-08,2026-07,2026,1
NÃO PARÇA,CONECTA CARGO,MG,Muriae,2026-07-24,2026-07,2026,1
NÃO PARÇA,CONECTA CARGO,MG,Mutum,2026-06-25,2026-06,2026,1
NÃO PARÇA,CONECTA CARGO,MG,Muzambinho,2026-02-02,2026-02,2026,1
NÃO PARÇA,CONECTA CARGO,MG,Nanuque,2026-04-06,2026-04,2026,1
NÃO PARÇA,CONECTA CARGO,MG,Nazareno,2026-03-16,2026-03,2026,1
NÃO PARÇA,CONECTA CARGO,MG,Nova Serrana,2026-06-08,2026-06,2026,1
NÃO PARÇA,CONECTA CARGO,MG,Novo Cruzeiro,2026-05-15,2026-05,2026,1
NÃO PARÇA,CONECTA CARGO,MG,Oliveira,2026-04-13,2026-04,2026,1
NÃO PARÇA,CONECTA CARGO,MG,Oliveira,2026-04-17,2026-04,2026,1
NÃO PARÇA,CONECTA CARGO,MG,Ouro Preto,2026-01-16,2026-01,2026,1
NÃO PARÇA,CONECTA CARGO,MG,Ouro Preto,2026-01-26,2026-01,2026,1
NÃO PARÇA,CONECTA CARGO,MG,Ouro Preto,2026-03-30,2026-03,2026,1
NÃO PARÇA,CONECTA CARGO,MG,Ouro Preto,2026-06-30,2026-06,2026,2
NÃO PARÇA,CONECTA CARGO,MG,Paiva,2026-01-03,2026-01,2026,1
NÃO PARÇA,CONECTA CARGO,MG,Para de Minas,2026-01-28,2026-01,2026,1
NÃO PARÇA,CONECTA CARGO,MG,Para de Minas,2026-02-26,2026-02,2026,1
NÃO PARÇA,CONECTA CARGO,MG,Para de Minas,2026-06-22,2026-06,2026,1
NÃO PARÇA,CONECTA CARGO,MG,Paracatu,2026-01-12,2026-01,2026,1
NÃO PARÇA,CONECTA CARGO,MG,Paracatu,2026-03-12,2026-03,2026,2
NÃO PARÇA,CONECTA CARGO,MG,Paracatu,2026-06-16,2026-06,2026,1
NÃO PARÇA,CONECTA CARGO,MG,Paraisopolis,2026-01-08,2026-01,2026,1
NÃO PARÇA,CONECTA CARGO,MG,Paraopeba,2026-01-20,2026-01,2026,1
NÃO PARÇA,CONECTA CARGO,MG,Paraopeba,2026-03-27,2026-03,2026,1
NÃO PARÇA,CONECTA CARGO,MG,Paraopeba,2026-05-18,2026-05,2026,1
NÃO PARÇA,CONECTA CARGO,MG,Passabem,2026-03-16,2026-03,2026,1
NÃO PARÇA,CONECTA CARGO,MG,Passos,2026-01-22,2026-01,2026,1
NÃO PARÇA,CONECTA CARGO,MG,Passos,2026-02-06,2026-02,2026,1
NÃO PARÇA,CONECTA CARGO,MG,Passos,2026-06-19,2026-06,2026,1
NÃO PARÇA,CONECTA CARGO,MG,Pedralva,2026-03-20,2026-03,2026,1
NÃO PARÇA,CONECTA CARGO,MG,Perdizes,2026-02-24,2026-02,2026,1
NÃO PARÇA,CONECTA CARGO,MG,Perdizes,2026-05-20,2026-05,2026,1
NÃO PARÇA,CONECTA CARGO,MG,Piranga,2026-01-21,2026-01,2026,1
NÃO PARÇA,CONECTA CARGO,MG,Piranga,2026-03-23,2026-03,2026,1
NÃO PARÇA,CONECTA CARGO,MG,Piranga,2026-07-13,2026-07,2026,1
NÃO PARÇA,CONECTA CARGO,MG,Pirapora,2026-03-09,2026-03,2026,1
NÃO PARÇA,CONECTA CARGO,MG,Pirapora,2026-04-08,2026-04,2026,1
NÃO PARÇA,CONECTA CARGO,MG,Pirapora,2026-05-26,2026-05,2026,1
NÃO PARÇA,CONECTA CARGO,MG,Pirapora,2026-06-09,2026-06,2026,1
NÃO PARÇA,CONECTA CARGO,MG,Pirapora,2026-07-09,2026-07,2026,1
NÃO PARÇA,CONECTA CARGO,MG,Pirapora,2026-07-13,2026-07,2026,1
NÃO PARÇA,CONECTA CARGO,MG,Planura,2026-01-29,2026-01,2026,1
NÃO PARÇA,CONECTA CARGO,MG,Pocos de Caldas,2026-01-06,2026-01,2026,1
NÃO PARÇA,CONECTA CARGO,MG,Pocos de Caldas,2026-02-09,2026-02,2026,1
NÃO PARÇA,CONECTA CARGO,MG,Ponte Nova,2026-01-29,2026-01,2026,1
NÃO PARÇA,CONECTA CARGO,MG,Ponto dos Volantes,2026-01-15,2026-01,2026,1
NÃO PARÇA,CONECTA CARGO,MG,Porto Firme,2026-02-13,2026-02,2026,1
NÃO PARÇA,CONECTA CARGO,MG,Porto Firme,2026-04-15,2026-04,2026,1
NÃO PARÇA,CONECTA CARGO,MG,Pote,2026-05-19,2026-05,2026,1
NÃO PARÇA,CONECTA CARGO,MG,Pouso Alegre,2026-01-12,2026-01,2026,2
NÃO PARÇA,CONECTA CARGO,MG,Pouso Alegre,2026-01-21,2026-01,2026,1
NÃO PARÇA,CONECTA CARGO,MG,Pouso Alegre,2026-01-28,2026-01,2026,1
NÃO PARÇA,CONECTA CARGO,MG,Pouso Alegre,2026-02-05,2026-02,2026,1
NÃO PARÇA,CONECTA CARGO,MG,Pouso Alegre,2026-02-18,2026-02,2026,1
NÃO PARÇA,CONECTA CARGO,MG,Pratapolis,2026-02-24,2026-02,2026,1
NÃO PARÇA,CONECTA CARGO,MG,Presidente Bernardes,2026-03-27,2026-03,2026,1
NÃO PARÇA,CONECTA CARGO,MG,Presidente Olegario,2026-05-13,2026-05,2026,1
NÃO PARÇA,CONECTA CARGO,MG,Queluzito,2026-02-06,2026-02,2026,1
NÃO PARÇA,CONECTA CARGO,MG,Raul Soares,2026-04-23,2026-04,2026,2
NÃO PARÇA,CONECTA CARGO,MG,Resende Costa,2026-05-11,2026-05,2026,1
NÃO PARÇA,CONECTA CARGO,MG,Resende Costa,2026-06-05,2026-06,2026,1
NÃO PARÇA,CONECTA CARGO,MG,Rio Pardo de Minas,2026-02-19,2026-02,2026,1
NÃO PARÇA,CONECTA CARGO,MG,Rio Piracicaba,2026-05-14,2026-05,2026,1
NÃO PARÇA,CONECTA CARGO,MG,Rio Pomba,2026-05-15,2026-05,2026,1
NÃO PARÇA,CONECTA CARGO,MG,Rio Vermelho,2026-01-08,2026-01,2026,1
NÃO PARÇA,CONECTA CARGO,MG,Rodeiro,2026-06-13,2026-06,2026,1
NÃO PARÇA,CONECTA CARGO,MG,Sabinopolis,2026-05-29,2026-05,2026,1
NÃO PARÇA,CONECTA CARGO,MG,Sabinopolis,2026-07-27,2026-07,2026,1
NÃO PARÇA,CONECTA CARGO,MG,Santa Barbara do Tugurio,2026-06-24,2026-06,2026,1
NÃO PARÇA,CONECTA CARGO,MG,Santa Margarida,2026-01-07,2026-01,2026,1
NÃO PARÇA,CONECTA CARGO,MG,Santa Margarida,2026-03-13,2026-03,2026,1
NÃO PARÇA,CONECTA CARGO,MG,Santa Maria do Suacui,2026-03-20,2026-03,2026,1
NÃO PARÇA,CONECTA CARGO,MG,Santa Maria do Suacui,2026-06-18,2026-06,2026,1
NÃO PARÇA,CONECTA CARGO,MG,Santa Rita de Jacutinga,2026-03-02,2026-03,2026,1
NÃO PARÇA,CONECTA CARGO,MG,Santa Rita do Sapucai,2026-04-27,2026-04,2026,1
NÃO PARÇA,CONECTA CARGO,MG,Santa Vitoria,2026-02-26,2026-02,2026,1
NÃO PARÇA,CONECTA CARGO,MG,Santa Vitoria,2026-04-24,2026-04,2026,1
NÃO PARÇA,CONECTA CARGO,MG,Santa Vitoria,2026-06-30,2026-06,2026,1
NÃO PARÇA,CONECTA CARGO,MG,Santana do Jacare,2026-06-24,2026-06,2026,1
NÃO PARÇA,CONECTA CARGO,MG,Santana do Paraiso,2026-01-13,2026-01,2026,1
NÃO PARÇA,CONECTA CARGO,MG,Santana do Paraiso,2026-03-16,2026-03,2026,1
NÃO PARÇA,CONECTA CARGO,MG,Santana do Paraiso,2026-03-23,2026-03,2026,1
NÃO PARÇA,CONECTA CARGO,MG,Santana do Riacho,2026-01-23,2026-01,2026,1
NÃO PARÇA,CONECTA CARGO,MG,Santo Antonio do Aventureiro,2026-05-20,2026-05,2026,1
NÃO PARÇA,CONECTA CARGO,MG,Santo Antonio do Monte,2026-05-14,2026-05,2026,1
NÃO PARÇA,CONECTA CARGO,MG,Santos Dumont,2026-01-21,2026-01,2026,1
NÃO PARÇA,CONECTA CARGO,MG,Santos Dumont,2026-05-15,2026-05,2026,1
NÃO PARÇA,CONECTA CARGO,MG,Santos Dumont,2026-07-22,2026-07,2026,1
NÃO PARÇA,CONECTA CARGO,MG,Sao Domingos do Prata,2026-04-23,2026-04,2026,1
NÃO PARÇA,CONECTA CARGO,MG,Sao Francisco,2026-03-18,2026-03,2026,1
NÃO PARÇA,CONECTA CARGO,MG,Sao Geraldo,2026-02-27,2026-02,2026,1
NÃO PARÇA,CONECTA CARGO,MG,Sao Geraldo da Piedade,2026-02-23,2026-02,2026,1
NÃO PARÇA,CONECTA CARGO,MG,Sao Goncalo do Abaete,2026-07-08,2026-07,2026,1
NÃO PARÇA,CONECTA CARGO,MG,Sao Joao Del Rei,2026-02-16,2026-02,2026,1
NÃO PARÇA,CONECTA CARGO,MG,Sao Joao Del Rei,2026-03-19,2026-03,2026,1
NÃO PARÇA,CONECTA CARGO,MG,Sao Joao Del Rei,2026-03-25,2026-03,2026,1
NÃO PARÇA,CONECTA CARGO,MG,Sao Joao Del Rei,2026-06-08,2026-06,2026,1
NÃO PARÇA,CONECTA CARGO,MG,Sao Joao da Ponte,2026-01-09,2026-01,2026,1
NÃO PARÇA,CONECTA CARGO,MG,Sao Joao das Missoes,2026-03-05,2026-03,2026,1
NÃO PARÇA,CONECTA CARGO,MG,Sao Joao do Oriente,2026-01-13,2026-01,2026,1
NÃO PARÇA,CONECTA CARGO,MG,Sao Joao do Paraiso,2026-01-22,2026-01,2026,1
NÃO PARÇA,CONECTA CARGO,MG,Sao Jose do Alegre,2026-04-08,2026-04,2026,1
NÃO PARÇA,CONECTA CARGO,MG,Sao Lourenco,2026-01-12,2026-01,2026,1
NÃO PARÇA,CONECTA CARGO,MG,Sao Pedro da Uniao,2026-01-05,2026-01,2026,1
NÃO PARÇA,CONECTA CARGO,MG,Sao Pedro da Uniao,2026-03-02,2026-03,2026,1
NÃO PARÇA,CONECTA CARGO,MG,Sao Pedro do Suacui,2026-07-17,2026-07,2026,1
NÃO PARÇA,CONECTA CARGO,MG,Sao Sebastiao do Anta,2026-05-18,2026-05,2026,1
NÃO PARÇA,CONECTA CARGO,MG,Sao Sebastiao do Anta,2026-07-06,2026-07,2026,1
NÃO PARÇA,CONECTA CARGO,MG,Sao Sebastiao do Anta,2026-07-21,2026-07,2026,1
NÃO PARÇA,CONECTA CARGO,MG,Sao Sebastiao do Paraiso,2026-02-24,2026-02,2026,1
NÃO PARÇA,CONECTA CARGO,MG,Sao Sebastiao do Paraiso,2026-04-08,2026-04,2026,1
NÃO PARÇA,CONECTA CARGO,MG,Sao Sebastiao do Paraiso,2026-05-20,2026-05,2026,1
NÃO PARÇA,CONECTA CARGO,MG,Sao Vicente de Minas,2026-06-29,2026-06,2026,1
NÃO PARÇA,CONECTA CARGO,MG,Senador Amaral,2026-07-13,2026-07,2026,1
NÃO PARÇA,CONECTA CARGO,MG,Serro,2026-03-24,2026-03,2026,1
NÃO PARÇA,CONECTA CARGO,MG,Setubinha,2026-03-26,2026-03,2026,1
NÃO PARÇA,CONECTA CARGO,MG,Tabuleiro,2026-07-11,2026-07,2026,1
NÃO PARÇA,CONECTA CARGO,MG,Taquaracu de Minas,2026-07-14,2026-07,2026,1
NÃO PARÇA,CONECTA CARGO,MG,Tarumirim,2026-04-16,2026-04,2026,1
NÃO PARÇA,CONECTA CARGO,MG,Teixeiras,2026-02-16,2026-02,2026,1
NÃO PARÇA,CONECTA CARGO,MG,Teofilo Otoni,2026-03-06,2026-03,2026,1
NÃO PARÇA,CONECTA CARGO,MG,Teofilo Otoni,2026-04-08,2026-04,2026,2
NÃO PARÇA,CONECTA CARGO,MG,Teofilo Otoni,2026-04-20,2026-04,2026,1
NÃO PARÇA,CONECTA CARGO,MG,Teofilo Otoni,2026-05-18,2026-05,2026,1
NÃO PARÇA,CONECTA CARGO,MG,Timoteo,2026-01-19,2026-01,2026,1
NÃO PARÇA,CONECTA CARGO,MG,Timoteo,2026-01-27,2026-01,2026,1
NÃO PARÇA,CONECTA CARGO,MG,Timoteo,2026-04-01,2026-04,2026,1
NÃO PARÇA,CONECTA CARGO,MG,Timoteo,2026-05-28,2026-05,2026,1
NÃO PARÇA,CONECTA CARGO,MG,Timoteo,2026-07-06,2026-07,2026,1
NÃO PARÇA,CONECTA CARGO,MG,Tiradentes,2026-02-18,2026-02,2026,1
NÃO PARÇA,CONECTA CARGO,MG,Tiradentes,2026-03-13,2026-03,2026,1
NÃO PARÇA,CONECTA CARGO,MG,Tiradentes,2026-04-27,2026-04,2026,1
NÃO PARÇA,CONECTA CARGO,MG,Tiros,2026-04-09,2026-04,2026,1
NÃO PARÇA,CONECTA CARGO,MG,Toledo,2026-07-03,2026-07,2026,1
NÃO PARÇA,CONECTA CARGO,MG,Tres Coracoes,2026-01-13,2026-01,2026,1
NÃO PARÇA,CONECTA CARGO,MG,Tres Coracoes,2026-03-06,2026-03,2026,1
NÃO PARÇA,CONECTA CARGO,MG,Tres Marias,2026-01-30,2026-01,2026,1
NÃO PARÇA,CONECTA CARGO,MG,Tres Marias,2026-07-23,2026-07,2026,1
NÃO PARÇA,CONECTA CARGO,MG,Tres Pontas,2026-01-07,2026-01,2026,1
NÃO PARÇA,CONECTA CARGO,MG,Tumiritinga,2026-02-19,2026-02,2026,1
NÃO PARÇA,CONECTA CARGO,MG,Turmalina,2026-03-09,2026-03,2026,1
NÃO PARÇA,CONECTA CARGO,MG,Turmalina,2026-05-11,2026-05,2026,1
NÃO PARÇA,CONECTA CARGO,MG,Uba,2026-01-24,2026-01,2026,1
NÃO PARÇA,CONECTA CARGO,MG,Uba,2026-01-31,2026-01,2026,1
NÃO PARÇA,CONECTA CARGO,MG,Uba,2026-06-29,2026-06,2026,1
NÃO PARÇA,CONECTA CARGO,MG,Uberlandia,2026-04-24,2026-04,2026,1
NÃO PARÇA,CONECTA CARGO,MG,Unai,2026-04-14,2026-04,2026,1
NÃO PARÇA,CONECTA CARGO,MG,Uniao de Minas,2026-03-27,2026-03,2026,1
NÃO PARÇA,CONECTA CARGO,MG,Urucania,2026-04-24,2026-04,2026,1
NÃO PARÇA,CONECTA CARGO,MG,Urucania,2026-06-10,2026-06,2026,1
NÃO PARÇA,CONECTA CARGO,MG,Vargem Alegre,2026-06-11,2026-06,2026,1
NÃO PARÇA,CONECTA CARGO,MG,Varginha,2026-02-02,2026-02,2026,1
NÃO PARÇA,CONECTA CARGO,MG,Varginha,2026-02-19,2026-02,2026,1
NÃO PARÇA,CONECTA CARGO,MG,Vazante,2026-01-15,2026-01,2026,1
NÃO PARÇA,CONECTA CARGO,MG,Virginopolis,2026-03-13,2026-03,2026,1
NÃO PARÇA,CONECTA CARGO,MG,Virginopolis,2026-05-06,2026-05,2026,1
NÃO PARÇA,CONECTA CARGO,MG,Virginopolis,2026-07-20,2026-07,2026,1
NÃO PARÇA,CONECTA CARGO,MG,Visconde do Rio Branco,2026-05-05,2026-05,2026,1
NÃO PARÇA,CONECTA CARGO,MG,aguas Formosas,2026-05-18,2026-05,2026,1
NÃO PARÇA,CONECTA CARGO,MG,aguas Formosas,2026-05-26,2026-05,2026,1
NÃO PARÇA,CONECTA CARGO,MG,aguas Vermelhas,2026-01-05,2026-01,2026,1
NÃO PARÇA,CONECTA CARGO,MG,aguas Vermelhas,2026-06-01,2026-06,2026,1
NÃO PARÇA,CONECTA CARGO,RJ,Aperibe,2026-02-09,2026-02,2026,1
NÃO PARÇA,CONECTA CARGO,RJ,Aperibe,2026-05-15,2026-05,2026,1
NÃO PARÇA,CONECTA CARGO,RJ,Aperibe,2026-06-01,2026-06,2026,1
NÃO PARÇA,CONECTA CARGO,RJ,Bom Jesus do Itabapoana,2026-04-07,2026-04,2026,1
NÃO PARÇA,CONECTA CARGO,RJ,Cambuci,2026-07-23,2026-07,2026,1
NÃO PARÇA,CONECTA CARGO,RJ,Cantagalo,2026-02-06,2026-02,2026,1
NÃO PARÇA,CONECTA CARGO,RJ,Cardoso Moreira,2026-04-22,2026-04,2026,1
NÃO PARÇA,CONECTA CARGO,RJ,Conceicao de Macabu,2026-02-13,2026-02,2026,1
NÃO PARÇA,CONECTA CARGO,RJ,Itaocara,2026-01-13,2026-01,2026,1
NÃO PARÇA,CONECTA CARGO,RJ,Itaocara,2026-07-21,2026-07,2026,1
NÃO PARÇA,CONECTA CARGO,RJ,Quissama,2026-01-13,2026-01,2026,1
NÃO PARÇA,CONECTA CARGO,RJ,Quissama,2026-05-19,2026-05,2026,1
NÃO PARÇA,CONECTA CARGO,RJ,Santo Antonio de Padua,2026-01-14,2026-01,2026,1
NÃO PARÇA,CONECTA CARGO,RJ,Sao Francisco de Itabapoana,2026-07-20,2026-07,2026,1
NÃO PARÇA,CONECTA CARGO,RJ,Trajano de Moraes,2026-01-08,2026-01,2026,1
NÃO PARÇA,CONECTA CARGO,RJ,Trajano de Moraes,2026-02-23,2026-02,2026,1
NÃO PARÇA,CONECTA CARGO,SC,Agronomica,2026-06-11,2026-06,2026,1
NÃO PARÇA,CONECTA CARGO,SC,Araquari,2026-01-01,2026-01,2026,1
NÃO PARÇA,CONECTA CARGO,SC,Araquari,2026-03-19,2026-03,2026,1
NÃO PARÇA,CONECTA CARGO,SC,Araquari,2026-04-02,2026-04,2026,1
NÃO PARÇA,CONECTA CARGO,SC,Araquari,2026-05-06,2026-05,2026,1
NÃO PARÇA,CONECTA CARGO,SC,Ararangua,2026-01-06,2026-01,2026,1
NÃO PARÇA,CONECTA CARGO,SC,Ararangua,2026-03-04,2026-03,2026,1
NÃO PARÇA,CONECTA CARGO,SC,Ararangua,2026-03-13,2026-03,2026,1
NÃO PARÇA,CONECTA CARGO,SC,Ararangua,2026-04-22,2026-04,2026,1
NÃO PARÇA,CONECTA CARGO,SC,Ararangua,2026-05-15,2026-05,2026,1
NÃO PARÇA,CONECTA CARGO,SC,Ararangua,2026-05-20,2026-05,2026,1
NÃO PARÇA,CONECTA CARGO,SC,Ararangua,2026-06-25,2026-06,2026,1
NÃO PARÇA,CONECTA CARGO,SC,Ararangua,2026-06-30,2026-06,2026,1
NÃO PARÇA,CONECTA CARGO,SC,Ararangua,2026-07-07,2026-07,2026,1
NÃO PARÇA,CONECTA CARGO,SC,Balneario Arroio do Silva,2026-01-14,2026-01,2026,1
NÃO PARÇA,CONECTA CARGO,SC,Balneario Barra do Sul,2026-07-15,2026-07,2026,1
NÃO PARÇA,CONECTA CARGO,SC,Balneario Camboriu,2026-02-13,2026-02,2026,1
NÃO PARÇA,CONECTA CARGO,SC,Balneario Camboriu,2026-02-23,2026-02,2026,1
NÃO PARÇA,CONECTA CARGO,SC,Balneario Camboriu,2026-02-24,2026-02,2026,1
NÃO PARÇA,CONECTA CARGO,SC,Balneario Camboriu,2026-02-25,2026-02,2026,1
NÃO PARÇA,CONECTA CARGO,SC,Balneario Camboriu,2026-03-05,2026-03,2026,1
NÃO PARÇA,CONECTA CARGO,SC,Balneario Gaivota,2026-04-01,2026-04,2026,1
NÃO PARÇA,CONECTA CARGO,SC,Balneario Gaivota,2026-05-06,2026-05,2026,1
NÃO PARÇA,CONECTA CARGO,SC,Balneario Picarras,2026-02-26,2026-02,2026,2
NÃO PARÇA,CONECTA CARGO,SC,Balneario Picarras,2026-04-07,2026-04,2026,1
NÃO PARÇA,CONECTA CARGO,SC,Balneario Picarras,2026-04-16,2026-04,2026,1
NÃO PARÇA,CONECTA CARGO,SC,Balneario Picarras,2026-07-17,2026-07,2026,1
NÃO PARÇA,CONECTA CARGO,SC,Balneario Rincao,2026-05-19,2026-05,2026,1
NÃO PARÇA,CONECTA CARGO,SC,Barra Velha,2026-01-09,2026-01,2026,1
NÃO PARÇA,CONECTA CARGO,SC,Bela Vista do Toldo,2026-03-05,2026-03,2026,1
NÃO PARÇA,CONECTA CARGO,SC,Biguacu,2026-01-09,2026-01,2026,2
NÃO PARÇA,CONECTA CARGO,SC,Biguacu,2026-02-16,2026-02,2026,1
NÃO PARÇA,CONECTA CARGO,SC,Biguacu,2026-03-06,2026-03,2026,1
NÃO PARÇA,CONECTA CARGO,SC,Biguacu,2026-03-24,2026-03,2026,2
NÃO PARÇA,CONECTA CARGO,SC,Biguacu,2026-04-10,2026-04,2026,1
NÃO PARÇA,CONECTA CARGO,SC,Biguacu,2026-04-13,2026-04,2026,1
NÃO PARÇA,CONECTA CARGO,SC,Biguacu,2026-05-28,2026-05,2026,1
NÃO PARÇA,CONECTA CARGO,SC,Biguacu,2026-06-09,2026-06,2026,1
NÃO PARÇA,CONECTA CARGO,SC,Biguacu,2026-06-15,2026-06,2026,1
NÃO PARÇA,CONECTA CARGO,SC,Biguacu,2026-06-19,2026-06,2026,2
NÃO PARÇA,CONECTA CARGO,SC,Blumenau,2026-01-03,2026-01,2026,1
NÃO PARÇA,CONECTA CARGO,SC,Blumenau,2026-03-02,2026-03,2026,1
NÃO PARÇA,CONECTA CARGO,SC,Blumenau,2026-03-03,2026-03,2026,1
NÃO PARÇA,CONECTA CARGO,SC,Blumenau,2026-03-04,2026-03,2026,1
NÃO PARÇA,CONECTA CARGO,SC,Blumenau,2026-03-23,2026-03,2026,1
NÃO PARÇA,CONECTA CARGO,SC,Blumenau,2026-03-30,2026-03,2026,1
NÃO PARÇA,CONECTA CARGO,SC,Blumenau,2026-04-06,2026-04,2026,1
NÃO PARÇA,CONECTA CARGO,SC,Blumenau,2026-04-13,2026-04,2026,1
NÃO PARÇA,CONECTA CARGO,SC,Blumenau,2026-05-14,2026-05,2026,1
NÃO PARÇA,CONECTA CARGO,SC,Blumenau,2026-05-15,2026-05,2026,3
NÃO PARÇA,CONECTA CARGO,SC,Blumenau,2026-05-19,2026-05,2026,1
NÃO PARÇA,CONECTA CARGO,SC,Blumenau,2026-05-26,2026-05,2026,1
NÃO PARÇA,CONECTA CARGO,SC,Blumenau,2026-06-01,2026-06,2026,1
NÃO PARÇA,CONECTA CARGO,SC,Blumenau,2026-06-08,2026-06,2026,1
NÃO PARÇA,CONECTA CARGO,SC,Blumenau,2026-06-12,2026-06,2026,1
NÃO PARÇA,CONECTA CARGO,SC,Blumenau,2026-06-24,2026-06,2026,1
NÃO PARÇA,CONECTA CARGO,SC,Blumenau,2026-06-26,2026-06,2026,2
NÃO PARÇA,CONECTA CARGO,SC,Blumenau,2026-06-30,2026-06,2026,2
NÃO PARÇA,CONECTA CARGO,SC,Blumenau,2026-07-02,2026-07,2026,1
NÃO PARÇA,CONECTA CARGO,SC,Blumenau,2026-07-09,2026-07,2026,2
NÃO PARÇA,CONECTA CARGO,SC,Blumenau,2026-07-10,2026-07,2026,1
NÃO PARÇA,CONECTA CARGO,SC,Blumenau,2026-07-14,2026-07,2026,2
NÃO PARÇA,CONECTA CARGO,SC,Blumenau,2026-07-16,2026-07,2026,1
NÃO PARÇA,CONECTA CARGO,SC,Blumenau,2026-07-21,2026-07,2026,1
NÃO PARÇA,CONECTA CARGO,SC,Blumenau,2026-07-27,2026-07,2026,1
NÃO PARÇA,CONECTA CARGO,SC,Bom Retiro,2026-03-21,2026-03,2026,1
NÃO PARÇA,CONECTA CARGO,SC,Bombinhas,2026-05-19,2026-05,2026,1
NÃO PARÇA,CONECTA CARGO,SC,Bombinhas,2026-07-09,2026-07,2026,1
NÃO PARÇA,CONECTA CARGO,SC,Bombinhas,2026-07-16,2026-07,2026,2
NÃO PARÇA,CONECTA CARGO,SC,Botuvera,2026-03-11,2026-03,2026,1
NÃO PARÇA,CONECTA CARGO,SC,Braco do Trombudo,2026-04-14,2026-04,2026,1
NÃO PARÇA,CONECTA CARGO,SC,Brusque,2026-02-27,2026-02,2026,2
NÃO PARÇA,CONECTA CARGO,SC,Brusque,2026-03-04,2026-03,2026,2
NÃO PARÇA,CONECTA CARGO,SC,Brusque,2026-03-09,2026-03,2026,1
NÃO PARÇA,CONECTA CARGO,SC,Brusque,2026-03-25,2026-03,2026,1
NÃO PARÇA,CONECTA CARGO,SC,Brusque,2026-03-27,2026-03,2026,2
NÃO PARÇA,CONECTA CARGO,SC,Brusque,2026-04-14,2026-04,2026,2
NÃO PARÇA,CONECTA CARGO,SC,Brusque,2026-04-24,2026-04,2026,1
NÃO PARÇA,CONECTA CARGO,SC,Brusque,2026-05-05,2026-05,2026,1
NÃO PARÇA,CONECTA CARGO,SC,Brusque,2026-05-06,2026-05,2026,1
NÃO PARÇA,CONECTA CARGO,SC,Brusque,2026-05-13,2026-05,2026,1
NÃO PARÇA,CONECTA CARGO,SC,Brusque,2026-05-19,2026-05,2026,1
NÃO PARÇA,CONECTA CARGO,SC,Brusque,2026-06-05,2026-06,2026,1
NÃO PARÇA,CONECTA CARGO,SC,Brusque,2026-06-08,2026-06,2026,1
NÃO PARÇA,CONECTA CARGO,SC,Brusque,2026-06-09,2026-06,2026,1
NÃO PARÇA,CONECTA CARGO,SC,Brusque,2026-06-18,2026-06,2026,1
NÃO PARÇA,CONECTA CARGO,SC,Brusque,2026-06-22,2026-06,2026,1
NÃO PARÇA,CONECTA CARGO,SC,Brusque,2026-06-24,2026-06,2026,1
NÃO PARÇA,CONECTA CARGO,SC,Brusque,2026-06-26,2026-06,2026,1
NÃO PARÇA,CONECTA CARGO,SC,Brusque,2026-06-30,2026-06,2026,3
NÃO PARÇA,CONECTA CARGO,SC,Brusque,2026-07-16,2026-07,2026,1
NÃO PARÇA,CONECTA CARGO,SC,Cacador,2026-01-06,2026-01,2026,1
NÃO PARÇA,CONECTA CARGO,SC,Cacador,2026-01-22,2026-01,2026,1
NÃO PARÇA,CONECTA CARGO,SC,Cacador,2026-01-30,2026-01,2026,1
NÃO PARÇA,CONECTA CARGO,SC,Cacador,2026-06-02,2026-06,2026,1
NÃO PARÇA,CONECTA CARGO,SC,Camboriu,2026-03-03,2026-03,2026,1
NÃO PARÇA,CONECTA CARGO,SC,Campos Novos,2026-01-10,2026-01,2026,1
NÃO PARÇA,CONECTA CARGO,SC,Campos Novos,2026-07-22,2026-07,2026,1
NÃO PARÇA,CONECTA CARGO,SC,Canoinhas,2026-01-06,2026-01,2026,1
NÃO PARÇA,CONECTA CARGO,SC,Canoinhas,2026-03-04,2026-03,2026,1
NÃO PARÇA,CONECTA CARGO,SC,Canoinhas,2026-03-19,2026-03,2026,1
NÃO PARÇA,CONECTA CARGO,SC,Canoinhas,2026-04-09,2026-04,2026,1
NÃO PARÇA,CONECTA CARGO,SC,Canoinhas,2026-05-07,2026-05,2026,1
NÃO PARÇA,CONECTA CARGO,SC,Capinzal,2026-04-08,2026-04,2026,1
NÃO PARÇA,CONECTA CARGO,SC,Capivari de Baixo,2026-05-22,2026-05,2026,1
NÃO PARÇA,CONECTA CARGO,SC,Capivari de Baixo,2026-07-15,2026-07,2026,1
NÃO PARÇA,CONECTA CARGO,SC,Chapeco,2026-01-06,2026-01,2026,1
NÃO PARÇA,CONECTA CARGO,SC,Chapeco,2026-01-13,2026-01,2026,1
NÃO PARÇA,CONECTA CARGO,SC,Chapeco,2026-01-15,2026-01,2026,1
NÃO PARÇA,CONECTA CARGO,SC,Chapeco,2026-02-16,2026-02,2026,1
NÃO PARÇA,CONECTA CARGO,SC,Chapeco,2026-03-05,2026-03,2026,1
NÃO PARÇA,CONECTA CARGO,SC,Chapeco,2026-03-31,2026-03,2026,1
NÃO PARÇA,CONECTA CARGO,SC,Chapeco,2026-04-13,2026-04,2026,1
NÃO PARÇA,CONECTA CARGO,SC,Chapeco,2026-04-15,2026-04,2026,1
NÃO PARÇA,CONECTA CARGO,SC,Chapeco,2026-04-16,2026-04,2026,1
NÃO PARÇA,CONECTA CARGO,SC,Chapeco,2026-04-24,2026-04,2026,1
NÃO PARÇA,CONECTA CARGO,SC,Chapeco,2026-04-27,2026-04,2026,1
NÃO PARÇA,CONECTA CARGO,SC,Chapeco,2026-05-06,2026-05,2026,1
NÃO PARÇA,CONECTA CARGO,SC,Chapeco,2026-06-18,2026-06,2026,1
NÃO PARÇA,CONECTA CARGO,SC,Chapeco,2026-06-29,2026-06,2026,1
NÃO PARÇA,CONECTA CARGO,SC,Chapeco,2026-06-30,2026-06,2026,1
NÃO PARÇA,CONECTA CARGO,SC,Chapeco,2026-07-08,2026-07,2026,1
NÃO PARÇA,CONECTA CARGO,SC,Chapeco,2026-07-15,2026-07,2026,1
NÃO PARÇA,CONECTA CARGO,SC,Chapeco,2026-07-21,2026-07,2026,1
NÃO PARÇA,CONECTA CARGO,SC,Cocal do Sul,2026-03-24,2026-03,2026,1
NÃO PARÇA,CONECTA CARGO,SC,Cocal do Sul,2026-07-17,2026-07,2026,1
NÃO PARÇA,CONECTA CARGO,SC,Concordia,2026-01-06,2026-01,2026,1
NÃO PARÇA,CONECTA CARGO,SC,Concordia,2026-02-23,2026-02,2026,1
NÃO PARÇA,CONECTA CARGO,SC,Concordia,2026-03-24,2026-03,2026,1
NÃO PARÇA,CONECTA CARGO,SC,Concordia,2026-04-16,2026-04,2026,1
NÃO PARÇA,CONECTA CARGO,SC,Concordia,2026-04-20,2026-04,2026,1
NÃO PARÇA,CONECTA CARGO,SC,Concordia,2026-06-08,2026-06,2026,1
NÃO PARÇA,CONECTA CARGO,SC,Coronel Freitas,2026-03-20,2026-03,2026,1
NÃO PARÇA,CONECTA CARGO,SC,Criciuma,2026-01-14,2026-01,2026,2
NÃO PARÇA,CONECTA CARGO,SC,Criciuma,2026-02-17,2026-02,2026,1
NÃO PARÇA,CONECTA CARGO,SC,Criciuma,2026-03-05,2026-03,2026,1
NÃO PARÇA,CONECTA CARGO,SC,Criciuma,2026-03-10,2026-03,2026,1
NÃO PARÇA,CONECTA CARGO,SC,Criciuma,2026-03-13,2026-03,2026,1
NÃO PARÇA,CONECTA CARGO,SC,Criciuma,2026-03-16,2026-03,2026,1
NÃO PARÇA,CONECTA CARGO,SC,Criciuma,2026-03-18,2026-03,2026,1
NÃO PARÇA,CONECTA CARGO,SC,Criciuma,2026-04-01,2026-04,2026,1
NÃO PARÇA,CONECTA CARGO,SC,Criciuma,2026-04-08,2026-04,2026,1
NÃO PARÇA,CONECTA CARGO,SC,Criciuma,2026-04-23,2026-04,2026,1
NÃO PARÇA,CONECTA CARGO,SC,Criciuma,2026-05-04,2026-05,2026,1
NÃO PARÇA,CONECTA CARGO,SC,Criciuma,2026-05-06,2026-05,2026,1
NÃO PARÇA,CONECTA CARGO,SC,Criciuma,2026-05-07,2026-05,2026,1
NÃO PARÇA,CONECTA CARGO,SC,Criciuma,2026-06-15,2026-06,2026,1
NÃO PARÇA,CONECTA CARGO,SC,Criciuma,2026-06-16,2026-06,2026,1
NÃO PARÇA,CONECTA CARGO,SC,Criciuma,2026-06-17,2026-06,2026,1
NÃO PARÇA,CONECTA CARGO,SC,Criciuma,2026-06-22,2026-06,2026,1
NÃO PARÇA,CONECTA CARGO,SC,Criciuma,2026-07-09,2026-07,2026,1
NÃO PARÇA,CONECTA CARGO,SC,Criciuma,2026-07-14,2026-07,2026,1
NÃO PARÇA,CONECTA CARGO,SC,Curitibanos,2026-02-20,2026-02,2026,1
NÃO PARÇA,CONECTA CARGO,SC,Curitibanos,2026-06-19,2026-06,2026,1
NÃO PARÇA,CONECTA CARGO,SC,Descanso,2026-03-12,2026-03,2026,1
NÃO PARÇA,CONECTA CARGO,SC,Dionisio Cerqueira,2026-04-07,2026-04,2026,1
NÃO PARÇA,CONECTA CARGO,SC,Dionisio Cerqueira,2026-06-26,2026-06,2026,1
NÃO PARÇA,CONECTA CARGO,SC,Forquilhinha,2026-03-04,2026-03,2026,1
NÃO PARÇA,CONECTA CARGO,SC,Fraiburgo,2026-06-18,2026-06,2026,1
NÃO PARÇA,CONECTA CARGO,SC,Fraiburgo,2026-07-23,2026-07,2026,1
NÃO PARÇA,CONECTA CARGO,SC,Gaspar,2026-01-05,2026-01,2026,1
NÃO PARÇA,CONECTA CARGO,SC,Gaspar,2026-07-10,2026-07,2026,1
NÃO PARÇA,CONECTA CARGO,SC,Governador Celso Ramos,2026-06-23,2026-06,2026,1
NÃO PARÇA,CONECTA CARGO,SC,Guabiruba,2026-01-13,2026-01,2026,1
NÃO PARÇA,CONECTA CARGO,SC,Guabiruba,2026-03-18,2026-03,2026,1
NÃO PARÇA,CONECTA CARGO,SC,Guabiruba,2026-05-05,2026-05,2026,2
NÃO PARÇA,CONECTA CARGO,SC,Guabiruba,2026-06-10,2026-06,2026,1
NÃO PARÇA,CONECTA CARGO,SC,Guabiruba,2026-06-15,2026-06,2026,1
NÃO PARÇA,CONECTA CARGO,SC,Guabiruba,2026-06-24,2026-06,2026,1
NÃO PARÇA,CONECTA CARGO,SC,Guaramirim,2026-01-09,2026-01,2026,1
NÃO PARÇA,CONECTA CARGO,SC,Guaramirim,2026-02-27,2026-02,2026,1
NÃO PARÇA,CONECTA CARGO,SC,Guaramirim,2026-06-04,2026-06,2026,1
NÃO PARÇA,CONECTA CARGO,SC,Guaramirim,2026-07-10,2026-07,2026,1
NÃO PARÇA,CONECTA CARGO,SC,Guaramirim,2026-07-16,2026-07,2026,1
NÃO PARÇA,CONECTA CARGO,SC,Guaramirim,2026-07-22,2026-07,2026,1
NÃO PARÇA,CONECTA CARGO,SC,Herval DOeste,2026-04-30,2026-04,2026,1
NÃO PARÇA,CONECTA CARGO,SC,Ibiam,2026-07-01,2026-07,2026,1
NÃO PARÇA,CONECTA CARGO,SC,Ibirama,2026-07-24,2026-07,2026,1
NÃO PARÇA,CONECTA CARGO,SC,Icara,2026-03-09,2026-03,2026,1
NÃO PARÇA,CONECTA CARGO,SC,Icara,2026-06-25,2026-06,2026,1
NÃO PARÇA,CONECTA CARGO,SC,Ilhota,2026-02-05,2026-02,2026,1
NÃO PARÇA,CONECTA CARGO,SC,Indaial,2026-02-05,2026-02,2026,1
NÃO PARÇA,CONECTA CARGO,SC,Indaial,2026-06-09,2026-06,2026,1
NÃO PARÇA,CONECTA CARGO,SC,Irani,2026-02-24,2026-02,2026,1
NÃO PARÇA,CONECTA CARGO,SC,Itaiopolis,2026-03-06,2026-03,2026,1
NÃO PARÇA,CONECTA CARGO,SC,Itaiopolis,2026-04-15,2026-04,2026,1
NÃO PARÇA,CONECTA CARGO,SC,Itaiopolis,2026-05-07,2026-05,2026,1
NÃO PARÇA,CONECTA CARGO,SC,Itaiopolis,2026-06-10,2026-06,2026,1
NÃO PARÇA,CONECTA CARGO,SC,Ituporanga,2026-01-23,2026-01,2026,1
NÃO PARÇA,CONECTA CARGO,SC,Ituporanga,2026-03-17,2026-03,2026,1
NÃO PARÇA,CONECTA CARGO,SC,Ituporanga,2026-03-21,2026-03,2026,1
NÃO PARÇA,CONECTA CARGO,SC,Ituporanga,2026-05-26,2026-05,2026,1
NÃO PARÇA,CONECTA CARGO,SC,Jabora,2026-01-30,2026-01,2026,1
NÃO PARÇA,CONECTA CARGO,SC,Jacinto Machado,2026-07-20,2026-07,2026,1
NÃO PARÇA,CONECTA CARGO,SC,Jaragua do Sul,2026-01-09,2026-01,2026,1
NÃO PARÇA,CONECTA CARGO,SC,Jaragua do Sul,2026-01-16,2026-01,2026,1
NÃO PARÇA,CONECTA CARGO,SC,Jaragua do Sul,2026-01-27,2026-01,2026,1
NÃO PARÇA,CONECTA CARGO,SC,Jaragua do Sul,2026-01-30,2026-01,2026,1
NÃO PARÇA,CONECTA CARGO,SC,Jaragua do Sul,2026-02-11,2026-02,2026,1
NÃO PARÇA,CONECTA CARGO,SC,Jaragua do Sul,2026-02-23,2026-02,2026,1
NÃO PARÇA,CONECTA CARGO,SC,Jaragua do Sul,2026-02-26,2026-02,2026,1
NÃO PARÇA,CONECTA CARGO,SC,Jaragua do Sul,2026-02-27,2026-02,2026,1
NÃO PARÇA,CONECTA CARGO,SC,Joacaba,2026-02-19,2026-02,2026,1
NÃO PARÇA,CONECTA CARGO,SC,Joacaba,2026-02-23,2026-02,2026,1
NÃO PARÇA,CONECTA CARGO,SC,Joacaba,2026-07-06,2026-07,2026,1
NÃO PARÇA,CONECTA CARGO,SC,Joinville,2026-03-31,2026-03,2026,1
NÃO PARÇA,CONECTA CARGO,SC,Lages,2026-01-05,2026-01,2026,1
NÃO PARÇA,CONECTA CARGO,SC,Lages,2026-01-21,2026-01,2026,1
NÃO PARÇA,CONECTA CARGO,SC,Lages,2026-02-09,2026-02,2026,1
NÃO PARÇA,CONECTA CARGO,SC,Lages,2026-03-05,2026-03,2026,1
NÃO PARÇA,CONECTA CARGO,SC,Lages,2026-05-27,2026-05,2026,1
NÃO PARÇA,CONECTA CARGO,SC,Lages,2026-07-07,2026-07,2026,1
NÃO PARÇA,CONECTA CARGO,SC,Laurentino,2026-06-26,2026-06,2026,1
NÃO PARÇA,CONECTA CARGO,SC,Luiz Alves,2026-06-19,2026-06,2026,1
NÃO PARÇA,CONECTA CARGO,SC,Luzerna,2026-05-13,2026-05,2026,1
NÃO PARÇA,CONECTA CARGO,SC,Mafra,2026-01-02,2026-01,2026,1
NÃO PARÇA,CONECTA CARGO,SC,Mafra,2026-01-26,2026-01,2026,1
NÃO PARÇA,CONECTA CARGO,SC,Mafra,2026-04-28,2026-04,2026,1
NÃO PARÇA,CONECTA CARGO,SC,Mafra,2026-06-15,2026-06,2026,1
NÃO PARÇA,CONECTA CARGO,SC,Maravilha,2026-02-27,2026-02,2026,1
NÃO PARÇA,CONECTA CARGO,SC,Maravilha,2026-03-27,2026-03,2026,1
NÃO PARÇA,CONECTA CARGO,SC,Maravilha,2026-06-25,2026-06,2026,1
NÃO PARÇA,CONECTA CARGO,SC,Monte Castelo,2026-03-31,2026-03,2026,1
NÃO PARÇA,CONECTA CARGO,SC,Morro da Fumaca,2026-03-02,2026-03,2026,1
NÃO PARÇA,CONECTA CARGO,SC,Nova Trento,2026-03-19,2026-03,2026,1
NÃO PARÇA,CONECTA CARGO,SC,Palmitos,2026-02-27,2026-02,2026,1
NÃO PARÇA,CONECTA CARGO,SC,Palmitos,2026-04-06,2026-04,2026,1
NÃO PARÇA,CONECTA CARGO,SC,Papanduva,2026-03-12,2026-03,2026,1
NÃO PARÇA,CONECTA CARGO,SC,Passo de Torres,2026-03-05,2026-03,2026,1
NÃO PARÇA,CONECTA CARGO,SC,Passos Maia,2026-04-08,2026-04,2026,1
NÃO PARÇA,CONECTA CARGO,SC,Pinhalzinho,2026-02-24,2026-02,2026,1
NÃO PARÇA,CONECTA CARGO,SC,Pomerode,2026-02-06,2026-02,2026,1
NÃO PARÇA,CONECTA CARGO,SC,Pomerode,2026-06-24,2026-06,2026,1
NÃO PARÇA,CONECTA CARGO,SC,Porto Belo,2026-03-19,2026-03,2026,1
NÃO PARÇA,CONECTA CARGO,SC,Porto Belo,2026-07-09,2026-07,2026,1
NÃO PARÇA,CONECTA CARGO,SC,Porto Belo,2026-07-16,2026-07,2026,1
NÃO PARÇA,CONECTA CARGO,SC,Porto Uniao,2026-01-12,2026-01,2026,1
NÃO PARÇA,CONECTA CARGO,SC,Porto Uniao,2026-06-06,2026-06,2026,1
NÃO PARÇA,CONECTA CARGO,SC,Presidente Getulio,2026-06-10,2026-06,2026,1
NÃO PARÇA,CONECTA CARGO,SC,Presidente Getulio,2026-07-15,2026-07,2026,1
NÃO PARÇA,CONECTA CARGO,SC,Quilombo,2026-01-08,2026-01,2026,1
NÃO PARÇA,CONECTA CARGO,SC,Quilombo,2026-03-03,2026-03,2026,1
NÃO PARÇA,CONECTA CARGO,SC,Quilombo,2026-03-04,2026-03,2026,1
NÃO PARÇA,CONECTA CARGO,SC,Rio Negrinho,2026-02-26,2026-02,2026,1
NÃO PARÇA,CONECTA CARGO,SC,Rio Negrinho,2026-07-09,2026-07,2026,1
NÃO PARÇA,CONECTA CARGO,SC,Rio do Sul,2026-03-05,2026-03,2026,1
NÃO PARÇA,CONECTA CARGO,SC,Santa Cecilia,2026-05-28,2026-05,2026,1
NÃO PARÇA,CONECTA CARGO,SC,Santo Amaro da Imperatriz,2026-05-20,2026-05,2026,1
NÃO PARÇA,CONECTA CARGO,SC,Sao Bento do Sul,2026-01-09,2026-01,2026,1
NÃO PARÇA,CONECTA CARGO,SC,Sao Bento do Sul,2026-03-12,2026-03,2026,1
NÃO PARÇA,CONECTA CARGO,SC,Sao Bento do Sul,2026-05-07,2026-05,2026,1
NÃO PARÇA,CONECTA CARGO,SC,Sao Joao Batista,2026-01-10,2026-01,2026,1
NÃO PARÇA,CONECTA CARGO,SC,Sao Joao do Sul,2026-05-21,2026-05,2026,1
NÃO PARÇA,CONECTA CARGO,SC,Sao Lourenco do Oeste,2026-01-30,2026-01,2026,1
NÃO PARÇA,CONECTA CARGO,SC,Sao Lourenco do Oeste,2026-02-23,2026-02,2026,1
NÃO PARÇA,CONECTA CARGO,SC,Sao Lourenco do Oeste,2026-07-10,2026-07,2026,1
NÃO PARÇA,CONECTA CARGO,SC,Sao Miguel do Oeste,2026-03-19,2026-03,2026,1
NÃO PARÇA,CONECTA CARGO,SC,Sao Miguel do Oeste,2026-03-24,2026-03,2026,1
NÃO PARÇA,CONECTA CARGO,SC,Sao Miguel do Oeste,2026-04-22,2026-04,2026,1
NÃO PARÇA,CONECTA CARGO,SC,Sao Miguel do Oeste,2026-06-29,2026-06,2026,1
NÃO PARÇA,CONECTA CARGO,SC,Schroeder,2026-03-04,2026-03,2026,2
NÃO PARÇA,CONECTA CARGO,SC,Schroeder,2026-04-20,2026-04,2026,1
NÃO PARÇA,CONECTA CARGO,SC,Schroeder,2026-05-22,2026-05,2026,1
NÃO PARÇA,CONECTA CARGO,SC,Sideropolis,2026-07-07,2026-07,2026,1
NÃO PARÇA,CONECTA CARGO,SC,Sombrio,2026-01-10,2026-01,2026,1
NÃO PARÇA,CONECTA CARGO,SC,Sombrio,2026-03-02,2026-03,2026,1
NÃO PARÇA,CONECTA CARGO,SC,Sombrio,2026-03-13,2026-03,2026,1
NÃO PARÇA,CONECTA CARGO,SC,Sombrio,2026-03-30,2026-03,2026,1
NÃO PARÇA,CONECTA CARGO,SC,Taio,2026-01-08,2026-01,2026,1
NÃO PARÇA,CONECTA CARGO,SC,Tijucas,2026-04-02,2026-04,2026,1
NÃO PARÇA,CONECTA CARGO,SC,Tijucas,2026-06-17,2026-06,2026,1
NÃO PARÇA,CONECTA CARGO,SC,Timbe do Sul,2026-03-24,2026-03,2026,1
NÃO PARÇA,CONECTA CARGO,SC,Tres Barras,2026-01-28,2026-01,2026,1
NÃO PARÇA,CONECTA CARGO,SC,Tres Barras,2026-03-30,2026-03,2026,1
NÃO PARÇA,CONECTA CARGO,SC,Treviso,2026-06-03,2026-06,2026,1
NÃO PARÇA,CONECTA CARGO,SC,Urubici,2026-02-26,2026-02,2026,1
NÃO PARÇA,CONECTA CARGO,SC,Urubici,2026-07-07,2026-07,2026,1
NÃO PARÇA,CONECTA CARGO,SC,Urussanga,2026-03-17,2026-03,2026,1
NÃO PARÇA,CONECTA CARGO,SC,Urussanga,2026-05-14,2026-05,2026,1
NÃO PARÇA,CONECTA CARGO,SC,Videira,2026-07-17,2026-07,2026,1
NÃO PARÇA,CONECTA CARGO,SC,Xaxim,2026-03-09,2026-03,2026,1
NÃO PARÇA,CONECTA CARGO,SC,Xaxim,2026-03-27,2026-03,2026,1
NÃO PARÇA,CONECTA CARGO,SP,Adamantina,2026-04-09,2026-04,2026,1
NÃO PARÇA,CONECTA CARGO,SP,Adamantina,2026-04-27,2026-04,2026,1
NÃO PARÇA,CONECTA CARGO,SP,Aguai,2026-02-13,2026-02,2026,1
NÃO PARÇA,CONECTA CARGO,SP,Aguai,2026-03-06,2026-03,2026,1
NÃO PARÇA,CONECTA CARGO,SP,Altinopolis,2026-04-28,2026-04,2026,1
NÃO PARÇA,CONECTA CARGO,SP,Americo Brasiliense,2026-01-26,2026-01,2026,1
NÃO PARÇA,CONECTA CARGO,SP,Americo Brasiliense,2026-03-18,2026-03,2026,1
NÃO PARÇA,CONECTA CARGO,SP,Americo Brasiliense,2026-04-01,2026-04,2026,1
NÃO PARÇA,CONECTA CARGO,SP,Americo Brasiliense,2026-06-02,2026-06,2026,1
NÃO PARÇA,CONECTA CARGO,SP,Andradina,2026-01-20,2026-01,2026,1
NÃO PARÇA,CONECTA CARGO,SP,Andradina,2026-01-23,2026-01,2026,1
NÃO PARÇA,CONECTA CARGO,SP,Andradina,2026-01-27,2026-01,2026,1
NÃO PARÇA,CONECTA CARGO,SP,Andradina,2026-02-06,2026-02,2026,1
NÃO PARÇA,CONECTA CARGO,SP,Andradina,2026-02-16,2026-02,2026,1
NÃO PARÇA,CONECTA CARGO,SP,Andradina,2026-03-13,2026-03,2026,1
NÃO PARÇA,CONECTA CARGO,SP,Andradina,2026-04-20,2026-04,2026,1
NÃO PARÇA,CONECTA CARGO,SP,Angatuba,2026-02-11,2026-02,2026,1
NÃO PARÇA,CONECTA CARGO,SP,Angatuba,2026-04-22,2026-04,2026,1
NÃO PARÇA,CONECTA CARGO,SP,Angatuba,2026-05-28,2026-05,2026,1
NÃO PARÇA,CONECTA CARGO,SP,Angatuba,2026-07-14,2026-07,2026,1
NÃO PARÇA,CONECTA CARGO,SP,Angatuba,2026-07-16,2026-07,2026,1
NÃO PARÇA,CONECTA CARGO,SP,Anhembi,2026-07-01,2026-07,2026,1
NÃO PARÇA,CONECTA CARGO,SP,Aparecida,2026-02-12,2026-02,2026,1
NÃO PARÇA,CONECTA CARGO,SP,Aparecida,2026-03-17,2026-03,2026,1
NÃO PARÇA,CONECTA CARGO,SP,Aparecida,2026-03-19,2026-03,2026,1
NÃO PARÇA,CONECTA CARGO,SP,Aparecida,2026-04-14,2026-04,2026,1
NÃO PARÇA,CONECTA CARGO,SP,Aparecida,2026-04-23,2026-04,2026,1
NÃO PARÇA,CONECTA CARGO,SP,Aparecida,2026-06-15,2026-06,2026,1
NÃO PARÇA,CONECTA CARGO,SP,Apiai,2026-06-10,2026-06,2026,1
NÃO PARÇA,CONECTA CARGO,SP,Apiai,2026-07-23,2026-07,2026,1
NÃO PARÇA,CONECTA CARGO,SP,Aracatuba,2026-01-15,2026-01,2026,1
NÃO PARÇA,CONECTA CARGO,SP,Aracatuba,2026-02-03,2026-02,2026,2
NÃO PARÇA,CONECTA CARGO,SP,Aracatuba,2026-02-04,2026-02,2026,1
NÃO PARÇA,CONECTA CARGO,SP,Aracatuba,2026-02-05,2026-02,2026,2
NÃO PARÇA,CONECTA CARGO,SP,Aracatuba,2026-02-06,2026-02,2026,2
NÃO PARÇA,CONECTA CARGO,SP,Aracatuba,2026-02-09,2026-02,2026,1
NÃO PARÇA,CONECTA CARGO,SP,Aracatuba,2026-02-17,2026-02,2026,1
NÃO PARÇA,CONECTA CARGO,SP,Aracatuba,2026-02-20,2026-02,2026,1
NÃO PARÇA,CONECTA CARGO,SP,Aracatuba,2026-02-27,2026-02,2026,1
NÃO PARÇA,CONECTA CARGO,SP,Aracatuba,2026-03-06,2026-03,2026,1
NÃO PARÇA,CONECTA CARGO,SP,Aracatuba,2026-03-12,2026-03,2026,1
NÃO PARÇA,CONECTA CARGO,SP,Aracatuba,2026-03-31,2026-03,2026,1
NÃO PARÇA,CONECTA CARGO,SP,Aracatuba,2026-04-07,2026-04,2026,1
NÃO PARÇA,CONECTA CARGO,SP,Aracatuba,2026-04-08,2026-04,2026,1
NÃO PARÇA,CONECTA CARGO,SP,Aracatuba,2026-04-23,2026-04,2026,1
NÃO PARÇA,CONECTA CARGO,SP,Aracatuba,2026-05-04,2026-05,2026,1
NÃO PARÇA,CONECTA CARGO,SP,Aracatuba,2026-05-18,2026-05,2026,1
NÃO PARÇA,CONECTA CARGO,SP,Aramina,2026-02-25,2026-02,2026,1
NÃO PARÇA,CONECTA CARGO,SP,Araraquara,2026-01-05,2026-01,2026,1
NÃO PARÇA,CONECTA CARGO,SP,Araraquara,2026-01-06,2026-01,2026,1
NÃO PARÇA,CONECTA CARGO,SP,Araraquara,2026-01-07,2026-01,2026,1
NÃO PARÇA,CONECTA CARGO,SP,Araraquara,2026-01-09,2026-01,2026,1
NÃO PARÇA,CONECTA CARGO,SP,Araraquara,2026-01-14,2026-01,2026,2
NÃO PARÇA,CONECTA CARGO,SP,Araraquara,2026-01-15,2026-01,2026,1
NÃO PARÇA,CONECTA CARGO,SP,Araraquara,2026-01-26,2026-01,2026,1
NÃO PARÇA,CONECTA CARGO,SP,Araraquara,2026-01-30,2026-01,2026,1
NÃO PARÇA,CONECTA CARGO,SP,Araraquara,2026-02-10,2026-02,2026,1
NÃO PARÇA,CONECTA CARGO,SP,Araraquara,2026-02-12,2026-02,2026,1
NÃO PARÇA,CONECTA CARGO,SP,Araraquara,2026-04-07,2026-04,2026,1
NÃO PARÇA,CONECTA CARGO,SP,Areiopolis,2026-03-12,2026-03,2026,1
NÃO PARÇA,CONECTA CARGO,SP,Aspasia,2026-01-06,2026-01,2026,1
NÃO PARÇA,CONECTA CARGO,SP,Auriflama,2026-02-11,2026-02,2026,1
NÃO PARÇA,CONECTA CARGO,SP,Auriflama,2026-02-16,2026-02,2026,1
NÃO PARÇA,CONECTA CARGO,SP,Auriflama,2026-03-06,2026-03,2026,1
NÃO PARÇA,CONECTA CARGO,SP,Auriflama,2026-07-16,2026-07,2026,1
NÃO PARÇA,CONECTA CARGO,SP,Avanhandava,2026-02-18,2026-02,2026,1
NÃO PARÇA,CONECTA CARGO,SP,Avare,2026-01-02,2026-01,2026,1
NÃO PARÇA,CONECTA CARGO,SP,Avare,2026-01-08,2026-01,2026,1
NÃO PARÇA,CONECTA CARGO,SP,Avare,2026-02-12,2026-02,2026,1
NÃO PARÇA,CONECTA CARGO,SP,Avare,2026-03-05,2026-03,2026,1
NÃO PARÇA,CONECTA CARGO,SP,Avare,2026-03-30,2026-03,2026,1
NÃO PARÇA,CONECTA CARGO,SP,Avare,2026-04-02,2026-04,2026,1
NÃO PARÇA,CONECTA CARGO,SP,Avare,2026-04-16,2026-04,2026,1
NÃO PARÇA,CONECTA CARGO,SP,Avare,2026-05-28,2026-05,2026,1
NÃO PARÇA,CONECTA CARGO,SP,Avare,2026-06-18,2026-06,2026,1
NÃO PARÇA,CONECTA CARGO,SP,Avare,2026-07-09,2026-07,2026,1
NÃO PARÇA,CONECTA CARGO,SP,Bady Bassitt,2026-05-15,2026-05,2026,1
NÃO PARÇA,CONECTA CARGO,SP,Bady Bassitt,2026-05-28,2026-05,2026,1
NÃO PARÇA,CONECTA CARGO,SP,Bananal,2026-01-15,2026-01,2026,1
NÃO PARÇA,CONECTA CARGO,SP,Bananal,2026-02-20,2026-02,2026,1
NÃO PARÇA,CONECTA CARGO,SP,Barbosa,2026-03-27,2026-03,2026,1
NÃO PARÇA,CONECTA CARGO,SP,Bariri,2026-02-17,2026-02,2026,1
NÃO PARÇA,CONECTA CARGO,SP,Bariri,2026-02-19,2026-02,2026,1
NÃO PARÇA,CONECTA CARGO,SP,Barra Bonita,2026-02-03,2026-02,2026,1
NÃO PARÇA,CONECTA CARGO,SP,Barra Bonita,2026-02-17,2026-02,2026,1
NÃO PARÇA,CONECTA CARGO,SP,Barra do Chapeu,2026-03-12,2026-03,2026,1
NÃO PARÇA,CONECTA CARGO,SP,Barretos,2026-03-04,2026-03,2026,1
NÃO PARÇA,CONECTA CARGO,SP,Barretos,2026-04-30,2026-04,2026,1
NÃO PARÇA,CONECTA CARGO,SP,Barretos,2026-05-06,2026-05,2026,2
NÃO PARÇA,CONECTA CARGO,SP,Barretos,2026-05-27,2026-05,2026,1
NÃO PARÇA,CONECTA CARGO,SP,Barretos,2026-06-01,2026-06,2026,1
NÃO PARÇA,CONECTA CARGO,SP,Barretos,2026-07-22,2026-07,2026,1
NÃO PARÇA,CONECTA CARGO,SP,Barretos,2026-07-27,2026-07,2026,2
NÃO PARÇA,CONECTA CARGO,SP,Barrinha,2026-05-18,2026-05,2026,1
NÃO PARÇA,CONECTA CARGO,SP,Barrinha,2026-05-27,2026-05,2026,1
NÃO PARÇA,CONECTA CARGO,SP,Barrinha,2026-07-10,2026-07,2026,1
NÃO PARÇA,CONECTA CARGO,SP,Bastos,2026-01-09,2026-01,2026,1
NÃO PARÇA,CONECTA CARGO,SP,Bastos,2026-06-26,2026-06,2026,1
NÃO PARÇA,CONECTA CARGO,SP,Batatais,2026-03-24,2026-03,2026,1
NÃO PARÇA,CONECTA CARGO,SP,Batatais,2026-04-07,2026-04,2026,1
NÃO PARÇA,CONECTA CARGO,SP,Batatais,2026-04-20,2026-04,2026,1
NÃO PARÇA,CONECTA CARGO,SP,Bauru,2026-01-07,2026-01,2026,1
NÃO PARÇA,CONECTA CARGO,SP,Bauru,2026-01-12,2026-01,2026,2
NÃO PARÇA,CONECTA CARGO,SP,Bauru,2026-01-13,2026-01,2026,1
NÃO PARÇA,CONECTA CARGO,SP,Bauru,2026-01-19,2026-01,2026,3
NÃO PARÇA,CONECTA CARGO,SP,Bauru,2026-01-21,2026-01,2026,1
NÃO PARÇA,CONECTA CARGO,SP,Bauru,2026-01-26,2026-01,2026,1
NÃO PARÇA,CONECTA CARGO,SP,Bauru,2026-02-05,2026-02,2026,1
NÃO PARÇA,CONECTA CARGO,SP,Bauru,2026-02-09,2026-02,2026,1
NÃO PARÇA,CONECTA CARGO,SP,Bauru,2026-02-13,2026-02,2026,1
NÃO PARÇA,CONECTA CARGO,SP,Bauru,2026-02-16,2026-02,2026,2
NÃO PARÇA,CONECTA CARGO,SP,Bauru,2026-02-23,2026-02,2026,1
NÃO PARÇA,CONECTA CARGO,SP,Bauru,2026-03-02,2026-03,2026,2
NÃO PARÇA,CONECTA CARGO,SP,Bauru,2026-03-09,2026-03,2026,1
NÃO PARÇA,CONECTA CARGO,SP,Bauru,2026-03-11,2026-03,2026,1
NÃO PARÇA,CONECTA CARGO,SP,Bauru,2026-03-13,2026-03,2026,1
NÃO PARÇA,CONECTA CARGO,SP,Bauru,2026-03-16,2026-03,2026,1
NÃO PARÇA,CONECTA CARGO,SP,Bauru,2026-03-24,2026-03,2026,3
NÃO PARÇA,CONECTA CARGO,SP,Bebedouro,2026-04-17,2026-04,2026,1
NÃO PARÇA,CONECTA CARGO,SP,Bebedouro,2026-05-06,2026-05,2026,1
NÃO PARÇA,CONECTA CARGO,SP,Bebedouro,2026-06-01,2026-06,2026,1
NÃO PARÇA,CONECTA CARGO,SP,Bebedouro,2026-06-11,2026-06,2026,1
NÃO PARÇA,CONECTA CARGO,SP,Bebedouro,2026-07-07,2026-07,2026,1
NÃO PARÇA,CONECTA CARGO,SP,Bebedouro,2026-07-21,2026-07,2026,1
NÃO PARÇA,CONECTA CARGO,SP,Bebedouro,2026-07-27,2026-07,2026,1
NÃO PARÇA,CONECTA CARGO,SP,Birigui,2026-01-12,2026-01,2026,1
NÃO PARÇA,CONECTA CARGO,SP,Birigui,2026-01-29,2026-01,2026,1
NÃO PARÇA,CONECTA CARGO,SP,Birigui,2026-02-04,2026-02,2026,1
NÃO PARÇA,CONECTA CARGO,SP,Birigui,2026-02-11,2026-02,2026,2
NÃO PARÇA,CONECTA CARGO,SP,Birigui,2026-02-20,2026-02,2026,1
NÃO PARÇA,CONECTA CARGO,SP,Birigui,2026-03-06,2026-03,2026,1
NÃO PARÇA,CONECTA CARGO,SP,Birigui,2026-03-09,2026-03,2026,1
NÃO PARÇA,CONECTA CARGO,SP,Birigui,2026-03-13,2026-03,2026,1
NÃO PARÇA,CONECTA CARGO,SP,Birigui,2026-03-16,2026-03,2026,1
NÃO PARÇA,CONECTA CARGO,SP,Birigui,2026-03-19,2026-03,2026,1
NÃO PARÇA,CONECTA CARGO,SP,Birigui,2026-03-23,2026-03,2026,1
NÃO PARÇA,CONECTA CARGO,SP,Birigui,2026-04-02,2026-04,2026,1
NÃO PARÇA,CONECTA CARGO,SP,Birigui,2026-04-14,2026-04,2026,1
NÃO PARÇA,CONECTA CARGO,SP,Biritiba Mirim,2026-01-08,2026-01,2026,1
NÃO PARÇA,CONECTA CARGO,SP,Biritiba Mirim,2026-01-15,2026-01,2026,1
NÃO PARÇA,CONECTA CARGO,SP,Biritiba Mirim,2026-02-13,2026-02,2026,1
NÃO PARÇA,CONECTA CARGO,SP,Biritiba Mirim,2026-03-11,2026-03,2026,1
NÃO PARÇA,CONECTA CARGO,SP,Biritiba Mirim,2026-04-10,2026-04,2026,1
NÃO PARÇA,CONECTA CARGO,SP,Boraceia,2026-01-21,2026-01,2026,1
NÃO PARÇA,CONECTA CARGO,SP,Borborema,2026-04-29,2026-04,2026,1
NÃO PARÇA,CONECTA CARGO,SP,Borebi,2026-02-12,2026-02,2026,1
NÃO PARÇA,CONECTA CARGO,SP,Botucatu,2026-01-15,2026-01,2026,2
NÃO PARÇA,CONECTA CARGO,SP,Botucatu,2026-01-21,2026-01,2026,1
NÃO PARÇA,CONECTA CARGO,SP,Botucatu,2026-01-29,2026-01,2026,1
NÃO PARÇA,CONECTA CARGO,SP,Botucatu,2026-01-30,2026-01,2026,1
NÃO PARÇA,CONECTA CARGO,SP,Botucatu,2026-02-04,2026-02,2026,1
NÃO PARÇA,CONECTA CARGO,SP,Botucatu,2026-02-12,2026-02,2026,2
NÃO PARÇA,CONECTA CARGO,SP,Botucatu,2026-02-19,2026-02,2026,1
NÃO PARÇA,CONECTA CARGO,SP,Botucatu,2026-02-20,2026-02,2026,1
NÃO PARÇA,CONECTA CARGO,SP,Botucatu,2026-03-05,2026-03,2026,2
NÃO PARÇA,CONECTA CARGO,SP,Botucatu,2026-03-26,2026-03,2026,1
NÃO PARÇA,CONECTA CARGO,SP,Braganca Paulista,2026-01-07,2026-01,2026,2
NÃO PARÇA,CONECTA CARGO,SP,Braganca Paulista,2026-01-16,2026-01,2026,1
NÃO PARÇA,CONECTA CARGO,SP,Braganca Paulista,2026-01-26,2026-01,2026,1
NÃO PARÇA,CONECTA CARGO,SP,Braganca Paulista,2026-01-27,2026-01,2026,1
NÃO PARÇA,CONECTA CARGO,SP,Braganca Paulista,2026-02-01,2026-02,2026,1
NÃO PARÇA,CONECTA CARGO,SP,Braganca Paulista,2026-02-03,2026-02,2026,1
NÃO PARÇA,CONECTA CARGO,SP,Braganca Paulista,2026-02-13,2026-02,2026,1
NÃO PARÇA,CONECTA CARGO,SP,Braganca Paulista,2026-02-25,2026-02,2026,1
NÃO PARÇA,CONECTA CARGO,SP,Braganca Paulista,2026-03-09,2026-03,2026,1
NÃO PARÇA,CONECTA CARGO,SP,Braganca Paulista,2026-03-13,2026-03,2026,1
NÃO PARÇA,CONECTA CARGO,SP,Braganca Paulista,2026-03-18,2026-03,2026,1
NÃO PARÇA,CONECTA CARGO,SP,Braganca Paulista,2026-03-19,2026-03,2026,1
NÃO PARÇA,CONECTA CARGO,SP,Braganca Paulista,2026-03-24,2026-03,2026,1
NÃO PARÇA,CONECTA CARGO,SP,Braganca Paulista,2026-03-25,2026-03,2026,1
NÃO PARÇA,CONECTA CARGO,SP,Braganca Paulista,2026-03-27,2026-03,2026,1
NÃO PARÇA,CONECTA CARGO,SP,Braganca Paulista,2026-04-14,2026-04,2026,1
NÃO PARÇA,CONECTA CARGO,SP,Braganca Paulista,2026-04-21,2026-04,2026,1
NÃO PARÇA,CONECTA CARGO,SP,Braganca Paulista,2026-04-22,2026-04,2026,1
NÃO PARÇA,CONECTA CARGO,SP,Braganca Paulista,2026-04-27,2026-04,2026,1
NÃO PARÇA,CONECTA CARGO,SP,Braganca Paulista,2026-04-30,2026-04,2026,1
NÃO PARÇA,CONECTA CARGO,SP,Braganca Paulista,2026-05-12,2026-05,2026,2
NÃO PARÇA,CONECTA CARGO,SP,Braganca Paulista,2026-05-14,2026-05,2026,1
NÃO PARÇA,CONECTA CARGO,SP,Braganca Paulista,2026-05-25,2026-05,2026,1
NÃO PARÇA,CONECTA CARGO,SP,Braganca Paulista,2026-06-01,2026-06,2026,2
NÃO PARÇA,CONECTA CARGO,SP,Braganca Paulista,2026-06-10,2026-06,2026,2
NÃO PARÇA,CONECTA CARGO,SP,Braganca Paulista,2026-06-18,2026-06,2026,1
NÃO PARÇA,CONECTA CARGO,SP,Braganca Paulista,2026-07-01,2026-07,2026,1
NÃO PARÇA,CONECTA CARGO,SP,Braganca Paulista,2026-07-15,2026-07,2026,4
NÃO PARÇA,CONECTA CARGO,SP,Braganca Paulista,2026-07-22,2026-07,2026,1
NÃO PARÇA,CONECTA CARGO,SP,Brauna,2026-03-19,2026-03,2026,1
NÃO PARÇA,CONECTA CARGO,SP,Brodowski,2026-04-20,2026-04,2026,1
NÃO PARÇA,CONECTA CARGO,SP,Brodowski,2026-04-28,2026-04,2026,1
NÃO PARÇA,CONECTA CARGO,SP,Brotas,2026-03-19,2026-03,2026,1
NÃO PARÇA,CONECTA CARGO,SP,Brotas,2026-04-28,2026-04,2026,1
NÃO PARÇA,CONECTA CARGO,SP,Brotas,2026-05-05,2026-05,2026,1
NÃO PARÇA,CONECTA CARGO,SP,Buri,2026-07-10,2026-07,2026,1
NÃO PARÇA,CONECTA CARGO,SP,Buritama,2026-02-09,2026-02,2026,1
NÃO PARÇA,CONECTA CARGO,SP,Buritama,2026-05-21,2026-05,2026,1
NÃO PARÇA,CONECTA CARGO,SP,Buritizal,2026-03-13,2026-03,2026,1
NÃO PARÇA,CONECTA CARGO,SP,Cabralia Paulista,2026-04-02,2026-04,2026,1
NÃO PARÇA,CONECTA CARGO,SP,Cachoeira Paulista,2026-02-25,2026-02,2026,1
NÃO PARÇA,CONECTA CARGO,SP,Cachoeira Paulista,2026-07-17,2026-07,2026,1
NÃO PARÇA,CONECTA CARGO,SP,Caieiras,2026-05-12,2026-05,2026,1
NÃO PARÇA,CONECTA CARGO,SP,Caieiras,2026-05-15,2026-05,2026,1
NÃO PARÇA,CONECTA CARGO,SP,Caieiras,2026-06-05,2026-06,2026,1
NÃO PARÇA,CONECTA CARGO,SP,Cajobi,2026-01-15,2026-01,2026,1
NÃO PARÇA,CONECTA CARGO,SP,Cajobi,2026-04-07,2026-04,2026,1
NÃO PARÇA,CONECTA CARGO,SP,Cajobi,2026-05-26,2026-05,2026,1
NÃO PARÇA,CONECTA CARGO,SP,Cajuru,2026-03-30,2026-03,2026,1
NÃO PARÇA,CONECTA CARGO,SP,Cajuru,2026-07-13,2026-07,2026,1
NÃO PARÇA,CONECTA CARGO,SP,Campina do Monte Alegre,2026-05-25,2026-05,2026,1
NÃO PARÇA,CONECTA CARGO,SP,Campos do Jordao,2026-01-18,2026-01,2026,1
NÃO PARÇA,CONECTA CARGO,SP,Campos do Jordao,2026-02-16,2026-02,2026,1
NÃO PARÇA,CONECTA CARGO,SP,Campos do Jordao,2026-02-24,2026-02,2026,1
NÃO PARÇA,CONECTA CARGO,SP,Campos do Jordao,2026-03-09,2026-03,2026,1
NÃO PARÇA,CONECTA CARGO,SP,Campos do Jordao,2026-05-29,2026-05,2026,1
NÃO PARÇA,CONECTA CARGO,SP,Campos do Jordao,2026-07-02,2026-07,2026,1
NÃO PARÇA,CONECTA CARGO,SP,Cananeia,2026-05-22,2026-05,2026,1
NÃO PARÇA,CONECTA CARGO,SP,Candido Mota,2026-01-23,2026-01,2026,1
NÃO PARÇA,CONECTA CARGO,SP,Canitar,2026-03-10,2026-03,2026,1
NÃO PARÇA,CONECTA CARGO,SP,Capao Bonito,2026-01-23,2026-01,2026,1
NÃO PARÇA,CONECTA CARGO,SP,Capao Bonito,2026-03-26,2026-03,2026,1
NÃO PARÇA,CONECTA CARGO,SP,Capao Bonito,2026-05-08,2026-05,2026,1
NÃO PARÇA,CONECTA CARGO,SP,Caraguatatuba,2026-01-14,2026-01,2026,1
NÃO PARÇA,CONECTA CARGO,SP,Caraguatatuba,2026-01-15,2026-01,2026,1
NÃO PARÇA,CONECTA CARGO,SP,Caraguatatuba,2026-01-17,2026-01,2026,1
NÃO PARÇA,CONECTA CARGO,SP,Caraguatatuba,2026-01-18,2026-01,2026,1
NÃO PARÇA,CONECTA CARGO,SP,Caraguatatuba,2026-01-20,2026-01,2026,1
NÃO PARÇA,CONECTA CARGO,SP,Caraguatatuba,2026-01-21,2026-01,2026,1
NÃO PARÇA,CONECTA CARGO,SP,Caraguatatuba,2026-02-05,2026-02,2026,1
NÃO PARÇA,CONECTA CARGO,SP,Caraguatatuba,2026-02-09,2026-02,2026,1
NÃO PARÇA,CONECTA CARGO,SP,Caraguatatuba,2026-02-13,2026-02,2026,1
NÃO PARÇA,CONECTA CARGO,SP,Caraguatatuba,2026-03-18,2026-03,2026,1
NÃO PARÇA,CONECTA CARGO,SP,Caraguatatuba,2026-03-27,2026-03,2026,1
NÃO PARÇA,CONECTA CARGO,SP,Caraguatatuba,2026-04-09,2026-04,2026,1
NÃO PARÇA,CONECTA CARGO,SP,Caraguatatuba,2026-04-27,2026-04,2026,1
NÃO PARÇA,CONECTA CARGO,SP,Caraguatatuba,2026-05-12,2026-05,2026,1
NÃO PARÇA,CONECTA CARGO,SP,Caraguatatuba,2026-05-27,2026-05,2026,1
NÃO PARÇA,CONECTA CARGO,SP,Caraguatatuba,2026-06-08,2026-06,2026,1
NÃO PARÇA,CONECTA CARGO,SP,Caraguatatuba,2026-07-06,2026-07,2026,2
NÃO PARÇA,CONECTA CARGO,SP,Caraguatatuba,2026-07-20,2026-07,2026,2
NÃO PARÇA,CONECTA CARGO,SP,Cardoso,2026-03-19,2026-03,2026,1
NÃO PARÇA,CONECTA CARGO,SP,Cardoso,2026-05-14,2026-05,2026,1
NÃO PARÇA,CONECTA CARGO,SP,Casa Branca,2026-07-17,2026-07,2026,1
NÃO PARÇA,CONECTA CARGO,SP,Castilho,2026-02-20,2026-02,2026,1
NÃO PARÇA,CONECTA CARGO,SP,Catanduva,2026-02-20,2026-02,2026,1
NÃO PARÇA,CONECTA CARGO,SP,Catanduva,2026-02-27,2026-02,2026,1
NÃO PARÇA,CONECTA CARGO,SP,Catanduva,2026-03-02,2026-03,2026,1
NÃO PARÇA,CONECTA CARGO,SP,Catanduva,2026-03-04,2026-03,2026,1
NÃO PARÇA,CONECTA CARGO,SP,Catanduva,2026-03-06,2026-03,2026,1
NÃO PARÇA,CONECTA CARGO,SP,Catanduva,2026-03-09,2026-03,2026,1
NÃO PARÇA,CONECTA CARGO,SP,Catanduva,2026-04-07,2026-04,2026,1
NÃO PARÇA,CONECTA CARGO,SP,Catanduva,2026-04-08,2026-04,2026,1
NÃO PARÇA,CONECTA CARGO,SP,Catanduva,2026-04-16,2026-04,2026,1
NÃO PARÇA,CONECTA CARGO,SP,Catanduva,2026-06-09,2026-06,2026,2
NÃO PARÇA,CONECTA CARGO,SP,Catanduva,2026-06-19,2026-06,2026,2
NÃO PARÇA,CONECTA CARGO,SP,Catanduva,2026-07-01,2026-07,2026,1
NÃO PARÇA,CONECTA CARGO,SP,Catanduva,2026-07-16,2026-07,2026,1
NÃO PARÇA,CONECTA CARGO,SP,Cedral,2026-06-09,2026-06,2026,1
NÃO PARÇA,CONECTA CARGO,SP,Cerqueira Cesar,2026-06-18,2026-06,2026,1
NÃO PARÇA,CONECTA CARGO,SP,Charqueada,2026-03-19,2026-03,2026,1
NÃO PARÇA,CONECTA CARGO,SP,Charqueada,2026-06-18,2026-06,2026,1
NÃO PARÇA,CONECTA CARGO,SP,Clementina,2026-04-10,2026-04,2026,1
NÃO PARÇA,CONECTA CARGO,SP,Colina,2026-06-09,2026-06,2026,1
NÃO PARÇA,CONECTA CARGO,SP,Colina,2026-07-07,2026-07,2026,1
NÃO PARÇA,CONECTA CARGO,SP,Conchas,2026-06-11,2026-06,2026,1
NÃO PARÇA,CONECTA CARGO,SP,Conchas,2026-06-25,2026-06,2026,1
NÃO PARÇA,CONECTA CARGO,SP,Coronel Macedo,2026-07-09,2026-07,2026,1
NÃO PARÇA,CONECTA CARGO,SP,Cosmorama,2026-03-19,2026-03,2026,1
NÃO PARÇA,CONECTA CARGO,SP,Cotia,2026-05-06,2026-05,2026,2
NÃO PARÇA,CONECTA CARGO,SP,Cotia,2026-05-15,2026-05,2026,1
NÃO PARÇA,CONECTA CARGO,SP,Cotia,2026-05-21,2026-05,2026,1
NÃO PARÇA,CONECTA CARGO,SP,Cotia,2026-05-25,2026-05,2026,1
NÃO PARÇA,CONECTA CARGO,SP,Cotia,2026-05-27,2026-05,2026,1
NÃO PARÇA,CONECTA CARGO,SP,Cotia,2026-05-28,2026-05,2026,2
NÃO PARÇA,CONECTA CARGO,SP,Cotia,2026-06-01,2026-06,2026,1
NÃO PARÇA,CONECTA CARGO,SP,Cotia,2026-06-02,2026-06,2026,2
NÃO PARÇA,CONECTA CARGO,SP,Cotia,2026-06-05,2026-06,2026,2
NÃO PARÇA,CONECTA CARGO,SP,Cotia,2026-06-10,2026-06,2026,2
NÃO PARÇA,CONECTA CARGO,SP,Cotia,2026-06-12,2026-06,2026,2
NÃO PARÇA,CONECTA CARGO,SP,Cravinhos,2026-01-07,2026-01,2026,1
NÃO PARÇA,CONECTA CARGO,SP,Cravinhos,2026-01-09,2026-01,2026,1
NÃO PARÇA,CONECTA CARGO,SP,Cravinhos,2026-01-23,2026-01,2026,1
NÃO PARÇA,CONECTA CARGO,SP,Cravinhos,2026-06-18,2026-06,2026,1
NÃO PARÇA,CONECTA CARGO,SP,Cravinhos,2026-06-26,2026-06,2026,1
NÃO PARÇA,CONECTA CARGO,SP,Cruzalia,2026-05-18,2026-05,2026,1
NÃO PARÇA,CONECTA CARGO,SP,Cruzeiro,2026-01-07,2026-01,2026,1
NÃO PARÇA,CONECTA CARGO,SP,Cruzeiro,2026-02-13,2026-02,2026,1
NÃO PARÇA,CONECTA CARGO,SP,Cruzeiro,2026-02-15,2026-02,2026,1
NÃO PARÇA,CONECTA CARGO,SP,Cruzeiro,2026-03-04,2026-03,2026,1
NÃO PARÇA,CONECTA CARGO,SP,Cruzeiro,2026-04-14,2026-04,2026,1
NÃO PARÇA,CONECTA CARGO,SP,Cruzeiro,2026-04-24,2026-04,2026,1
NÃO PARÇA,CONECTA CARGO,SP,Cruzeiro,2026-05-20,2026-05,2026,1
NÃO PARÇA,CONECTA CARGO,SP,Cubatao,2026-01-08,2026-01,2026,1
NÃO PARÇA,CONECTA CARGO,SP,Cubatao,2026-01-11,2026-01,2026,1
NÃO PARÇA,CONECTA CARGO,SP,Cubatao,2026-01-16,2026-01,2026,1
NÃO PARÇA,CONECTA CARGO,SP,Cubatao,2026-01-21,2026-01,2026,1
NÃO PARÇA,CONECTA CARGO,SP,Cubatao,2026-01-26,2026-01,2026,1
NÃO PARÇA,CONECTA CARGO,SP,Cubatao,2026-01-27,2026-01,2026,1
NÃO PARÇA,CONECTA CARGO,SP,Cubatao,2026-01-30,2026-01,2026,1
NÃO PARÇA,CONECTA CARGO,SP,Cubatao,2026-03-10,2026-03,2026,1
NÃO PARÇA,CONECTA CARGO,SP,Cubatao,2026-03-19,2026-03,2026,1
NÃO PARÇA,CONECTA CARGO,SP,Cubatao,2026-03-24,2026-03,2026,1
NÃO PARÇA,CONECTA CARGO,SP,Cubatao,2026-03-31,2026-03,2026,1
NÃO PARÇA,CONECTA CARGO,SP,Cubatao,2026-04-01,2026-04,2026,1
NÃO PARÇA,CONECTA CARGO,SP,Cubatao,2026-04-03,2026-04,2026,1
NÃO PARÇA,CONECTA CARGO,SP,Cubatao,2026-04-06,2026-04,2026,1
NÃO PARÇA,CONECTA CARGO,SP,Cubatao,2026-04-13,2026-04,2026,1
NÃO PARÇA,CONECTA CARGO,SP,Cubatao,2026-04-14,2026-04,2026,1
NÃO PARÇA,CONECTA CARGO,SP,Cubatao,2026-04-29,2026-04,2026,1
NÃO PARÇA,CONECTA CARGO,SP,Cubatao,2026-05-05,2026-05,2026,1
NÃO PARÇA,CONECTA CARGO,SP,Cubatao,2026-05-20,2026-05,2026,1
NÃO PARÇA,CONECTA CARGO,SP,Cubatao,2026-05-28,2026-05,2026,1
NÃO PARÇA,CONECTA CARGO,SP,Cubatao,2026-05-29,2026-05,2026,1
NÃO PARÇA,CONECTA CARGO,SP,Cubatao,2026-06-15,2026-06,2026,1
NÃO PARÇA,CONECTA CARGO,SP,Cubatao,2026-06-16,2026-06,2026,1
NÃO PARÇA,CONECTA CARGO,SP,Cubatao,2026-07-01,2026-07,2026,2
NÃO PARÇA,CONECTA CARGO,SP,Cubatao,2026-07-06,2026-07,2026,1
NÃO PARÇA,CONECTA CARGO,SP,Cubatao,2026-07-10,2026-07,2026,2
NÃO PARÇA,CONECTA CARGO,SP,Cubatao,2026-07-21,2026-07,2026,2
NÃO PARÇA,CONECTA CARGO,SP,Cubatao,2026-07-22,2026-07,2026,1
NÃO PARÇA,CONECTA CARGO,SP,Cubatao,2026-07-23,2026-07,2026,1
NÃO PARÇA,CONECTA CARGO,SP,Cubatao,2026-07-24,2026-07,2026,1
NÃO PARÇA,CONECTA CARGO,SP,Cunha,2026-07-23,2026-07,2026,1
NÃO PARÇA,CONECTA CARGO,SP,Descalvado,2026-03-06,2026-03,2026,1
NÃO PARÇA,CONECTA CARGO,SP,Descalvado,2026-06-19,2026-06,2026,1
NÃO PARÇA,CONECTA CARGO,SP,Dobrada,2026-03-27,2026-03,2026,1
NÃO PARÇA,CONECTA CARGO,SP,Dobrada,2026-06-02,2026-06,2026,1
NÃO PARÇA,CONECTA CARGO,SP,Dois Corregos,2026-05-19,2026-05,2026,1
NÃO PARÇA,CONECTA CARGO,SP,Dourado,2026-02-03,2026-02,2026,1
NÃO PARÇA,CONECTA CARGO,SP,Dourado,2026-02-24,2026-02,2026,1
NÃO PARÇA,CONECTA CARGO,SP,Dracena,2026-01-08,2026-01,2026,1
NÃO PARÇA,CONECTA CARGO,SP,Dracena,2026-02-03,2026-02,2026,1
NÃO PARÇA,CONECTA CARGO,SP,Dracena,2026-02-09,2026-02,2026,1
NÃO PARÇA,CONECTA CARGO,SP,Dracena,2026-04-13,2026-04,2026,1
NÃO PARÇA,CONECTA CARGO,SP,Dracena,2026-05-20,2026-05,2026,1
NÃO PARÇA,CONECTA CARGO,SP,Dracena,2026-07-21,2026-07,2026,1
NÃO PARÇA,CONECTA CARGO,SP,Dumont,2026-05-04,2026-05,2026,1
NÃO PARÇA,CONECTA CARGO,SP,Embu Guacu,2026-05-20,2026-05,2026,1
NÃO PARÇA,CONECTA CARGO,SP,Embu Guacu,2026-06-12,2026-06,2026,1
NÃO PARÇA,CONECTA CARGO,SP,Embu Guacu,2026-07-06,2026-07,2026,1
NÃO PARÇA,CONECTA CARGO,SP,Embu Guacu,2026-07-10,2026-07,2026,1
NÃO PARÇA,CONECTA CARGO,SP,Embu Guacu,2026-07-21,2026-07,2026,1
NÃO PARÇA,CONECTA CARGO,SP,Embu das Artes,2026-05-29,2026-05,2026,1
NÃO PARÇA,CONECTA CARGO,SP,Embu das Artes,2026-06-09,2026-06,2026,1
NÃO PARÇA,CONECTA CARGO,SP,Embu das Artes,2026-06-12,2026-06,2026,1
NÃO PARÇA,CONECTA CARGO,SP,Estrela DOeste,2026-01-12,2026-01,2026,1
NÃO PARÇA,CONECTA CARGO,SP,Fernando Prestes,2026-01-21,2026-01,2026,1
NÃO PARÇA,CONECTA CARGO,SP,Fernando Prestes,2026-02-17,2026-02,2026,1
NÃO PARÇA,CONECTA CARGO,SP,Fernando Prestes,2026-03-16,2026-03,2026,1
NÃO PARÇA,CONECTA CARGO,SP,Fernandopolis,2026-01-12,2026-01,2026,1
NÃO PARÇA,CONECTA CARGO,SP,Fernandopolis,2026-01-13,2026-01,2026,1
NÃO PARÇA,CONECTA CARGO,SP,Fernandopolis,2026-01-21,2026-01,2026,1
NÃO PARÇA,CONECTA CARGO,SP,Fernandopolis,2026-01-27,2026-01,2026,1
NÃO PARÇA,CONECTA CARGO,SP,Fernandopolis,2026-01-29,2026-01,2026,1
NÃO PARÇA,CONECTA CARGO,SP,Fernandopolis,2026-02-05,2026-02,2026,1
NÃO PARÇA,CONECTA CARGO,SP,Fernandopolis,2026-03-04,2026-03,2026,1
NÃO PARÇA,CONECTA CARGO,SP,Fernandopolis,2026-03-23,2026-03,2026,1
NÃO PARÇA,CONECTA CARGO,SP,Fernandopolis,2026-03-25,2026-03,2026,1
NÃO PARÇA,CONECTA CARGO,SP,Fernandopolis,2026-03-26,2026-03,2026,1
NÃO PARÇA,CONECTA CARGO,SP,Fernandopolis,2026-03-27,2026-03,2026,1
NÃO PARÇA,CONECTA CARGO,SP,Fernandopolis,2026-04-01,2026-04,2026,1
NÃO PARÇA,CONECTA CARGO,SP,Fernandopolis,2026-04-07,2026-04,2026,1
NÃO PARÇA,CONECTA CARGO,SP,Fernandopolis,2026-04-16,2026-04,2026,2
NÃO PARÇA,CONECTA CARGO,SP,Fernandopolis,2026-06-03,2026-06,2026,1
NÃO PARÇA,CONECTA CARGO,SP,Fernandopolis,2026-06-18,2026-06,2026,1
NÃO PARÇA,CONECTA CARGO,SP,Fernandopolis,2026-06-29,2026-06,2026,1
NÃO PARÇA,CONECTA CARGO,SP,Fernandopolis,2026-07-06,2026-07,2026,1
NÃO PARÇA,CONECTA CARGO,SP,Fernandopolis,2026-07-21,2026-07,2026,1
NÃO PARÇA,CONECTA CARGO,SP,Franca,2026-01-20,2026-01,2026,1
NÃO PARÇA,CONECTA CARGO,SP,Franca,2026-01-26,2026-01,2026,1
NÃO PARÇA,CONECTA CARGO,SP,Franca,2026-01-28,2026-01,2026,1
NÃO PARÇA,CONECTA CARGO,SP,Franca,2026-01-30,2026-01,2026,1
NÃO PARÇA,CONECTA CARGO,SP,Franca,2026-02-02,2026-02,2026,1
NÃO PARÇA,CONECTA CARGO,SP,Franca,2026-02-05,2026-02,2026,1
NÃO PARÇA,CONECTA CARGO,SP,Franca,2026-02-10,2026-02,2026,1
NÃO PARÇA,CONECTA CARGO,SP,Franca,2026-02-19,2026-02,2026,1
NÃO PARÇA,CONECTA CARGO,SP,Franca,2026-02-24,2026-02,2026,1
NÃO PARÇA,CONECTA CARGO,SP,Franca,2026-02-27,2026-02,2026,1
NÃO PARÇA,CONECTA CARGO,SP,Franca,2026-03-04,2026-03,2026,1
NÃO PARÇA,CONECTA CARGO,SP,Franca,2026-03-06,2026-03,2026,1
NÃO PARÇA,CONECTA CARGO,SP,Franca,2026-03-13,2026-03,2026,1
NÃO PARÇA,CONECTA CARGO,SP,Franca,2026-03-21,2026-03,2026,2
NÃO PARÇA,CONECTA CARGO,SP,Franca,2026-03-27,2026-03,2026,1
NÃO PARÇA,CONECTA CARGO,SP,Franca,2026-03-30,2026-03,2026,1
NÃO PARÇA,CONECTA CARGO,SP,Franca,2026-04-02,2026-04,2026,1
NÃO PARÇA,CONECTA CARGO,SP,Franca,2026-04-07,2026-04,2026,1
NÃO PARÇA,CONECTA CARGO,SP,Franca,2026-04-24,2026-04,2026,1
NÃO PARÇA,CONECTA CARGO,SP,Franca,2026-04-30,2026-04,2026,1
NÃO PARÇA,CONECTA CARGO,SP,Franca,2026-05-05,2026-05,2026,1
NÃO PARÇA,CONECTA CARGO,SP,Francisco Morato,2026-05-22,2026-05,2026,1
NÃO PARÇA,CONECTA CARGO,SP,Francisco Morato,2026-05-23,2026-05,2026,1
NÃO PARÇA,CONECTA CARGO,SP,Francisco Morato,2026-05-27,2026-05,2026,1
NÃO PARÇA,CONECTA CARGO,SP,Francisco Morato,2026-06-05,2026-06,2026,1
NÃO PARÇA,CONECTA CARGO,SP,Francisco Morato,2026-06-09,2026-06,2026,1
NÃO PARÇA,CONECTA CARGO,SP,Francisco Morato,2026-06-10,2026-06,2026,1
NÃO PARÇA,CONECTA CARGO,SP,Franco da Rocha,2026-05-12,2026-05,2026,1
NÃO PARÇA,CONECTA CARGO,SP,Franco da Rocha,2026-05-15,2026-05,2026,1
NÃO PARÇA,CONECTA CARGO,SP,Franco da Rocha,2026-05-28,2026-05,2026,2
NÃO PARÇA,CONECTA CARGO,SP,Franco da Rocha,2026-05-29,2026-05,2026,3
NÃO PARÇA,CONECTA CARGO,SP,Gaviao Peixoto,2026-01-29,2026-01,2026,1
NÃO PARÇA,CONECTA CARGO,SP,Gaviao Peixoto,2026-04-27,2026-04,2026,1
NÃO PARÇA,CONECTA CARGO,SP,Guaira,2026-02-25,2026-02,2026,1
NÃO PARÇA,CONECTA CARGO,SP,Guaira,2026-06-10,2026-06,2026,1
NÃO PARÇA,CONECTA CARGO,SP,Guaira,2026-07-01,2026-07,2026,1
NÃO PARÇA,CONECTA CARGO,SP,Guapiacu,2026-05-27,2026-05,2026,1
NÃO PARÇA,CONECTA CARGO,SP,Guaraci,2026-04-13,2026-04,2026,1
NÃO PARÇA,CONECTA CARGO,SP,Guaraci,2026-06-01,2026-06,2026,1
NÃO PARÇA,CONECTA CARGO,SP,Guaraci,2026-06-11,2026-06,2026,1
NÃO PARÇA,CONECTA CARGO,SP,Guaranta,2026-05-27,2026-05,2026,1
NÃO PARÇA,CONECTA CARGO,SP,Guararapes,2026-01-15,2026-01,2026,1
NÃO PARÇA,CONECTA CARGO,SP,Guararapes,2026-03-16,2026-03,2026,1
NÃO PARÇA,CONECTA CARGO,SP,Guararapes,2026-03-24,2026-03,2026,1
NÃO PARÇA,CONECTA CARGO,SP,Guararapes,2026-03-30,2026-03,2026,1
NÃO PARÇA,CONECTA CARGO,SP,Guararapes,2026-03-31,2026-03,2026,1
NÃO PARÇA,CONECTA CARGO,SP,Guararapes,2026-04-06,2026-04,2026,1
NÃO PARÇA,CONECTA CARGO,SP,Guararema,2026-02-17,2026-02,2026,1
NÃO PARÇA,CONECTA CARGO,SP,Guararema,2026-04-02,2026-04,2026,1
NÃO PARÇA,CONECTA CARGO,SP,Guararema,2026-05-11,2026-05,2026,1
NÃO PARÇA,CONECTA CARGO,SP,Guararema,2026-05-19,2026-05,2026,1
NÃO PARÇA,CONECTA CARGO,SP,Guararema,2026-06-08,2026-06,2026,2
NÃO PARÇA,CONECTA CARGO,SP,Guararema,2026-06-15,2026-06,2026,2
NÃO PARÇA,CONECTA CARGO,SP,Guararema,2026-07-01,2026-07,2026,1
NÃO PARÇA,CONECTA CARGO,SP,Guararema,2026-07-02,2026-07,2026,1
NÃO PARÇA,CONECTA CARGO,SP,Guaratingueta,2026-01-16,2026-01,2026,1
NÃO PARÇA,CONECTA CARGO,SP,Guaratingueta,2026-02-02,2026-02,2026,1
NÃO PARÇA,CONECTA CARGO,SP,Guaratingueta,2026-02-09,2026-02,2026,2
NÃO PARÇA,CONECTA CARGO,SP,Guaratingueta,2026-02-23,2026-02,2026,1
NÃO PARÇA,CONECTA CARGO,SP,Guaratingueta,2026-03-04,2026-03,2026,1
NÃO PARÇA,CONECTA CARGO,SP,Guaratingueta,2026-03-09,2026-03,2026,1
NÃO PARÇA,CONECTA CARGO,SP,Guaratingueta,2026-03-17,2026-03,2026,1
NÃO PARÇA,CONECTA CARGO,SP,Guaratingueta,2026-03-20,2026-03,2026,1
NÃO PARÇA,CONECTA CARGO,SP,Guaratingueta,2026-04-14,2026-04,2026,1
NÃO PARÇA,CONECTA CARGO,SP,Guaratingueta,2026-04-16,2026-04,2026,1
NÃO PARÇA,CONECTA CARGO,SP,Guaratingueta,2026-04-17,2026-04,2026,2
NÃO PARÇA,CONECTA CARGO,SP,Guaratingueta,2026-04-22,2026-04,2026,1
NÃO PARÇA,CONECTA CARGO,SP,Guaratingueta,2026-06-01,2026-06,2026,3
NÃO PARÇA,CONECTA CARGO,SP,Guaratingueta,2026-06-05,2026-06,2026,1
NÃO PARÇA,CONECTA CARGO,SP,Guaratingueta,2026-06-12,2026-06,2026,1
NÃO PARÇA,CONECTA CARGO,SP,Guaratingueta,2026-06-17,2026-06,2026,1
NÃO PARÇA,CONECTA CARGO,SP,Guaratingueta,2026-07-10,2026-07,2026,1
NÃO PARÇA,CONECTA CARGO,SP,Guaratingueta,2026-07-14,2026-07,2026,1
NÃO PARÇA,CONECTA CARGO,SP,Guaratingueta,2026-07-27,2026-07,2026,1
NÃO PARÇA,CONECTA CARGO,SP,Guariba,2026-01-06,2026-01,2026,1
NÃO PARÇA,CONECTA CARGO,SP,Guariba,2026-01-08,2026-01,2026,1
NÃO PARÇA,CONECTA CARGO,SP,Guariba,2026-01-19,2026-01,2026,1
NÃO PARÇA,CONECTA CARGO,SP,Guariba,2026-02-19,2026-02,2026,1
NÃO PARÇA,CONECTA CARGO,SP,Guariba,2026-06-02,2026-06,2026,2
NÃO PARÇA,CONECTA CARGO,SP,Guariba,2026-06-12,2026-06,2026,1
NÃO PARÇA,CONECTA CARGO,SP,Guzolandia,2026-03-17,2026-03,2026,1
NÃO PARÇA,CONECTA CARGO,SP,Guzolandia,2026-05-22,2026-05,2026,1
NÃO PARÇA,CONECTA CARGO,SP,Iacanga,2026-03-02,2026-03,2026,1
NÃO PARÇA,CONECTA CARGO,SP,Iacanga,2026-03-18,2026-03,2026,1
NÃO PARÇA,CONECTA CARGO,SP,Iacanga,2026-04-15,2026-04,2026,1
NÃO PARÇA,CONECTA CARGO,SP,Iacri,2026-01-16,2026-01,2026,1
NÃO PARÇA,CONECTA CARGO,SP,Iaras,2026-01-22,2026-01,2026,1
NÃO PARÇA,CONECTA CARGO,SP,Ibate,2026-01-02,2026-01,2026,1
NÃO PARÇA,CONECTA CARGO,SP,Ibate,2026-01-21,2026-01,2026,1
NÃO PARÇA,CONECTA CARGO,SP,Ibate,2026-01-27,2026-01,2026,1
NÃO PARÇA,CONECTA CARGO,SP,Ibate,2026-02-10,2026-02,2026,1
NÃO PARÇA,CONECTA CARGO,SP,Ibira,2026-04-06,2026-04,2026,1
NÃO PARÇA,CONECTA CARGO,SP,Ibira,2026-04-27,2026-04,2026,1
NÃO PARÇA,CONECTA CARGO,SP,Ibira,2026-05-19,2026-05,2026,1
NÃO PARÇA,CONECTA CARGO,SP,Ibitinga,2026-02-27,2026-02,2026,1
NÃO PARÇA,CONECTA CARGO,SP,Ibitinga,2026-03-17,2026-03,2026,1
NÃO PARÇA,CONECTA CARGO,SP,Ibitinga,2026-03-18,2026-03,2026,1
NÃO PARÇA,CONECTA CARGO,SP,Ibitinga,2026-04-22,2026-04,2026,1
NÃO PARÇA,CONECTA CARGO,SP,Ibitinga,2026-06-10,2026-06,2026,2
NÃO PARÇA,CONECTA CARGO,SP,Ibitinga,2026-06-12,2026-06,2026,1
NÃO PARÇA,CONECTA CARGO,SP,Ibitinga,2026-06-17,2026-06,2026,1
NÃO PARÇA,CONECTA CARGO,SP,Ibitinga,2026-07-01,2026-07,2026,1
NÃO PARÇA,CONECTA CARGO,SP,Icem,2026-04-13,2026-04,2026,1
NÃO PARÇA,CONECTA CARGO,SP,Iepe,2026-04-16,2026-04,2026,1
NÃO PARÇA,CONECTA CARGO,SP,Iepe,2026-07-02,2026-07,2026,1
NÃO PARÇA,CONECTA CARGO,SP,Iepe,2026-07-03,2026-07,2026,1
NÃO PARÇA,CONECTA CARGO,SP,Igaracu do Tiete,2026-01-27,2026-01,2026,1
NÃO PARÇA,CONECTA CARGO,SP,Igarapava,2026-03-19,2026-03,2026,2
NÃO PARÇA,CONECTA CARGO,SP,Igarapava,2026-03-30,2026-03,2026,1
NÃO PARÇA,CONECTA CARGO,SP,Igarata,2026-03-06,2026-03,2026,2
NÃO PARÇA,CONECTA CARGO,SP,Igarata,2026-03-16,2026-03,2026,1
NÃO PARÇA,CONECTA CARGO,SP,Igarata,2026-03-27,2026-03,2026,1
NÃO PARÇA,CONECTA CARGO,SP,Igarata,2026-04-14,2026-04,2026,1
NÃO PARÇA,CONECTA CARGO,SP,Igarata,2026-05-14,2026-05,2026,3
NÃO PARÇA,CONECTA CARGO,SP,Iguape,2026-01-07,2026-01,2026,1
NÃO PARÇA,CONECTA CARGO,SP,Iguape,2026-01-30,2026-01,2026,1
NÃO PARÇA,CONECTA CARGO,SP,Iguape,2026-02-04,2026-02,2026,1
NÃO PARÇA,CONECTA CARGO,SP,Iguape,2026-02-09,2026-02,2026,1
NÃO PARÇA,CONECTA CARGO,SP,Iguape,2026-05-28,2026-05,2026,1
NÃO PARÇA,CONECTA CARGO,SP,Ilha Comprida,2026-03-23,2026-03,2026,1
NÃO PARÇA,CONECTA CARGO,SP,Ilha Comprida,2026-04-29,2026-04,2026,2
NÃO PARÇA,CONECTA CARGO,SP,Ilha Comprida,2026-06-09,2026-06,2026,1
NÃO PARÇA,CONECTA CARGO,SP,Ilha Comprida,2026-06-22,2026-06,2026,1
NÃO PARÇA,CONECTA CARGO,SP,Ilha Comprida,2026-07-14,2026-07,2026,1
NÃO PARÇA,CONECTA CARGO,SP,Ilha Solteira,2026-01-26,2026-01,2026,1
NÃO PARÇA,CONECTA CARGO,SP,Ilha Solteira,2026-05-15,2026-05,2026,1
NÃO PARÇA,CONECTA CARGO,SP,Ilha Solteira,2026-05-21,2026-05,2026,1
NÃO PARÇA,CONECTA CARGO,SP,Ilha Solteira,2026-06-05,2026-06,2026,1
NÃO PARÇA,CONECTA CARGO,SP,Ilha Solteira,2026-06-12,2026-06,2026,1
NÃO PARÇA,CONECTA CARGO,SP,Ilha Solteira,2026-07-22,2026-07,2026,1
NÃO PARÇA,CONECTA CARGO,SP,Ilhabela,2026-01-17,2026-01,2026,1
NÃO PARÇA,CONECTA CARGO,SP,Ilhabela,2026-02-02,2026-02,2026,1
NÃO PARÇA,CONECTA CARGO,SP,Ilhabela,2026-02-06,2026-02,2026,1
NÃO PARÇA,CONECTA CARGO,SP,Ilhabela,2026-03-12,2026-03,2026,1
NÃO PARÇA,CONECTA CARGO,SP,Ilhabela,2026-03-17,2026-03,2026,1
NÃO PARÇA,CONECTA CARGO,SP,Ilhabela,2026-04-23,2026-04,2026,1
NÃO PARÇA,CONECTA CARGO,SP,Ilhabela,2026-06-01,2026-06,2026,1
NÃO PARÇA,CONECTA CARGO,SP,Indiapora,2026-07-15,2026-07,2026,1
NÃO PARÇA,CONECTA CARGO,SP,Inubia Paulista,2026-05-08,2026-05,2026,1
NÃO PARÇA,CONECTA CARGO,SP,Ipaussu,2026-07-23,2026-07,2026,1
NÃO PARÇA,CONECTA CARGO,SP,Ipua,2026-01-06,2026-01,2026,1
NÃO PARÇA,CONECTA CARGO,SP,Ipua,2026-05-08,2026-05,2026,1
NÃO PARÇA,CONECTA CARGO,SP,Ipua,2026-05-12,2026-05,2026,1
NÃO PARÇA,CONECTA CARGO,SP,Irapuru,2026-02-04,2026-02,2026,1
NÃO PARÇA,CONECTA CARGO,SP,Irapuru,2026-04-10,2026-04,2026,1
NÃO PARÇA,CONECTA CARGO,SP,Irapuru,2026-07-13,2026-07,2026,1
NÃO PARÇA,CONECTA CARGO,SP,Itai,2026-02-12,2026-02,2026,1
NÃO PARÇA,CONECTA CARGO,SP,Itai,2026-04-23,2026-04,2026,1
NÃO PARÇA,CONECTA CARGO,SP,Itajobi,2026-01-15,2026-01,2026,2
NÃO PARÇA,CONECTA CARGO,SP,Itajobi,2026-03-20,2026-03,2026,1
NÃO PARÇA,CONECTA CARGO,SP,Itajobi,2026-04-29,2026-04,2026,1
NÃO PARÇA,CONECTA CARGO,SP,Itajobi,2026-05-06,2026-05,2026,1
NÃO PARÇA,CONECTA CARGO,SP,Itapecerica da Serra,2026-05-19,2026-05,2026,1
NÃO PARÇA,CONECTA CARGO,SP,Itapetininga,2026-01-21,2026-01,2026,2
NÃO PARÇA,CONECTA CARGO,SP,Itapetininga,2026-01-30,2026-01,2026,2
NÃO PARÇA,CONECTA CARGO,SP,Itapetininga,2026-02-04,2026-02,2026,1
NÃO PARÇA,CONECTA CARGO,SP,Itapetininga,2026-02-09,2026-02,2026,1
NÃO PARÇA,CONECTA CARGO,SP,Itapetininga,2026-02-12,2026-02,2026,1
NÃO PARÇA,CONECTA CARGO,SP,Itapetininga,2026-04-01,2026-04,2026,1
NÃO PARÇA,CONECTA CARGO,SP,Itapetininga,2026-04-28,2026-04,2026,1
NÃO PARÇA,CONECTA CARGO,SP,Itapetininga,2026-05-04,2026-05,2026,2
NÃO PARÇA,CONECTA CARGO,SP,Itapetininga,2026-06-11,2026-06,2026,1
NÃO PARÇA,CONECTA CARGO,SP,Itapetininga,2026-06-22,2026-06,2026,1
NÃO PARÇA,CONECTA CARGO,SP,Itapetininga,2026-07-01,2026-07,2026,2
NÃO PARÇA,CONECTA CARGO,SP,Itapetininga,2026-07-02,2026-07,2026,1
NÃO PARÇA,CONECTA CARGO,SP,Itapetininga,2026-07-08,2026-07,2026,2
NÃO PARÇA,CONECTA CARGO,SP,Itapetininga,2026-07-16,2026-07,2026,1
NÃO PARÇA,CONECTA CARGO,SP,Itapetininga,2026-07-17,2026-07,2026,2
NÃO PARÇA,CONECTA CARGO,SP,Itapeva,2026-02-05,2026-02,2026,1
NÃO PARÇA,CONECTA CARGO,SP,Itapeva,2026-02-12,2026-02,2026,1
NÃO PARÇA,CONECTA CARGO,SP,Itapeva,2026-02-19,2026-02,2026,1
NÃO PARÇA,CONECTA CARGO,SP,Itapeva,2026-02-26,2026-02,2026,1
NÃO PARÇA,CONECTA CARGO,SP,Itapeva,2026-03-05,2026-03,2026,2
NÃO PARÇA,CONECTA CARGO,SP,Itapeva,2026-03-09,2026-03,2026,1
NÃO PARÇA,CONECTA CARGO,SP,Itapeva,2026-05-06,2026-05,2026,1
NÃO PARÇA,CONECTA CARGO,SP,Itapeva,2026-05-07,2026-05,2026,1
NÃO PARÇA,CONECTA CARGO,SP,Itapeva,2026-05-15,2026-05,2026,1
NÃO PARÇA,CONECTA CARGO,SP,Itapeva,2026-06-11,2026-06,2026,1
NÃO PARÇA,CONECTA CARGO,SP,Itapeva,2026-06-15,2026-06,2026,1
NÃO PARÇA,CONECTA CARGO,SP,Itapeva,2026-06-25,2026-06,2026,1
NÃO PARÇA,CONECTA CARGO,SP,Itapeva,2026-07-02,2026-07,2026,1
NÃO PARÇA,CONECTA CARGO,SP,Itapeva,2026-07-20,2026-07,2026,1
NÃO PARÇA,CONECTA CARGO,SP,Itapevi,2026-05-19,2026-05,2026,2
NÃO PARÇA,CONECTA CARGO,SP,Itapevi,2026-05-22,2026-05,2026,1
NÃO PARÇA,CONECTA CARGO,SP,Itapevi,2026-05-26,2026-05,2026,1
NÃO PARÇA,CONECTA CARGO,SP,Itapevi,2026-05-27,2026-05,2026,2
NÃO PARÇA,CONECTA CARGO,SP,Itapevi,2026-05-28,2026-05,2026,1
NÃO PARÇA,CONECTA CARGO,SP,Itapevi,2026-06-24,2026-06,2026,1
NÃO PARÇA,CONECTA CARGO,SP,Itapira,2026-01-12,2026-01,2026,1
NÃO PARÇA,CONECTA CARGO,SP,Itapira,2026-02-12,2026-02,2026,1
NÃO PARÇA,CONECTA CARGO,SP,Itapira,2026-03-16,2026-03,2026,1
NÃO PARÇA,CONECTA CARGO,SP,Itapira,2026-03-31,2026-03,2026,1
NÃO PARÇA,CONECTA CARGO,SP,Itapira,2026-04-06,2026-04,2026,1
NÃO PARÇA,CONECTA CARGO,SP,Itapira,2026-04-07,2026-04,2026,1
NÃO PARÇA,CONECTA CARGO,SP,Itapolis,2026-01-14,2026-01,2026,1
NÃO PARÇA,CONECTA CARGO,SP,Itapolis,2026-01-21,2026-01,2026,1
NÃO PARÇA,CONECTA CARGO,SP,Itapui,2026-05-12,2026-05,2026,1
NÃO PARÇA,CONECTA CARGO,SP,Itapui,2026-07-01,2026-07,2026,1
NÃO PARÇA,CONECTA CARGO,SP,Itapura,2026-02-09,2026-02,2026,1
NÃO PARÇA,CONECTA CARGO,SP,Itarare,2026-01-08,2026-01,2026,1
NÃO PARÇA,CONECTA CARGO,SP,Itarare,2026-02-20,2026-02,2026,1
NÃO PARÇA,CONECTA CARGO,SP,Itarare,2026-04-09,2026-04,2026,1
NÃO PARÇA,CONECTA CARGO,SP,Itarare,2026-05-19,2026-05,2026,1
NÃO PARÇA,CONECTA CARGO,SP,Itarare,2026-06-05,2026-06,2026,1
NÃO PARÇA,CONECTA CARGO,SP,Itarare,2026-07-10,2026-07,2026,1
NÃO PARÇA,CONECTA CARGO,SP,Itariri,2026-07-14,2026-07,2026,1
NÃO PARÇA,CONECTA CARGO,SP,Itatinga,2026-03-26,2026-03,2026,1
NÃO PARÇA,CONECTA CARGO,SP,Itirapina,2026-01-13,2026-01,2026,1
NÃO PARÇA,CONECTA CARGO,SP,Itirapua,2026-01-16,2026-01,2026,1
NÃO PARÇA,CONECTA CARGO,SP,Itobi,2026-04-01,2026-04,2026,1
NÃO PARÇA,CONECTA CARGO,SP,Ituverava,2026-03-11,2026-03,2026,1
NÃO PARÇA,CONECTA CARGO,SP,Ituverava,2026-07-06,2026-07,2026,1
NÃO PARÇA,CONECTA CARGO,SP,Jaborandi,2026-04-08,2026-04,2026,1
NÃO PARÇA,CONECTA CARGO,SP,Jaborandi,2026-07-23,2026-07,2026,1
NÃO PARÇA,CONECTA CARGO,SP,Jaboticabal,2026-01-13,2026-01,2026,1
NÃO PARÇA,CONECTA CARGO,SP,Jaboticabal,2026-01-28,2026-01,2026,1
NÃO PARÇA,CONECTA CARGO,SP,Jaboticabal,2026-02-11,2026-02,2026,1
NÃO PARÇA,CONECTA CARGO,SP,Jaboticabal,2026-03-18,2026-03,2026,1
NÃO PARÇA,CONECTA CARGO,SP,Jaboticabal,2026-04-01,2026-04,2026,1
NÃO PARÇA,CONECTA CARGO,SP,Jaboticabal,2026-04-23,2026-04,2026,1
NÃO PARÇA,CONECTA CARGO,SP,Jaboticabal,2026-07-06,2026-07,2026,1
NÃO PARÇA,CONECTA CARGO,SP,Jaboticabal,2026-07-15,2026-07,2026,1
NÃO PARÇA,CONECTA CARGO,SP,Jaci,2026-05-18,2026-05,2026,1
NÃO PARÇA,CONECTA CARGO,SP,Jacupiranga,2026-05-05,2026-05,2026,1
NÃO PARÇA,CONECTA CARGO,SP,Jacupiranga,2026-05-21,2026-05,2026,1
NÃO PARÇA,CONECTA CARGO,SP,Jales,2026-01-28,2026-01,2026,1
NÃO PARÇA,CONECTA CARGO,SP,Jales,2026-05-11,2026-05,2026,1
NÃO PARÇA,CONECTA CARGO,SP,Jales,2026-05-28,2026-05,2026,1
NÃO PARÇA,CONECTA CARGO,SP,Jales,2026-06-05,2026-06,2026,1
NÃO PARÇA,CONECTA CARGO,SP,Jales,2026-06-26,2026-06,2026,3
NÃO PARÇA,CONECTA CARGO,SP,Jales,2026-07-21,2026-07,2026,1
NÃO PARÇA,CONECTA CARGO,SP,Jardinopolis,2026-01-26,2026-01,2026,1
NÃO PARÇA,CONECTA CARGO,SP,Jardinopolis,2026-03-04,2026-03,2026,1
NÃO PARÇA,CONECTA CARGO,SP,Jardinopolis,2026-06-30,2026-06,2026,1
NÃO PARÇA,CONECTA CARGO,SP,Jardinopolis,2026-07-17,2026-07,2026,1
NÃO PARÇA,CONECTA CARGO,SP,Jau,2026-01-08,2026-01,2026,1
NÃO PARÇA,CONECTA CARGO,SP,Jau,2026-01-14,2026-01,2026,1
NÃO PARÇA,CONECTA CARGO,SP,Jau,2026-03-03,2026-03,2026,1
NÃO PARÇA,CONECTA CARGO,SP,Joao Ramalho,2026-02-03,2026-02,2026,1
NÃO PARÇA,CONECTA CARGO,SP,Joao Ramalho,2026-07-02,2026-07,2026,1
NÃO PARÇA,CONECTA CARGO,SP,Jose Bonifacio,2026-02-24,2026-02,2026,1
NÃO PARÇA,CONECTA CARGO,SP,Jose Bonifacio,2026-03-23,2026-03,2026,1
NÃO PARÇA,CONECTA CARGO,SP,Jose Bonifacio,2026-03-31,2026-03,2026,1
NÃO PARÇA,CONECTA CARGO,SP,Jose Bonifacio,2026-04-28,2026-04,2026,1
NÃO PARÇA,CONECTA CARGO,SP,Junqueiropolis,2026-02-11,2026-02,2026,1
NÃO PARÇA,CONECTA CARGO,SP,Junqueiropolis,2026-04-07,2026-04,2026,1
NÃO PARÇA,CONECTA CARGO,SP,Juquia,2026-02-11,2026-02,2026,1
NÃO PARÇA,CONECTA CARGO,SP,Juquia,2026-05-12,2026-05,2026,1
NÃO PARÇA,CONECTA CARGO,SP,Juquia,2026-06-01,2026-06,2026,1
NÃO PARÇA,CONECTA CARGO,SP,Laranjal Paulista,2026-06-04,2026-06,2026,1
NÃO PARÇA,CONECTA CARGO,SP,Lencois Paulista,2026-01-15,2026-01,2026,1
NÃO PARÇA,CONECTA CARGO,SP,Lencois Paulista,2026-02-04,2026-02,2026,1
NÃO PARÇA,CONECTA CARGO,SP,Lencois Paulista,2026-02-20,2026-02,2026,1
NÃO PARÇA,CONECTA CARGO,SP,Lencois Paulista,2026-02-26,2026-02,2026,1
NÃO PARÇA,CONECTA CARGO,SP,Lencois Paulista,2026-03-10,2026-03,2026,1
NÃO PARÇA,CONECTA CARGO,SP,Lencois Paulista,2026-03-12,2026-03,2026,1
NÃO PARÇA,CONECTA CARGO,SP,Lindoia,2026-02-04,2026-02,2026,1
NÃO PARÇA,CONECTA CARGO,SP,Lindoia,2026-03-23,2026-03,2026,1
NÃO PARÇA,CONECTA CARGO,SP,Lins,2026-01-14,2026-01,2026,2
NÃO PARÇA,CONECTA CARGO,SP,Lins,2026-02-13,2026-02,2026,1
NÃO PARÇA,CONECTA CARGO,SP,Lins,2026-02-27,2026-02,2026,1
NÃO PARÇA,CONECTA CARGO,SP,Lins,2026-04-24,2026-04,2026,1
NÃO PARÇA,CONECTA CARGO,SP,Lorena,2026-02-13,2026-02,2026,1
NÃO PARÇA,CONECTA CARGO,SP,Lorena,2026-02-19,2026-02,2026,1
NÃO PARÇA,CONECTA CARGO,SP,Lorena,2026-02-20,2026-02,2026,1
NÃO PARÇA,CONECTA CARGO,SP,Lorena,2026-02-25,2026-02,2026,1
NÃO PARÇA,CONECTA CARGO,SP,Lorena,2026-03-27,2026-03,2026,1
NÃO PARÇA,CONECTA CARGO,SP,Lorena,2026-04-01,2026-04,2026,1
NÃO PARÇA,CONECTA CARGO,SP,Lorena,2026-05-20,2026-05,2026,2
NÃO PARÇA,CONECTA CARGO,SP,Lorena,2026-06-09,2026-06,2026,1
NÃO PARÇA,CONECTA CARGO,SP,Lorena,2026-06-22,2026-06,2026,1
NÃO PARÇA,CONECTA CARGO,SP,Lorena,2026-06-29,2026-06,2026,1
NÃO PARÇA,CONECTA CARGO,SP,Lorena,2026-07-10,2026-07,2026,1
NÃO PARÇA,CONECTA CARGO,SP,Lorena,2026-07-20,2026-07,2026,1
NÃO PARÇA,CONECTA CARGO,SP,Lucelia,2026-06-30,2026-06,2026,1
NÃO PARÇA,CONECTA CARGO,SP,Luis Antonio,2026-03-21,2026-03,2026,1
NÃO PARÇA,CONECTA CARGO,SP,Lutecia,2026-03-13,2026-03,2026,1
NÃO PARÇA,CONECTA CARGO,SP,Macatuba,2026-02-04,2026-02,2026,1
NÃO PARÇA,CONECTA CARGO,SP,Manduri,2026-07-02,2026-07,2026,1
NÃO PARÇA,CONECTA CARGO,SP,Maraba Paulista,2026-06-15,2026-06,2026,1
NÃO PARÇA,CONECTA CARGO,SP,Maracai,2026-02-06,2026-02,2026,1
NÃO PARÇA,CONECTA CARGO,SP,Martinopolis,2026-02-02,2026-02,2026,1
NÃO PARÇA,CONECTA CARGO,SP,Martinopolis,2026-05-22,2026-05,2026,1
NÃO PARÇA,CONECTA CARGO,SP,Matao,2026-02-11,2026-02,2026,1
NÃO PARÇA,CONECTA CARGO,SP,Matao,2026-02-20,2026-02,2026,1
NÃO PARÇA,CONECTA CARGO,SP,Matao,2026-02-24,2026-02,2026,1
NÃO PARÇA,CONECTA CARGO,SP,Matao,2026-03-12,2026-03,2026,1
NÃO PARÇA,CONECTA CARGO,SP,Matao,2026-03-30,2026-03,2026,1
NÃO PARÇA,CONECTA CARGO,SP,Matao,2026-04-20,2026-04,2026,1
NÃO PARÇA,CONECTA CARGO,SP,Matao,2026-05-08,2026-05,2026,1
NÃO PARÇA,CONECTA CARGO,SP,Matao,2026-06-01,2026-06,2026,1
NÃO PARÇA,CONECTA CARGO,SP,Matao,2026-06-19,2026-06,2026,1
NÃO PARÇA,CONECTA CARGO,SP,Matao,2026-07-01,2026-07,2026,1
NÃO PARÇA,CONECTA CARGO,SP,Meridiano,2026-01-28,2026-01,2026,1
NÃO PARÇA,CONECTA CARGO,SP,Meridiano,2026-06-26,2026-06,2026,1
NÃO PARÇA,CONECTA CARGO,SP,Meridiano,2026-07-15,2026-07,2026,1
NÃO PARÇA,CONECTA CARGO,SP,Miguelopolis,2026-02-13,2026-02,2026,1
NÃO PARÇA,CONECTA CARGO,SP,Miracatu,2026-01-27,2026-01,2026,1
NÃO PARÇA,CONECTA CARGO,SP,Miracatu,2026-06-01,2026-06,2026,1
NÃO PARÇA,CONECTA CARGO,SP,Mirandopolis,2026-01-14,2026-01,2026,1
NÃO PARÇA,CONECTA CARGO,SP,Mirandopolis,2026-01-30,2026-01,2026,1
NÃO PARÇA,CONECTA CARGO,SP,Mirandopolis,2026-03-13,2026-03,2026,1
NÃO PARÇA,CONECTA CARGO,SP,Mirante do Paranapanema,2026-01-22,2026-01,2026,1
NÃO PARÇA,CONECTA CARGO,SP,Mirante do Paranapanema,2026-01-23,2026-01,2026,1
NÃO PARÇA,CONECTA CARGO,SP,Mirante do Paranapanema,2026-03-26,2026-03,2026,1
NÃO PARÇA,CONECTA CARGO,SP,Mirante do Paranapanema,2026-06-17,2026-06,2026,1
NÃO PARÇA,CONECTA CARGO,SP,Mirassol,2026-05-05,2026-05,2026,1
NÃO PARÇA,CONECTA CARGO,SP,Mirassol,2026-05-27,2026-05,2026,1
NÃO PARÇA,CONECTA CARGO,SP,Mirassol,2026-06-05,2026-06,2026,1
NÃO PARÇA,CONECTA CARGO,SP,Mococa,2026-01-19,2026-01,2026,1
NÃO PARÇA,CONECTA CARGO,SP,Mococa,2026-02-04,2026-02,2026,1
NÃO PARÇA,CONECTA CARGO,SP,Monte Alto,2026-01-19,2026-01,2026,1
NÃO PARÇA,CONECTA CARGO,SP,Monte Alto,2026-02-26,2026-02,2026,1
NÃO PARÇA,CONECTA CARGO,SP,Monte Alto,2026-03-13,2026-03,2026,1
NÃO PARÇA,CONECTA CARGO,SP,Monte Alto,2026-05-05,2026-05,2026,1
NÃO PARÇA,CONECTA CARGO,SP,Monte Alto,2026-06-22,2026-06,2026,1
NÃO PARÇA,CONECTA CARGO,SP,Monte Azul Paulista,2026-01-28,2026-01,2026,1
NÃO PARÇA,CONECTA CARGO,SP,Monte Azul Paulista,2026-02-03,2026-02,2026,1
NÃO PARÇA,CONECTA CARGO,SP,Monte Azul Paulista,2026-02-09,2026-02,2026,1
NÃO PARÇA,CONECTA CARGO,SP,Monte Azul Paulista,2026-03-16,2026-03,2026,1
NÃO PARÇA,CONECTA CARGO,SP,Monte Azul Paulista,2026-07-21,2026-07,2026,1
NÃO PARÇA,CONECTA CARGO,SP,Monte Castelo,2026-06-10,2026-06,2026,1
NÃO PARÇA,CONECTA CARGO,SP,Monteiro Lobato,2026-01-05,2026-01,2026,1
NÃO PARÇA,CONECTA CARGO,SP,Monteiro Lobato,2026-02-20,2026-02,2026,1
NÃO PARÇA,CONECTA CARGO,SP,Morro Agudo,2026-03-30,2026-03,2026,1
NÃO PARÇA,CONECTA CARGO,SP,Morro Agudo,2026-06-17,2026-06,2026,1
NÃO PARÇA,CONECTA CARGO,SP,Morro Agudo,2026-07-06,2026-07,2026,1
NÃO PARÇA,CONECTA CARGO,SP,Murutinga do Sul,2026-03-19,2026-03,2026,1
NÃO PARÇA,CONECTA CARGO,SP,Narandiba,2026-04-02,2026-04,2026,1
NÃO PARÇA,CONECTA CARGO,SP,Natividade da Serra,2026-03-05,2026-03,2026,1
NÃO PARÇA,CONECTA CARGO,SP,Nazare Paulista,2026-06-18,2026-06,2026,1
NÃO PARÇA,CONECTA CARGO,SP,Nova Europa,2026-07-19,2026-07,2026,1
NÃO PARÇA,CONECTA CARGO,SP,Nova Granada,2026-05-06,2026-05,2026,1
NÃO PARÇA,CONECTA CARGO,SP,Nova Independencia,2026-05-21,2026-05,2026,1
NÃO PARÇA,CONECTA CARGO,SP,Novo Horizonte,2026-01-21,2026-01,2026,1
NÃO PARÇA,CONECTA CARGO,SP,Novo Horizonte,2026-03-13,2026-03,2026,1
NÃO PARÇA,CONECTA CARGO,SP,Novo Horizonte,2026-04-02,2026-04,2026,1
NÃO PARÇA,CONECTA CARGO,SP,Novo Horizonte,2026-05-20,2026-05,2026,1
NÃO PARÇA,CONECTA CARGO,SP,Novo Horizonte,2026-07-21,2026-07,2026,1
NÃO PARÇA,CONECTA CARGO,SP,Olimpia,2026-06-22,2026-06,2026,1
NÃO PARÇA,CONECTA CARGO,SP,Oriente,2026-02-13,2026-02,2026,1
NÃO PARÇA,CONECTA CARGO,SP,Oriente,2026-04-02,2026-04,2026,1
NÃO PARÇA,CONECTA CARGO,SP,Orlandia,2026-02-03,2026-02,2026,1
NÃO PARÇA,CONECTA CARGO,SP,Orlandia,2026-04-15,2026-04,2026,1
NÃO PARÇA,CONECTA CARGO,SP,Orlandia,2026-05-25,2026-05,2026,1
NÃO PARÇA,CONECTA CARGO,SP,Orlandia,2026-06-16,2026-06,2026,1
NÃO PARÇA,CONECTA CARGO,SP,Orlandia,2026-06-19,2026-06,2026,1
NÃO PARÇA,CONECTA CARGO,SP,Osvaldo Cruz,2026-01-23,2026-01,2026,1
NÃO PARÇA,CONECTA CARGO,SP,Ouroeste,2026-02-02,2026-02,2026,1
NÃO PARÇA,CONECTA CARGO,SP,Ouroeste,2026-02-24,2026-02,2026,1
NÃO PARÇA,CONECTA CARGO,SP,Palmares Paulista,2026-05-29,2026-05,2026,1
NÃO PARÇA,CONECTA CARGO,SP,Palmeira DOeste,2026-04-23,2026-04,2026,1
NÃO PARÇA,CONECTA CARGO,SP,Palmeira DOeste,2026-05-11,2026-05,2026,1
NÃO PARÇA,CONECTA CARGO,SP,Palmital,2026-02-06,2026-02,2026,1
NÃO PARÇA,CONECTA CARGO,SP,Panorama,2026-01-08,2026-01,2026,1
NÃO PARÇA,CONECTA CARGO,SP,Paraibuna,2026-02-07,2026-02,2026,1
NÃO PARÇA,CONECTA CARGO,SP,Paraibuna,2026-02-13,2026-02,2026,1
NÃO PARÇA,CONECTA CARGO,SP,Paraibuna,2026-04-13,2026-04,2026,1
NÃO PARÇA,CONECTA CARGO,SP,Paraibuna,2026-06-26,2026-06,2026,1
NÃO PARÇA,CONECTA CARGO,SP,Paranapanema,2026-01-21,2026-01,2026,1
NÃO PARÇA,CONECTA CARGO,SP,Paranapanema,2026-01-30,2026-01,2026,1
NÃO PARÇA,CONECTA CARGO,SP,Paranapanema,2026-02-26,2026-02,2026,1
NÃO PARÇA,CONECTA CARGO,SP,Paranapua,2026-03-19,2026-03,2026,1
NÃO PARÇA,CONECTA CARGO,SP,Parapua,2026-05-20,2026-05,2026,2
NÃO PARÇA,CONECTA CARGO,SP,Parapua,2026-06-17,2026-06,2026,1
NÃO PARÇA,CONECTA CARGO,SP,Pardinho,2026-02-13,2026-02,2026,1
NÃO PARÇA,CONECTA CARGO,SP,Pariquera Acu,2026-01-21,2026-01,2026,1
NÃO PARÇA,CONECTA CARGO,SP,Parisi,2026-03-11,2026-03,2026,1
NÃO PARÇA,CONECTA CARGO,SP,Patrocinio Paulista,2026-02-19,2026-02,2026,1
NÃO PARÇA,CONECTA CARGO,SP,Pauliceia,2026-03-23,2026-03,2026,1
NÃO PARÇA,CONECTA CARGO,SP,Pauliceia,2026-07-06,2026-07,2026,1
NÃO PARÇA,CONECTA CARGO,SP,Pederneiras,2026-01-12,2026-01,2026,1
NÃO PARÇA,CONECTA CARGO,SP,Pederneiras,2026-02-03,2026-02,2026,1
NÃO PARÇA,CONECTA CARGO,SP,Pedranopolis,2026-05-21,2026-05,2026,1
NÃO PARÇA,CONECTA CARGO,SP,Pedregulho,2026-01-08,2026-01,2026,1
NÃO PARÇA,CONECTA CARGO,SP,Pedregulho,2026-06-01,2026-06,2026,1
NÃO PARÇA,CONECTA CARGO,SP,Pedrinhas Paulista,2026-04-07,2026-04,2026,1
NÃO PARÇA,CONECTA CARGO,SP,Pedro de Toledo,2026-04-23,2026-04,2026,1
NÃO PARÇA,CONECTA CARGO,SP,Pedro de Toledo,2026-05-20,2026-05,2026,1
NÃO PARÇA,CONECTA CARGO,SP,Penapolis,2026-01-07,2026-01,2026,1
NÃO PARÇA,CONECTA CARGO,SP,Penapolis,2026-01-28,2026-01,2026,1
NÃO PARÇA,CONECTA CARGO,SP,Penapolis,2026-03-11,2026-03,2026,1
NÃO PARÇA,CONECTA CARGO,SP,Penapolis,2026-04-06,2026-04,2026,1
NÃO PARÇA,CONECTA CARGO,SP,Penapolis,2026-04-20,2026-04,2026,1
NÃO PARÇA,CONECTA CARGO,SP,Penapolis,2026-04-24,2026-04,2026,1
NÃO PARÇA,CONECTA CARGO,SP,Penapolis,2026-06-23,2026-06,2026,1
NÃO PARÇA,CONECTA CARGO,SP,Pereira Barreto,2026-01-21,2026-01,2026,1
NÃO PARÇA,CONECTA CARGO,SP,Pereira Barreto,2026-01-29,2026-01,2026,1
NÃO PARÇA,CONECTA CARGO,SP,Pereira Barreto,2026-03-11,2026-03,2026,1
NÃO PARÇA,CONECTA CARGO,SP,Pereiras,2026-07-17,2026-07,2026,1
NÃO PARÇA,CONECTA CARGO,SP,Piacatu,2026-06-18,2026-06,2026,1
NÃO PARÇA,CONECTA CARGO,SP,Pindamonhangaba,2026-01-08,2026-01,2026,2
NÃO PARÇA,CONECTA CARGO,SP,Pindamonhangaba,2026-01-29,2026-01,2026,1
NÃO PARÇA,CONECTA CARGO,SP,Pindamonhangaba,2026-01-30,2026-01,2026,2
NÃO PARÇA,CONECTA CARGO,SP,Pindamonhangaba,2026-02-04,2026-02,2026,1
NÃO PARÇA,CONECTA CARGO,SP,Pindamonhangaba,2026-02-05,2026-02,2026,1
NÃO PARÇA,CONECTA CARGO,SP,Pindamonhangaba,2026-02-12,2026-02,2026,3
NÃO PARÇA,CONECTA CARGO,SP,Pindamonhangaba,2026-02-16,2026-02,2026,1
NÃO PARÇA,CONECTA CARGO,SP,Pindamonhangaba,2026-02-26,2026-02,2026,1
NÃO PARÇA,CONECTA CARGO,SP,Pindamonhangaba,2026-03-11,2026-03,2026,1
NÃO PARÇA,CONECTA CARGO,SP,Pindamonhangaba,2026-03-17,2026-03,2026,1
NÃO PARÇA,CONECTA CARGO,SP,Pindamonhangaba,2026-03-20,2026-03,2026,1
NÃO PARÇA,CONECTA CARGO,SP,Pindamonhangaba,2026-04-07,2026-04,2026,1
NÃO PARÇA,CONECTA CARGO,SP,Pindamonhangaba,2026-04-15,2026-04,2026,1
NÃO PARÇA,CONECTA CARGO,SP,Pindamonhangaba,2026-04-17,2026-04,2026,1
NÃO PARÇA,CONECTA CARGO,SP,Pindamonhangaba,2026-04-22,2026-04,2026,1
NÃO PARÇA,CONECTA CARGO,SP,Pindamonhangaba,2026-04-28,2026-04,2026,1
NÃO PARÇA,CONECTA CARGO,SP,Pindamonhangaba,2026-05-07,2026-05,2026,2
NÃO PARÇA,CONECTA CARGO,SP,Pindamonhangaba,2026-05-15,2026-05,2026,2
NÃO PARÇA,CONECTA CARGO,SP,Pindamonhangaba,2026-05-21,2026-05,2026,1
NÃO PARÇA,CONECTA CARGO,SP,Pindamonhangaba,2026-06-08,2026-06,2026,1
NÃO PARÇA,CONECTA CARGO,SP,Pindamonhangaba,2026-06-10,2026-06,2026,1
NÃO PARÇA,CONECTA CARGO,SP,Pindamonhangaba,2026-07-03,2026-07,2026,1
NÃO PARÇA,CONECTA CARGO,SP,Pindamonhangaba,2026-07-07,2026-07,2026,1
NÃO PARÇA,CONECTA CARGO,SP,Pindamonhangaba,2026-07-16,2026-07,2026,1
NÃO PARÇA,CONECTA CARGO,SP,Pinhalzinho,2026-02-20,2026-02,2026,1
NÃO PARÇA,CONECTA CARGO,SP,Piracaia,2026-06-24,2026-06,2026,1
NÃO PARÇA,CONECTA CARGO,SP,Piraju,2026-02-19,2026-02,2026,1
NÃO PARÇA,CONECTA CARGO,SP,Piraju,2026-03-24,2026-03,2026,1
NÃO PARÇA,CONECTA CARGO,SP,Piraju,2026-04-02,2026-04,2026,1
NÃO PARÇA,CONECTA CARGO,SP,Pirajui,2026-01-07,2026-01,2026,1
NÃO PARÇA,CONECTA CARGO,SP,Pirajui,2026-05-14,2026-05,2026,1
NÃO PARÇA,CONECTA CARGO,SP,Pirajui,2026-06-17,2026-06,2026,1
NÃO PARÇA,CONECTA CARGO,SP,Pirangi,2026-06-09,2026-06,2026,1
NÃO PARÇA,CONECTA CARGO,SP,Pirassununga,2026-01-10,2026-01,2026,2
NÃO PARÇA,CONECTA CARGO,SP,Pirassununga,2026-02-05,2026-02,2026,1
NÃO PARÇA,CONECTA CARGO,SP,Pirassununga,2026-02-16,2026-02,2026,1
NÃO PARÇA,CONECTA CARGO,SP,Pirassununga,2026-02-20,2026-02,2026,1
NÃO PARÇA,CONECTA CARGO,SP,Pirassununga,2026-03-12,2026-03,2026,1
NÃO PARÇA,CONECTA CARGO,SP,Pirassununga,2026-03-16,2026-03,2026,1
NÃO PARÇA,CONECTA CARGO,SP,Pirassununga,2026-04-17,2026-04,2026,1
NÃO PARÇA,CONECTA CARGO,SP,Pirassununga,2026-05-12,2026-05,2026,1
NÃO PARÇA,CONECTA CARGO,SP,Pirassununga,2026-05-22,2026-05,2026,1
NÃO PARÇA,CONECTA CARGO,SP,Pirassununga,2026-05-29,2026-05,2026,1
NÃO PARÇA,CONECTA CARGO,SP,Pirassununga,2026-06-05,2026-06,2026,1
NÃO PARÇA,CONECTA CARGO,SP,Pirassununga,2026-06-08,2026-06,2026,1
NÃO PARÇA,CONECTA CARGO,SP,Pirassununga,2026-07-17,2026-07,2026,1
NÃO PARÇA,CONECTA CARGO,SP,Piratininga,2026-03-16,2026-03,2026,1
NÃO PARÇA,CONECTA CARGO,SP,Pitangueiras,2026-05-14,2026-05,2026,1
NÃO PARÇA,CONECTA CARGO,SP,Poloni,2026-04-16,2026-04,2026,1
NÃO PARÇA,CONECTA CARGO,SP,Pontal,2026-02-11,2026-02,2026,1
NÃO PARÇA,CONECTA CARGO,SP,Pontal,2026-03-06,2026-03,2026,1
NÃO PARÇA,CONECTA CARGO,SP,Pontal,2026-03-16,2026-03,2026,1
NÃO PARÇA,CONECTA CARGO,SP,Pontal,2026-04-24,2026-04,2026,1
NÃO PARÇA,CONECTA CARGO,SP,Pontal,2026-06-10,2026-06,2026,1
NÃO PARÇA,CONECTA CARGO,SP,Pontal,2026-06-19,2026-06,2026,1
NÃO PARÇA,CONECTA CARGO,SP,Populina,2026-03-06,2026-03,2026,1
NÃO PARÇA,CONECTA CARGO,SP,Porangaba,2026-01-07,2026-01,2026,1
NÃO PARÇA,CONECTA CARGO,SP,Porangaba,2026-04-14,2026-04,2026,1
NÃO PARÇA,CONECTA CARGO,SP,Porangaba,2026-04-15,2026-04,2026,1
NÃO PARÇA,CONECTA CARGO,SP,Porangaba,2026-06-02,2026-06,2026,1
NÃO PARÇA,CONECTA CARGO,SP,Porto Ferreira,2026-02-10,2026-02,2026,1
NÃO PARÇA,CONECTA CARGO,SP,Porto Ferreira,2026-03-06,2026-03,2026,1
NÃO PARÇA,CONECTA CARGO,SP,Porto Ferreira,2026-04-28,2026-04,2026,1
NÃO PARÇA,CONECTA CARGO,SP,Potim,2026-03-02,2026-03,2026,1
NÃO PARÇA,CONECTA CARGO,SP,Potim,2026-04-16,2026-04,2026,1
NÃO PARÇA,CONECTA CARGO,SP,Potirendaba,2026-06-18,2026-06,2026,1
NÃO PARÇA,CONECTA CARGO,SP,Pradopolis,2026-01-06,2026-01,2026,1
NÃO PARÇA,CONECTA CARGO,SP,Pradopolis,2026-06-11,2026-06,2026,1
NÃO PARÇA,CONECTA CARGO,SP,Pradopolis,2026-06-12,2026-06,2026,1
NÃO PARÇA,CONECTA CARGO,SP,Pradopolis,2026-07-17,2026-07,2026,1
NÃO PARÇA,CONECTA CARGO,SP,Pratania,2026-03-17,2026-03,2026,1
NÃO PARÇA,CONECTA CARGO,SP,Pratania,2026-07-09,2026-07,2026,1
NÃO PARÇA,CONECTA CARGO,SP,Presidente Epitacio,2026-01-15,2026-01,2026,1
NÃO PARÇA,CONECTA CARGO,SP,Presidente Epitacio,2026-05-08,2026-05,2026,1
NÃO PARÇA,CONECTA CARGO,SP,Presidente Epitacio,2026-07-10,2026-07,2026,1
NÃO PARÇA,CONECTA CARGO,SP,Presidente Venceslau,2026-02-11,2026-02,2026,1
NÃO PARÇA,CONECTA CARGO,SP,Presidente Venceslau,2026-05-08,2026-05,2026,1
NÃO PARÇA,CONECTA CARGO,SP,Presidente Venceslau,2026-07-06,2026-07,2026,1
NÃO PARÇA,CONECTA CARGO,SP,Presidente Venceslau,2026-07-17,2026-07,2026,1
NÃO PARÇA,CONECTA CARGO,SP,Promissao,2026-02-13,2026-02,2026,1
NÃO PARÇA,CONECTA CARGO,SP,Quata,2026-01-07,2026-01,2026,1
NÃO PARÇA,CONECTA CARGO,SP,Queluz,2026-02-25,2026-02,2026,1
NÃO PARÇA,CONECTA CARGO,SP,Quintana,2026-03-20,2026-03,2026,1
NÃO PARÇA,CONECTA CARGO,SP,Rafard,2026-05-18,2026-05,2026,1
NÃO PARÇA,CONECTA CARGO,SP,Rafard,2026-07-24,2026-07,2026,1
NÃO PARÇA,CONECTA CARGO,SP,Rancharia,2026-01-07,2026-01,2026,1
NÃO PARÇA,CONECTA CARGO,SP,Redencao da Serra,2026-05-19,2026-05,2026,1
NÃO PARÇA,CONECTA CARGO,SP,Regente Feijo,2026-02-05,2026-02,2026,1
NÃO PARÇA,CONECTA CARGO,SP,Regente Feijo,2026-02-20,2026-02,2026,1
NÃO PARÇA,CONECTA CARGO,SP,Regente Feijo,2026-06-30,2026-06,2026,1
NÃO PARÇA,CONECTA CARGO,SP,Registro,2026-02-04,2026-02,2026,1
NÃO PARÇA,CONECTA CARGO,SP,Registro,2026-02-09,2026-02,2026,1
NÃO PARÇA,CONECTA CARGO,SP,Registro,2026-02-20,2026-02,2026,1
NÃO PARÇA,CONECTA CARGO,SP,Registro,2026-03-06,2026-03,2026,1
NÃO PARÇA,CONECTA CARGO,SP,Registro,2026-03-26,2026-03,2026,1
NÃO PARÇA,CONECTA CARGO,SP,Registro,2026-04-23,2026-04,2026,1
NÃO PARÇA,CONECTA CARGO,SP,Registro,2026-05-15,2026-05,2026,1
NÃO PARÇA,CONECTA CARGO,SP,Registro,2026-07-08,2026-07,2026,1
NÃO PARÇA,CONECTA CARGO,SP,Registro,2026-07-22,2026-07,2026,1
NÃO PARÇA,CONECTA CARGO,SP,Restinga,2026-04-28,2026-04,2026,1
NÃO PARÇA,CONECTA CARGO,SP,Ribeirao Branco,2026-07-10,2026-07,2026,1
NÃO PARÇA,CONECTA CARGO,SP,Ribeirao Preto,2026-04-10,2026-04,2026,1
NÃO PARÇA,CONECTA CARGO,SP,Ribeirao Preto,2026-04-14,2026-04,2026,1
NÃO PARÇA,CONECTA CARGO,SP,Ribeirao Preto,2026-04-20,2026-04,2026,1
NÃO PARÇA,CONECTA CARGO,SP,Ribeirao Preto,2026-04-23,2026-04,2026,1
NÃO PARÇA,CONECTA CARGO,SP,Ribeirao Preto,2026-04-24,2026-04,2026,2
NÃO PARÇA,CONECTA CARGO,SP,Ribeirao Preto,2026-04-27,2026-04,2026,1
NÃO PARÇA,CONECTA CARGO,SP,Ribeirao Preto,2026-04-28,2026-04,2026,1
NÃO PARÇA,CONECTA CARGO,SP,Ribeirao Preto,2026-04-29,2026-04,2026,2
NÃO PARÇA,CONECTA CARGO,SP,Ribeirao Preto,2026-04-30,2026-04,2026,1
NÃO PARÇA,CONECTA CARGO,SP,Ribeirao Preto,2026-05-05,2026-05,2026,3
NÃO PARÇA,CONECTA CARGO,SP,Ribeirao Preto,2026-05-11,2026-05,2026,2
NÃO PARÇA,CONECTA CARGO,SP,Ribeirao Preto,2026-05-12,2026-05,2026,2
NÃO PARÇA,CONECTA CARGO,SP,Ribeirao Preto,2026-05-13,2026-05,2026,1
NÃO PARÇA,CONECTA CARGO,SP,Ribeirao Preto,2026-05-15,2026-05,2026,1
NÃO PARÇA,CONECTA CARGO,SP,Ribeirao Preto,2026-05-18,2026-05,2026,1
NÃO PARÇA,CONECTA CARGO,SP,Ribeirao Preto,2026-05-19,2026-05,2026,4
NÃO PARÇA,CONECTA CARGO,SP,Ribeirao Preto,2026-05-21,2026-05,2026,2
NÃO PARÇA,CONECTA CARGO,SP,Ribeirao Preto,2026-05-25,2026-05,2026,5
NÃO PARÇA,CONECTA CARGO,SP,Ribeirao Preto,2026-05-28,2026-05,2026,2
NÃO PARÇA,CONECTA CARGO,SP,Ribeirao Preto,2026-06-01,2026-06,2026,1
NÃO PARÇA,CONECTA CARGO,SP,Ribeirao Preto,2026-06-02,2026-06,2026,2
NÃO PARÇA,CONECTA CARGO,SP,Ribeirao Preto,2026-06-03,2026-06,2026,1
NÃO PARÇA,CONECTA CARGO,SP,Ribeirao Preto,2026-06-05,2026-06,2026,1
NÃO PARÇA,CONECTA CARGO,SP,Ribeirao Preto,2026-06-10,2026-06,2026,5
NÃO PARÇA,CONECTA CARGO,SP,Ribeirao Preto,2026-06-16,2026-06,2026,1
NÃO PARÇA,CONECTA CARGO,SP,Ribeirao Preto,2026-06-17,2026-06,2026,1
NÃO PARÇA,CONECTA CARGO,SP,Ribeirao Preto,2026-06-18,2026-06,2026,1
NÃO PARÇA,CONECTA CARGO,SP,Rifaina,2026-03-02,2026-03,2026,1
NÃO PARÇA,CONECTA CARGO,SP,Roseira,2026-03-09,2026-03,2026,1
NÃO PARÇA,CONECTA CARGO,SP,Roseira,2026-04-29,2026-04,2026,1
NÃO PARÇA,CONECTA CARGO,SP,Rubineia,2026-02-17,2026-02,2026,1
NÃO PARÇA,CONECTA CARGO,SP,Rubineia,2026-07-15,2026-07,2026,1
NÃO PARÇA,CONECTA CARGO,SP,Sabino,2026-05-06,2026-05,2026,1
NÃO PARÇA,CONECTA CARGO,SP,Sabino,2026-06-03,2026-06,2026,1
NÃO PARÇA,CONECTA CARGO,SP,Sandovalina,2026-03-02,2026-03,2026,1
NÃO PARÇA,CONECTA CARGO,SP,Santa Adelia,2026-02-27,2026-02,2026,1
NÃO PARÇA,CONECTA CARGO,SP,Santa Adelia,2026-04-08,2026-04,2026,1
NÃO PARÇA,CONECTA CARGO,SP,Santa Adelia,2026-07-16,2026-07,2026,1
NÃO PARÇA,CONECTA CARGO,SP,Santa Branca,2026-06-01,2026-06,2026,1
NÃO PARÇA,CONECTA CARGO,SP,Santa Cruz das Palmeiras,2026-01-09,2026-01,2026,1
NÃO PARÇA,CONECTA CARGO,SP,Santa Cruz do Rio Pardo,2026-01-09,2026-01,2026,1
NÃO PARÇA,CONECTA CARGO,SP,Santa Cruz do Rio Pardo,2026-02-06,2026-02,2026,1
NÃO PARÇA,CONECTA CARGO,SP,Santa Fe do Sul,2026-01-26,2026-01,2026,1
NÃO PARÇA,CONECTA CARGO,SP,Santa Fe do Sul,2026-02-03,2026-02,2026,1
NÃO PARÇA,CONECTA CARGO,SP,Santa Fe do Sul,2026-02-05,2026-02,2026,1
NÃO PARÇA,CONECTA CARGO,SP,Santa Fe do Sul,2026-04-13,2026-04,2026,1
NÃO PARÇA,CONECTA CARGO,SP,Santa Fe do Sul,2026-04-14,2026-04,2026,1
NÃO PARÇA,CONECTA CARGO,SP,Santa Fe do Sul,2026-05-26,2026-05,2026,1
NÃO PARÇA,CONECTA CARGO,SP,Santa Fe do Sul,2026-05-27,2026-05,2026,1
NÃO PARÇA,CONECTA CARGO,SP,Santa Fe do Sul,2026-06-17,2026-06,2026,1
NÃO PARÇA,CONECTA CARGO,SP,Santa Fe do Sul,2026-07-06,2026-07,2026,1
NÃO PARÇA,CONECTA CARGO,SP,Santa Isabel,2026-04-02,2026-04,2026,1
NÃO PARÇA,CONECTA CARGO,SP,Santa Isabel,2026-04-28,2026-04,2026,1
NÃO PARÇA,CONECTA CARGO,SP,Santa Isabel,2026-04-29,2026-04,2026,1
NÃO PARÇA,CONECTA CARGO,SP,Santa Isabel,2026-05-15,2026-05,2026,1
NÃO PARÇA,CONECTA CARGO,SP,Santa Isabel,2026-06-16,2026-06,2026,2
NÃO PARÇA,CONECTA CARGO,SP,Santa Isabel,2026-07-13,2026-07,2026,2
NÃO PARÇA,CONECTA CARGO,SP,Santa Isabel,2026-07-16,2026-07,2026,1
NÃO PARÇA,CONECTA CARGO,SP,Santa Isabel,2026-07-22,2026-07,2026,1
NÃO PARÇA,CONECTA CARGO,SP,Santa Maria da Serra,2026-01-26,2026-01,2026,1
NÃO PARÇA,CONECTA CARGO,SP,Santa Rita do Passa Quatro,2026-01-23,2026-01,2026,1
NÃO PARÇA,CONECTA CARGO,SP,Santa Rita do Passa Quatro,2026-01-30,2026-01,2026,1
NÃO PARÇA,CONECTA CARGO,SP,Santa Rita do Passa Quatro,2026-03-19,2026-03,2026,1
NÃO PARÇA,CONECTA CARGO,SP,Santa Rita do Passa Quatro,2026-05-26,2026-05,2026,1
NÃO PARÇA,CONECTA CARGO,SP,Santa Rita do Passa Quatro,2026-06-26,2026-06,2026,1
NÃO PARÇA,CONECTA CARGO,SP,Santa Rita do Passa Quatro,2026-06-29,2026-06,2026,1
NÃO PARÇA,CONECTA CARGO,SP,Santa Rosa de Viterbo,2026-02-03,2026-02,2026,1
NÃO PARÇA,CONECTA CARGO,SP,Santa Rosa de Viterbo,2026-06-01,2026-06,2026,1
NÃO PARÇA,CONECTA CARGO,SP,Santa Rosa de Viterbo,2026-06-19,2026-06,2026,1
NÃO PARÇA,CONECTA CARGO,SP,Santana de Parnaiba,2026-05-25,2026-05,2026,2
NÃO PARÇA,CONECTA CARGO,SP,Santana de Parnaiba,2026-05-26,2026-05,2026,1
NÃO PARÇA,CONECTA CARGO,SP,Santana de Parnaiba,2026-05-28,2026-05,2026,1
NÃO PARÇA,CONECTA CARGO,SP,Santana de Parnaiba,2026-06-01,2026-06,2026,2
NÃO PARÇA,CONECTA CARGO,SP,Santo Anastacio,2026-02-24,2026-02,2026,1
NÃO PARÇA,CONECTA CARGO,SP,Santo Anastacio,2026-03-18,2026-03,2026,1
NÃO PARÇA,CONECTA CARGO,SP,Santo Anastacio,2026-05-13,2026-05,2026,1
NÃO PARÇA,CONECTA CARGO,SP,Santo Antonio do Aracangua,2026-02-06,2026-02,2026,1
NÃO PARÇA,CONECTA CARGO,SP,Santo Antonio do Aracangua,2026-05-29,2026-05,2026,1
NÃO PARÇA,CONECTA CARGO,SP,Santo Antonio do Pinhal,2026-02-09,2026-02,2026,1
NÃO PARÇA,CONECTA CARGO,SP,Santo Antonio do Pinhal,2026-02-24,2026-02,2026,1
NÃO PARÇA,CONECTA CARGO,SP,Santo Antonio do Pinhal,2026-03-27,2026-03,2026,1
NÃO PARÇA,CONECTA CARGO,SP,Santo Antonio do Pinhal,2026-06-10,2026-06,2026,1
NÃO PARÇA,CONECTA CARGO,SP,Santo Antonio do Pinhal,2026-07-22,2026-07,2026,1
NÃO PARÇA,CONECTA CARGO,SP,Sao Bento do Sapucai,2026-01-19,2026-01,2026,1
NÃO PARÇA,CONECTA CARGO,SP,Sao Bento do Sapucai,2026-02-16,2026-02,2026,1
NÃO PARÇA,CONECTA CARGO,SP,Sao Bento do Sapucai,2026-04-30,2026-04,2026,1
NÃO PARÇA,CONECTA CARGO,SP,Sao Bento do Sapucai,2026-07-11,2026-07,2026,1
NÃO PARÇA,CONECTA CARGO,SP,Sao Carlos,2026-01-02,2026-01,2026,2
NÃO PARÇA,CONECTA CARGO,SP,Sao Carlos,2026-01-06,2026-01,2026,1
NÃO PARÇA,CONECTA CARGO,SP,Sao Carlos,2026-01-12,2026-01,2026,1
NÃO PARÇA,CONECTA CARGO,SP,Sao Carlos,2026-01-13,2026-01,2026,3
NÃO PARÇA,CONECTA CARGO,SP,Sao Carlos,2026-01-21,2026-01,2026,1
NÃO PARÇA,CONECTA CARGO,SP,Sao Carlos,2026-01-27,2026-01,2026,1
NÃO PARÇA,CONECTA CARGO,SP,Sao Carlos,2026-02-03,2026-02,2026,2
NÃO PARÇA,CONECTA CARGO,SP,Sao Carlos,2026-02-11,2026-02,2026,1
NÃO PARÇA,CONECTA CARGO,SP,Sao Carlos,2026-02-17,2026-02,2026,1
NÃO PARÇA,CONECTA CARGO,SP,Sao Carlos,2026-02-18,2026-02,2026,1
NÃO PARÇA,CONECTA CARGO,SP,Sao Carlos,2026-02-24,2026-02,2026,1
NÃO PARÇA,CONECTA CARGO,SP,Sao Carlos,2026-02-26,2026-02,2026,1
NÃO PARÇA,CONECTA CARGO,SP,Sao Carlos,2026-03-05,2026-03,2026,1
NÃO PARÇA,CONECTA CARGO,SP,Sao Carlos,2026-03-09,2026-03,2026,1
NÃO PARÇA,CONECTA CARGO,SP,Sao Carlos,2026-03-11,2026-03,2026,1
NÃO PARÇA,CONECTA CARGO,SP,Sao Carlos,2026-03-24,2026-03,2026,1
NÃO PARÇA,CONECTA CARGO,SP,Sao Carlos,2026-06-16,2026-06,2026,1
NÃO PARÇA,CONECTA CARGO,SP,Sao Joao da Boa Vista,2026-01-20,2026-01,2026,1
NÃO PARÇA,CONECTA CARGO,SP,Sao Joao da Boa Vista,2026-01-22,2026-01,2026,1
NÃO PARÇA,CONECTA CARGO,SP,Sao Joao da Boa Vista,2026-02-13,2026-02,2026,1
NÃO PARÇA,CONECTA CARGO,SP,Sao Joao de Iracema,2026-07-16,2026-07,2026,1
NÃO PARÇA,CONECTA CARGO,SP,Sao Joaquim da Barra,2026-02-10,2026-02,2026,1
NÃO PARÇA,CONECTA CARGO,SP,Sao Joaquim da Barra,2026-04-24,2026-04,2026,1
NÃO PARÇA,CONECTA CARGO,SP,Sao Joaquim da Barra,2026-05-26,2026-05,2026,1
NÃO PARÇA,CONECTA CARGO,SP,Sao Jose da Bela Vista,2026-02-11,2026-02,2026,1
NÃO PARÇA,CONECTA CARGO,SP,Sao Jose do Rio Pardo,2026-01-08,2026-01,2026,1
NÃO PARÇA,CONECTA CARGO,SP,Sao Jose do Rio Pardo,2026-02-26,2026-02,2026,1
NÃO PARÇA,CONECTA CARGO,SP,Sao Jose do Rio Pardo,2026-03-03,2026-03,2026,1
NÃO PARÇA,CONECTA CARGO,SP,Sao Jose do Rio Pardo,2026-03-04,2026-03,2026,1
NÃO PARÇA,CONECTA CARGO,SP,Sao Jose do Rio Pardo,2026-03-06,2026-03,2026,1
NÃO PARÇA,CONECTA CARGO,SP,Sao Jose do Rio Pardo,2026-03-21,2026-03,2026,1
NÃO PARÇA,CONECTA CARGO,SP,Sao Jose do Rio Pardo,2026-03-27,2026-03,2026,1
NÃO PARÇA,CONECTA CARGO,SP,Sao Jose do Rio Preto,2026-04-22,2026-04,2026,2
NÃO PARÇA,CONECTA CARGO,SP,Sao Jose do Rio Preto,2026-04-23,2026-04,2026,1
NÃO PARÇA,CONECTA CARGO,SP,Sao Jose do Rio Preto,2026-04-28,2026-04,2026,1
NÃO PARÇA,CONECTA CARGO,SP,Sao Jose do Rio Preto,2026-05-08,2026-05,2026,1
NÃO PARÇA,CONECTA CARGO,SP,Sao Jose do Rio Preto,2026-05-12,2026-05,2026,1
NÃO PARÇA,CONECTA CARGO,SP,Sao Jose do Rio Preto,2026-05-13,2026-05,2026,1
NÃO PARÇA,CONECTA CARGO,SP,Sao Jose do Rio Preto,2026-05-18,2026-05,2026,1
NÃO PARÇA,CONECTA CARGO,SP,Sao Jose do Rio Preto,2026-05-21,2026-05,2026,1
NÃO PARÇA,CONECTA CARGO,SP,Sao Jose do Rio Preto,2026-05-22,2026-05,2026,1
NÃO PARÇA,CONECTA CARGO,SP,Sao Jose do Rio Preto,2026-05-25,2026-05,2026,1
NÃO PARÇA,CONECTA CARGO,SP,Sao Jose do Rio Preto,2026-05-26,2026-05,2026,3
NÃO PARÇA,CONECTA CARGO,SP,Sao Jose do Rio Preto,2026-05-28,2026-05,2026,2
NÃO PARÇA,CONECTA CARGO,SP,Sao Jose do Rio Preto,2026-05-29,2026-05,2026,1
NÃO PARÇA,CONECTA CARGO,SP,Sao Jose do Rio Preto,2026-06-02,2026-06,2026,2
NÃO PARÇA,CONECTA CARGO,SP,Sao Jose do Rio Preto,2026-06-10,2026-06,2026,1
NÃO PARÇA,CONECTA CARGO,SP,Sao Jose do Rio Preto,2026-06-15,2026-06,2026,1
NÃO PARÇA,CONECTA CARGO,SP,Sao Jose do Rio Preto,2026-06-26,2026-06,2026,1
NÃO PARÇA,CONECTA CARGO,SP,Sao Luiz do Paraitinga,2026-07-17,2026-07,2026,1
NÃO PARÇA,CONECTA CARGO,SP,Sao Manuel,2026-01-08,2026-01,2026,1
NÃO PARÇA,CONECTA CARGO,SP,Sao Manuel,2026-02-04,2026-02,2026,1
NÃO PARÇA,CONECTA CARGO,SP,Sao Miguel Arcanjo,2026-03-16,2026-03,2026,1
NÃO PARÇA,CONECTA CARGO,SP,Sao Miguel Arcanjo,2026-07-16,2026-07,2026,1
NÃO PARÇA,CONECTA CARGO,SP,Sao Pedro,2026-01-26,2026-01,2026,1
NÃO PARÇA,CONECTA CARGO,SP,Sao Pedro,2026-03-09,2026-03,2026,1
NÃO PARÇA,CONECTA CARGO,SP,Sao Pedro,2026-04-22,2026-04,2026,1
NÃO PARÇA,CONECTA CARGO,SP,Sao Pedro,2026-05-29,2026-05,2026,1
NÃO PARÇA,CONECTA CARGO,SP,Sao Pedro,2026-06-08,2026-06,2026,1
NÃO PARÇA,CONECTA CARGO,SP,Sao Pedro,2026-07-15,2026-07,2026,1
NÃO PARÇA,CONECTA CARGO,SP,Sao Pedro do Turvo,2026-04-06,2026-04,2026,1
NÃO PARÇA,CONECTA CARGO,SP,Sao Roque,2026-06-29,2026-06,2026,1
NÃO PARÇA,CONECTA CARGO,SP,Sao Roque,2026-07-01,2026-07,2026,2
NÃO PARÇA,CONECTA CARGO,SP,Sao Roque,2026-07-06,2026-07,2026,1
NÃO PARÇA,CONECTA CARGO,SP,Sao Roque,2026-07-13,2026-07,2026,1
NÃO PARÇA,CONECTA CARGO,SP,Sao Roque,2026-07-15,2026-07,2026,1
NÃO PARÇA,CONECTA CARGO,SP,Sao Sebastiao,2026-01-06,2026-01,2026,1
NÃO PARÇA,CONECTA CARGO,SP,Sao Sebastiao,2026-01-10,2026-01,2026,1
NÃO PARÇA,CONECTA CARGO,SP,Sao Sebastiao,2026-01-17,2026-01,2026,1
NÃO PARÇA,CONECTA CARGO,SP,Sao Sebastiao,2026-02-06,2026-02,2026,1
NÃO PARÇA,CONECTA CARGO,SP,Sao Sebastiao,2026-03-11,2026-03,2026,2
NÃO PARÇA,CONECTA CARGO,SP,Sao Sebastiao,2026-03-12,2026-03,2026,1
NÃO PARÇA,CONECTA CARGO,SP,Sao Sebastiao,2026-03-13,2026-03,2026,1
NÃO PARÇA,CONECTA CARGO,SP,Sao Sebastiao,2026-03-17,2026-03,2026,1
NÃO PARÇA,CONECTA CARGO,SP,Sao Sebastiao,2026-03-20,2026-03,2026,1
NÃO PARÇA,CONECTA CARGO,SP,Sao Sebastiao,2026-04-01,2026-04,2026,1
NÃO PARÇA,CONECTA CARGO,SP,Sao Sebastiao,2026-04-09,2026-04,2026,1
NÃO PARÇA,CONECTA CARGO,SP,Sao Sebastiao,2026-04-15,2026-04,2026,1
NÃO PARÇA,CONECTA CARGO,SP,Sao Sebastiao,2026-05-06,2026-05,2026,2
NÃO PARÇA,CONECTA CARGO,SP,Sao Sebastiao,2026-05-15,2026-05,2026,1
NÃO PARÇA,CONECTA CARGO,SP,Sao Sebastiao,2026-05-20,2026-05,2026,2
NÃO PARÇA,CONECTA CARGO,SP,Sao Sebastiao,2026-06-01,2026-06,2026,1
NÃO PARÇA,CONECTA CARGO,SP,Sao Sebastiao,2026-06-09,2026-06,2026,1
NÃO PARÇA,CONECTA CARGO,SP,Sao Sebastiao,2026-06-18,2026-06,2026,1
NÃO PARÇA,CONECTA CARGO,SP,Sao Sebastiao,2026-07-01,2026-07,2026,1
NÃO PARÇA,CONECTA CARGO,SP,Sao Sebastiao,2026-07-11,2026-07,2026,1
NÃO PARÇA,CONECTA CARGO,SP,Sao Sebastiao,2026-07-21,2026-07,2026,1
NÃO PARÇA,CONECTA CARGO,SP,Sao Simao,2026-03-02,2026-03,2026,1
NÃO PARÇA,CONECTA CARGO,SP,Serrana,2026-02-13,2026-02,2026,1
NÃO PARÇA,CONECTA CARGO,SP,Serrana,2026-02-19,2026-02,2026,1
NÃO PARÇA,CONECTA CARGO,SP,Serrana,2026-03-09,2026-03,2026,2
NÃO PARÇA,CONECTA CARGO,SP,Serrana,2026-03-13,2026-03,2026,1
NÃO PARÇA,CONECTA CARGO,SP,Serrana,2026-04-07,2026-04,2026,1
NÃO PARÇA,CONECTA CARGO,SP,Serrana,2026-05-26,2026-05,2026,1
NÃO PARÇA,CONECTA CARGO,SP,Serrana,2026-06-10,2026-06,2026,1
NÃO PARÇA,CONECTA CARGO,SP,Serrana,2026-06-17,2026-06,2026,1
NÃO PARÇA,CONECTA CARGO,SP,Serrana,2026-07-10,2026-07,2026,1
NÃO PARÇA,CONECTA CARGO,SP,Sertaozinho,2026-04-22,2026-04,2026,1
NÃO PARÇA,CONECTA CARGO,SP,Sertaozinho,2026-05-26,2026-05,2026,1
NÃO PARÇA,CONECTA CARGO,SP,Sertaozinho,2026-05-27,2026-05,2026,1
NÃO PARÇA,CONECTA CARGO,SP,Sertaozinho,2026-05-28,2026-05,2026,1
NÃO PARÇA,CONECTA CARGO,SP,Sertaozinho,2026-06-01,2026-06,2026,1
NÃO PARÇA,CONECTA CARGO,SP,Sertaozinho,2026-06-03,2026-06,2026,1
NÃO PARÇA,CONECTA CARGO,SP,Sertaozinho,2026-06-15,2026-06,2026,1
NÃO PARÇA,CONECTA CARGO,SP,Sertaozinho,2026-06-26,2026-06,2026,1
NÃO PARÇA,CONECTA CARGO,SP,Sertaozinho,2026-07-13,2026-07,2026,1
NÃO PARÇA,CONECTA CARGO,SP,Severinia,2026-06-30,2026-06,2026,1
NÃO PARÇA,CONECTA CARGO,SP,Severinia,2026-07-20,2026-07,2026,1
NÃO PARÇA,CONECTA CARGO,SP,Socorro,2026-06-08,2026-06,2026,1
NÃO PARÇA,CONECTA CARGO,SP,Sud Mennucci,2026-04-10,2026-04,2026,1
NÃO PARÇA,CONECTA CARGO,SP,Tabatinga,2026-06-18,2026-06,2026,1
NÃO PARÇA,CONECTA CARGO,SP,Tabatinga,2026-06-25,2026-06,2026,1
NÃO PARÇA,CONECTA CARGO,SP,Taiacu,2026-05-13,2026-05,2026,1
NÃO PARÇA,CONECTA CARGO,SP,Taiuva,2026-01-14,2026-01,2026,1
NÃO PARÇA,CONECTA CARGO,SP,Tambau,2026-02-03,2026-02,2026,1
NÃO PARÇA,CONECTA CARGO,SP,Tambau,2026-06-29,2026-06,2026,1
NÃO PARÇA,CONECTA CARGO,SP,Tapiratiba,2026-01-06,2026-01,2026,1
NÃO PARÇA,CONECTA CARGO,SP,Taquaral,2026-07-23,2026-07,2026,1
NÃO PARÇA,CONECTA CARGO,SP,Taquaritinga,2026-01-06,2026-01,2026,1
NÃO PARÇA,CONECTA CARGO,SP,Taquaritinga,2026-01-15,2026-01,2026,1
NÃO PARÇA,CONECTA CARGO,SP,Taquaritinga,2026-02-09,2026-02,2026,1
NÃO PARÇA,CONECTA CARGO,SP,Taquaritinga,2026-02-12,2026-02,2026,1
NÃO PARÇA,CONECTA CARGO,SP,Taquaritinga,2026-03-24,2026-03,2026,2
NÃO PARÇA,CONECTA CARGO,SP,Taquarituba,2026-04-16,2026-04,2026,1
NÃO PARÇA,CONECTA CARGO,SP,Taquarituba,2026-06-18,2026-06,2026,1
NÃO PARÇA,CONECTA CARGO,SP,Taquarituba,2026-07-16,2026-07,2026,1
NÃO PARÇA,CONECTA CARGO,SP,Tarabai,2026-01-09,2026-01,2026,1
NÃO PARÇA,CONECTA CARGO,SP,Teodoro Sampaio,2026-02-13,2026-02,2026,1
NÃO PARÇA,CONECTA CARGO,SP,Terra Roxa,2026-03-21,2026-03,2026,1
NÃO PARÇA,CONECTA CARGO,SP,Torre de Pedra,2026-02-05,2026-02,2026,1
NÃO PARÇA,CONECTA CARGO,SP,Torrinha,2026-04-14,2026-04,2026,1
NÃO PARÇA,CONECTA CARGO,SP,Tremembe,2026-02-09,2026-02,2026,1
NÃO PARÇA,CONECTA CARGO,SP,Tremembe,2026-05-26,2026-05,2026,1
NÃO PARÇA,CONECTA CARGO,SP,Tremembe,2026-06-19,2026-06,2026,1
NÃO PARÇA,CONECTA CARGO,SP,Tremembe,2026-06-25,2026-06,2026,1
NÃO PARÇA,CONECTA CARGO,SP,Tremembe,2026-07-21,2026-07,2026,1
NÃO PARÇA,CONECTA CARGO,SP,Ubatuba,2026-01-17,2026-01,2026,1
NÃO PARÇA,CONECTA CARGO,SP,Ubatuba,2026-01-19,2026-01,2026,1
NÃO PARÇA,CONECTA CARGO,SP,Ubatuba,2026-01-23,2026-01,2026,1
NÃO PARÇA,CONECTA CARGO,SP,Ubatuba,2026-01-26,2026-01,2026,1
NÃO PARÇA,CONECTA CARGO,SP,Ubatuba,2026-02-05,2026-02,2026,1
NÃO PARÇA,CONECTA CARGO,SP,Ubatuba,2026-02-06,2026-02,2026,1
NÃO PARÇA,CONECTA CARGO,SP,Ubatuba,2026-02-20,2026-02,2026,1
NÃO PARÇA,CONECTA CARGO,SP,Ubatuba,2026-03-10,2026-03,2026,1
NÃO PARÇA,CONECTA CARGO,SP,Ubatuba,2026-03-23,2026-03,2026,1
NÃO PARÇA,CONECTA CARGO,SP,Ubatuba,2026-04-14,2026-04,2026,1
NÃO PARÇA,CONECTA CARGO,SP,Ubatuba,2026-04-15,2026-04,2026,1
NÃO PARÇA,CONECTA CARGO,SP,Ubatuba,2026-04-22,2026-04,2026,1
NÃO PARÇA,CONECTA CARGO,SP,Ubatuba,2026-05-08,2026-05,2026,1
NÃO PARÇA,CONECTA CARGO,SP,Ubatuba,2026-05-12,2026-05,2026,1
NÃO PARÇA,CONECTA CARGO,SP,Ubatuba,2026-05-18,2026-05,2026,1
NÃO PARÇA,CONECTA CARGO,SP,Ubatuba,2026-05-27,2026-05,2026,1
NÃO PARÇA,CONECTA CARGO,SP,Ubatuba,2026-06-18,2026-06,2026,3
NÃO PARÇA,CONECTA CARGO,SP,Ubatuba,2026-07-06,2026-07,2026,1
NÃO PARÇA,CONECTA CARGO,SP,Ubatuba,2026-07-21,2026-07,2026,2
NÃO PARÇA,CONECTA CARGO,SP,Uniao Paulista,2026-01-21,2026-01,2026,1
NÃO PARÇA,CONECTA CARGO,SP,Urupes,2026-03-18,2026-03,2026,1
NÃO PARÇA,CONECTA CARGO,SP,Urupes,2026-06-09,2026-06,2026,1
NÃO PARÇA,CONECTA CARGO,SP,Valentim Gentil,2026-02-09,2026-02,2026,1
NÃO PARÇA,CONECTA CARGO,SP,Valentim Gentil,2026-02-11,2026-02,2026,1
NÃO PARÇA,CONECTA CARGO,SP,Valentim Gentil,2026-07-15,2026-07,2026,1
NÃO PARÇA,CONECTA CARGO,SP,Valparaiso,2026-03-30,2026-03,2026,1
NÃO PARÇA,CONECTA CARGO,SP,Vargem,2026-02-09,2026-02,2026,1
NÃO PARÇA,CONECTA CARGO,SP,Vargem,2026-06-01,2026-06,2026,1
NÃO PARÇA,CONECTA CARGO,SP,Vargem Grande do Sul,2026-01-14,2026-01,2026,1
NÃO PARÇA,CONECTA CARGO,SP,Viradouro,2026-01-28,2026-01,2026,1
NÃO PARÇA,CONECTA CARGO,SP,Viradouro,2026-06-23,2026-06,2026,1
NÃO PARÇA,CONECTA CARGO,SP,Vitoria Brasil,2026-06-29,2026-06,2026,1
NÃO PARÇA,CONECTA CARGO,SP,Votuporanga,2026-05-13,2026-05,2026,2
NÃO PARÇA,CONECTA CARGO,SP,Votuporanga,2026-05-18,2026-05,2026,1
NÃO PARÇA,CONECTA CARGO,SP,Votuporanga,2026-06-01,2026-06,2026,1
NÃO PARÇA,CONECTA CARGO,SP,Votuporanga,2026-06-02,2026-06,2026,1
NÃO PARÇA,CONECTA CARGO,SP,Votuporanga,2026-06-16,2026-06,2026,2
NÃO PARÇA,CONECTA CARGO,SP,Votuporanga,2026-07-21,2026-07,2026,1
NÃO PARÇA,CONECTA CARGO,SP,alvares Machado,2026-01-05,2026-01,2026,1
NÃO PARÇA,CONECTA CARGO,SP,alvares Machado,2026-01-29,2026-01,2026,1
NÃO PARÇA,CONECTA CARGO,SP,alvares Machado,2026-04-24,2026-04,2026,1
NÃO PARÇA,CONECTA CARGO,SP,alvares Machado,2026-06-02,2026-06,2026,1
NÃO PARÇA,CONECTA CARGO,SP,alvares Machado,2026-07-06,2026-07,2026,1
NÃO PARÇA,CORREIOS ECT DR,AL,Delmiro Gouveia,2026-01-08,2026-01,2026,1
NÃO PARÇA,CORREIOS ECT DR,BA,Laje,2026-07-21,2026-07,2026,1
NÃO PARÇA,CORREIOS ECT DR,BA,Luis Eduardo Magalhaes,2026-05-26,2026-05,2026,1
NÃO PARÇA,CORREIOS ECT DR,BA,Malhada de Pedras,2026-04-28,2026-04,2026,1
NÃO PARÇA,CORREIOS ECT DR,BA,Miguel Calmon,2026-07-14,2026-07,2026,1
NÃO PARÇA,CORREIOS ECT DR,BA,Olindina,2026-02-09,2026-02,2026,1
NÃO PARÇA,CORREIOS ECT DR,BA,Pilao Arcado,2026-03-17,2026-03,2026,1
NÃO PARÇA,CORREIOS ECT DR,CE,Fortaleza,2026-04-28,2026-04,2026,1
NÃO PARÇA,CORREIOS ECT DR,CE,Fortaleza,2026-05-19,2026-05,2026,1
NÃO PARÇA,CORREIOS ECT DR,CE,Fortaleza,2026-05-26,2026-05,2026,1
NÃO PARÇA,CORREIOS ECT DR,CE,Fortaleza,2026-07-22,2026-07,2026,1
NÃO PARÇA,CORREIOS ECT DR,CE,Juazeiro do Norte,2026-07-28,2026-07,2026,1
NÃO PARÇA,CORREIOS ECT DR,CE,Tabuleiro do Norte,2026-07-21,2026-07,2026,1
NÃO PARÇA,CORREIOS ECT DR,DF,Brasilia,2026-01-09,2026-01,2026,1
NÃO PARÇA,CORREIOS ECT DR,ES,Cachoeiro de Itapemirim,2026-07-17,2026-07,2026,1
NÃO PARÇA,CORREIOS ECT DR,ES,Vila Velha,2026-01-12,2026-01,2026,1
NÃO PARÇA,CORREIOS ECT DR,ES,Vitoria,2026-02-03,2026-02,2026,1
NÃO PARÇA,CORREIOS ECT DR,ES,Vitoria,2026-03-03,2026-03,2026,1
NÃO PARÇA,CORREIOS ECT DR,GO,Campinorte,2026-06-02,2026-06,2026,1
NÃO PARÇA,CORREIOS ECT DR,GO,Campos Belos,2026-07-21,2026-07,2026,1
NÃO PARÇA,CORREIOS ECT DR,GO,Goiania,2026-01-09,2026-01,2026,1
NÃO PARÇA,CORREIOS ECT DR,MG,Baependi,2026-07-21,2026-07,2026,1
NÃO PARÇA,CORREIOS ECT DR,MG,Belo Horizonte,2026-01-08,2026-01,2026,1
NÃO PARÇA,CORREIOS ECT DR,MG,Belo Horizonte,2026-01-31,2026-01,2026,1
NÃO PARÇA,CORREIOS ECT DR,MG,Divinopolis,2026-04-07,2026-04,2026,1
NÃO PARÇA,CORREIOS ECT DR,MG,Extrema,2026-03-17,2026-03,2026,1
NÃO PARÇA,CORREIOS ECT DR,MG,Gouveia,2026-05-26,2026-05,2026,1
NÃO PARÇA,CORREIOS ECT DR,MG,Governador Valadares,2026-05-26,2026-05,2026,1
NÃO PARÇA,CORREIOS ECT DR,MG,Itacarambi,2026-04-07,2026-04,2026,1
NÃO PARÇA,CORREIOS ECT DR,MG,Itueta,2026-07-21,2026-07,2026,1
NÃO PARÇA,CORREIOS ECT DR,MG,Oliveira,2026-06-16,2026-06,2026,1
NÃO PARÇA,CORREIOS ECT DR,MG,Para de Minas,2026-04-14,2026-04,2026,1
NÃO PARÇA,CORREIOS ECT DR,MG,Porteirinha,2026-07-21,2026-07,2026,1
NÃO PARÇA,CORREIOS ECT DR,MG,Sao Lourenco,2026-05-26,2026-05,2026,1
NÃO PARÇA,CORREIOS ECT DR,MG,Senhora dos Remedios,2026-05-26,2026-05,2026,1
NÃO PARÇA,CORREIOS ECT DR,MG,Serra do Salitre,2026-01-02,2026-01,2026,1
NÃO PARÇA,CORREIOS ECT DR,MG,Vazante,2026-02-09,2026-02,2026,1
NÃO PARÇA,CORREIOS ECT DR,MS,Bataypora,2026-07-21,2026-07,2026,1
NÃO PARÇA,CORREIOS ECT DR,MS,Campo Grande,2026-04-07,2026-04,2026,1
NÃO PARÇA,CORREIOS ECT DR,MS,Maracaju,2026-04-07,2026-04,2026,1
NÃO PARÇA,CORREIOS ECT DR,MT,agua Boa,2026-01-09,2026-01,2026,1
NÃO PARÇA,CORREIOS ECT DR,PA,Belem,2026-04-28,2026-04,2026,1
NÃO PARÇA,CORREIOS ECT DR,PA,Belem,2026-05-26,2026-05,2026,1
NÃO PARÇA,CORREIOS ECT DR,PA,Belem,2026-07-28,2026-07,2026,1
NÃO PARÇA,CORREIOS ECT DR,PB,Alagoa Nova,2026-05-26,2026-05,2026,1
NÃO PARÇA,CORREIOS ECT DR,PE,Custodia,2026-05-26,2026-05,2026,1
NÃO PARÇA,CORREIOS ECT DR,PE,Recife,2026-02-03,2026-02,2026,1
NÃO PARÇA,CORREIOS ECT DR,PI,Teresina,2026-07-21,2026-07,2026,1
NÃO PARÇA,CORREIOS ECT DR,PI,Teresina,2026-07-28,2026-07,2026,1
NÃO PARÇA,CORREIOS ECT DR,PR,Abatia,2026-07-21,2026-07,2026,1
NÃO PARÇA,CORREIOS ECT DR,PR,Ampere,2026-07-14,2026-07,2026,1
NÃO PARÇA,CORREIOS ECT DR,PR,Campo Largo,2026-06-16,2026-06,2026,1
NÃO PARÇA,CORREIOS ECT DR,PR,Castro,2026-01-08,2026-01,2026,1
NÃO PARÇA,CORREIOS ECT DR,PR,Cruzeiro do Iguacu,2026-01-16,2026-01,2026,1
NÃO PARÇA,CORREIOS ECT DR,PR,Londrina,2026-02-03,2026-02,2026,1
NÃO PARÇA,CORREIOS ECT DR,PR,Nova Prata do Iguacu,2026-04-07,2026-04,2026,1
NÃO PARÇA,CORREIOS ECT DR,PR,Pato Branco,2026-01-23,2026-01,2026,1
NÃO PARÇA,CORREIOS ECT DR,PR,Santa Helena,2026-03-17,2026-03,2026,1
NÃO PARÇA,CORREIOS ECT DR,PR,Uniao da Vitoria,2026-03-17,2026-03,2026,1
NÃO PARÇA,CORREIOS ECT DR,RJ,Angra dos Reis,2026-04-28,2026-04,2026,1
NÃO PARÇA,CORREIOS ECT DR,RJ,Campos dos Goytacazes,2026-02-03,2026-02,2026,1
NÃO PARÇA,CORREIOS ECT DR,RJ,Nova Iguacu,2026-02-03,2026-02,2026,1
NÃO PARÇA,CORREIOS ECT DR,RJ,Paraiba do Sul,2026-05-19,2026-05,2026,1
NÃO PARÇA,CORREIOS ECT DR,RJ,Rio das Ostras,2026-01-08,2026-01,2026,1
NÃO PARÇA,CORREIOS ECT DR,RJ,Rio de Janeiro,2026-01-08,2026-01,2026,1
NÃO PARÇA,CORREIOS ECT DR,RJ,Rio de Janeiro,2026-01-16,2026-01,2026,1
NÃO PARÇA,CORREIOS ECT DR,RJ,Rio de Janeiro,2026-02-16,2026-02,2026,1
NÃO PARÇA,CORREIOS ECT DR,RS,Antonio Prado,2026-02-03,2026-02,2026,1
NÃO PARÇA,CORREIOS ECT DR,RS,Bento Goncalves,2026-04-28,2026-04,2026,1
NÃO PARÇA,CORREIOS ECT DR,RS,Bento Goncalves,2026-06-03,2026-06,2026,1
NÃO PARÇA,CORREIOS ECT DR,RS,Caxias do Sul,2026-05-26,2026-05,2026,1
NÃO PARÇA,CORREIOS ECT DR,RS,Caxias do Sul,2026-07-21,2026-07,2026,1
NÃO PARÇA,CORREIOS ECT DR,RS,Cruz Alta,2026-07-13,2026-07,2026,1
NÃO PARÇA,CORREIOS ECT DR,RS,Guapore,2026-02-09,2026-02,2026,1
NÃO PARÇA,CORREIOS ECT DR,RS,Panambi,2026-06-02,2026-06,2026,1
NÃO PARÇA,CORREIOS ECT DR,RS,Santa Maria,2026-03-10,2026-03,2026,2
NÃO PARÇA,CORREIOS ECT DR,RS,Santiago,2026-05-26,2026-05,2026,1
NÃO PARÇA,CORREIOS ECT DR,RS,Sao Jose do Inhacora,2026-07-07,2026-07,2026,1
NÃO PARÇA,CORREIOS ECT DR,RS,Sobradinho,2026-03-10,2026-03,2026,1
NÃO PARÇA,CORREIOS ECT DR,SC,Blumenau,2026-01-16,2026-01,2026,1
NÃO PARÇA,CORREIOS ECT DR,SC,Blumenau,2026-05-26,2026-05,2026,1
NÃO PARÇA,CORREIOS ECT DR,SC,Criciuma,2026-07-21,2026-07,2026,1
NÃO PARÇA,CORREIOS ECT DR,SE,Aracaju,2026-01-16,2026-01,2026,1
NÃO PARÇA,CORREIOS ECT DR,SP,Americana,2026-02-03,2026-02,2026,1
NÃO PARÇA,CORREIOS ECT DR,SP,Amparo,2026-04-14,2026-04,2026,1
NÃO PARÇA,CORREIOS ECT DR,SP,Aparecida,2026-06-09,2026-06,2026,1
NÃO PARÇA,CORREIOS ECT DR,SP,Conchas,2026-03-10,2026-03,2026,1
NÃO PARÇA,CORREIOS ECT DR,SP,Cruzeiro,2026-04-07,2026-04,2026,1
NÃO PARÇA,CORREIOS ECT DR,SP,Divinolandia,2026-01-12,2026-01,2026,1
NÃO PARÇA,CORREIOS ECT DR,SP,Embu das Artes,2026-01-02,2026-01,2026,1
NÃO PARÇA,CORREIOS ECT DR,SP,Fernandopolis,2026-05-26,2026-05,2026,1
NÃO PARÇA,CORREIOS ECT DR,SP,Guaratingueta,2026-05-26,2026-05,2026,1
NÃO PARÇA,CORREIOS ECT DR,SP,Guarulhos,2026-02-03,2026-02,2026,1
NÃO PARÇA,CORREIOS ECT DR,SP,Ilha Comprida,2026-06-02,2026-06,2026,1
NÃO PARÇA,CORREIOS ECT DR,SP,Itupeva,2026-02-03,2026-02,2026,1
NÃO PARÇA,CORREIOS ECT DR,SP,Jundiai,2026-02-03,2026-02,2026,1
NÃO PARÇA,CORREIOS ECT DR,SP,Maracai,2026-07-21,2026-07,2026,1
NÃO PARÇA,CORREIOS ECT DR,SP,Marilia,2026-01-08,2026-01,2026,1
NÃO PARÇA,CORREIOS ECT DR,SP,Matao,2026-07-21,2026-07,2026,1
NÃO PARÇA,CORREIOS ECT DR,SP,Mirassol,2026-05-26,2026-05,2026,1
NÃO PARÇA,CORREIOS ECT DR,SP,Mogi Mirim,2026-01-16,2026-01,2026,1
NÃO PARÇA,CORREIOS ECT DR,SP,Olimpia,2026-07-10,2026-07,2026,1
NÃO PARÇA,CORREIOS ECT DR,SP,Osasco,2026-01-02,2026-01,2026,1
NÃO PARÇA,CORREIOS ECT DR,SP,Paranapanema,2026-07-21,2026-07,2026,1
NÃO PARÇA,CORREIOS ECT DR,SP,Penapolis,2026-04-07,2026-04,2026,1
NÃO PARÇA,CORREIOS ECT DR,SP,Peruibe,2026-02-03,2026-02,2026,1
NÃO PARÇA,CORREIOS ECT DR,SP,Pradopolis,2026-02-03,2026-02,2026,1
NÃO PARÇA,CORREIOS ECT DR,SP,Presidente Prudente,2026-01-08,2026-01,2026,1
NÃO PARÇA,CORREIOS ECT DR,SP,Ribeirao Preto,2026-05-26,2026-05,2026,1
NÃO PARÇA,CORREIOS ECT DR,SP,Santo Andre,2026-01-16,2026-01,2026,1
NÃO PARÇA,CORREIOS ECT DR,SP,Sao Carlos,2026-03-10,2026-03,2026,1
NÃO PARÇA,CORREIOS ECT DR,SP,Sao Jose do Rio Preto,2026-05-19,2026-05,2026,1
NÃO PARÇA,CORREIOS ECT DR,SP,Sao Paulo,2026-01-02,2026-01,2026,3
NÃO PARÇA,CORREIOS ECT DR,SP,Sao Paulo,2026-01-31,2026-01,2026,1
NÃO PARÇA,CORREIOS ECT DR,SP,Sao Paulo,2026-02-03,2026-02,2026,9
NÃO PARÇA,CORREIOS ECT DR,SP,Sao Paulo,2026-06-29,2026-06,2026,1
NÃO PARÇA,CORREIOS ECT DR,SP,Sao Pedro,2026-06-16,2026-06,2026,1
NÃO PARÇA,CORREIOS ECT DR,SP,Sao Simao,2026-04-14,2026-04,2026,1
NÃO PARÇA,CORREIOS ECT DR,SP,Serra Negra,2026-06-03,2026-06,2026,1
NÃO PARÇA,CORREIOS ECT DR,SP,Sorocaba,2026-02-03,2026-02,2026,1
NÃO PARÇA,CORREIOS ECT DR,SP,Taquarituba,2026-07-28,2026-07,2026,1
NÃO PARÇA,CORREIOS ECT DR,SP,Vargem,2026-03-17,2026-03,2026,1
NÃO PARÇA,CORREIOS ECT DR,SP,Votorantim,2026-01-09,2026-01,2026,1
NÃO PARÇA,ETT TRANSPORTES,SP,Sao Paulo,2026-02-03,2026-02,2026,1
NÃO PARÇA,FATELOG,MG,Uberlandia,2026-07-17,2026-07,2026,1
NÃO PARÇA,FATELOG,SP,Itupeva,2026-07-17,2026-07,2026,1
NÃO PARÇA,FATELOG,SP,Louveira,2026-03-13,2026-03,2026,1
NÃO PARÇA,FATELOG,SP,Tatui,2026-06-08,2026-06,2026,1
NÃO PARÇA,FAVORITA,GO,Alto Paraiso de Goias,2026-01-28,2026-01,2026,1
NÃO PARÇA,FAVORITA,GO,Alto Paraiso de Goias,2026-05-14,2026-05,2026,1
NÃO PARÇA,FAVORITA,GO,Amaralina,2026-03-13,2026-03,2026,1
NÃO PARÇA,FAVORITA,GO,Amorinopolis,2026-05-14,2026-05,2026,1
NÃO PARÇA,FAVORITA,GO,Anicuns,2026-01-28,2026-01,2026,1
NÃO PARÇA,FAVORITA,GO,Aragarcas,2026-02-20,2026-02,2026,1
NÃO PARÇA,FAVORITA,GO,Aragoiania,2026-05-07,2026-05,2026,1
NÃO PARÇA,FAVORITA,GO,Barro Alto,2026-02-12,2026-02,2026,1
NÃO PARÇA,FAVORITA,GO,Bela Vista de Goias,2026-02-16,2026-02,2026,1
NÃO PARÇA,FAVORITA,GO,Bonopolis,2026-02-12,2026-02,2026,1
NÃO PARÇA,FAVORITA,GO,Caldas Novas,2026-01-29,2026-01,2026,1
NÃO PARÇA,FAVORITA,GO,Campinorte,2026-03-20,2026-03,2026,1
NÃO PARÇA,FAVORITA,GO,Corumbaiba,2026-03-04,2026-03,2026,1
NÃO PARÇA,FAVORITA,GO,Corumbaiba,2026-04-07,2026-04,2026,1
NÃO PARÇA,FAVORITA,GO,Corumbaiba,2026-05-18,2026-05,2026,1
NÃO PARÇA,FAVORITA,GO,Divinopolis de Goias,2026-02-12,2026-02,2026,1
NÃO PARÇA,FAVORITA,GO,Divinopolis de Goias,2026-05-27,2026-05,2026,1
NÃO PARÇA,FAVORITA,GO,Formosa,2026-01-06,2026-01,2026,1
NÃO PARÇA,FAVORITA,GO,Formosa,2026-06-24,2026-06,2026,1
NÃO PARÇA,FAVORITA,GO,Formosa,2026-07-14,2026-07,2026,1
NÃO PARÇA,FAVORITA,GO,Goianesia,2026-04-29,2026-04,2026,1
NÃO PARÇA,FAVORITA,GO,Goianesia,2026-05-18,2026-05,2026,1
NÃO PARÇA,FAVORITA,GO,Goianesia,2026-05-28,2026-05,2026,1
NÃO PARÇA,FAVORITA,GO,Goias,2026-06-08,2026-06,2026,1
NÃO PARÇA,FAVORITA,GO,Goiatuba,2026-04-07,2026-04,2026,1
NÃO PARÇA,FAVORITA,GO,Indiara,2026-02-24,2026-02,2026,1
NÃO PARÇA,FAVORITA,GO,Inhumas,2026-02-26,2026-02,2026,1
NÃO PARÇA,FAVORITA,GO,Inhumas,2026-04-28,2026-04,2026,1
NÃO PARÇA,FAVORITA,GO,Inhumas,2026-07-25,2026-07,2026,1
NÃO PARÇA,FAVORITA,GO,Ipora,2026-03-04,2026-03,2026,1
NÃO PARÇA,FAVORITA,GO,Ipora,2026-05-29,2026-05,2026,1
NÃO PARÇA,FAVORITA,GO,Ipora,2026-06-30,2026-06,2026,1
NÃO PARÇA,FAVORITA,GO,Itaberai,2026-07-14,2026-07,2026,1
NÃO PARÇA,FAVORITA,GO,Itumbiara,2026-02-25,2026-02,2026,1
NÃO PARÇA,FAVORITA,GO,Itumbiara,2026-06-17,2026-06,2026,1
NÃO PARÇA,FAVORITA,GO,Itumbiara,2026-07-15,2026-07,2026,1
NÃO PARÇA,FAVORITA,GO,Jandaia,2026-05-22,2026-05,2026,1
NÃO PARÇA,FAVORITA,GO,Jatai,2026-03-04,2026-03,2026,1
NÃO PARÇA,FAVORITA,GO,Jatai,2026-05-06,2026-05,2026,1
NÃO PARÇA,FAVORITA,GO,Jatai,2026-06-08,2026-06,2026,1
NÃO PARÇA,FAVORITA,GO,Jatai,2026-06-16,2026-06,2026,1
NÃO PARÇA,FAVORITA,GO,Jatai,2026-06-17,2026-06,2026,1
NÃO PARÇA,FAVORITA,GO,Mambai,2026-06-30,2026-06,2026,1
NÃO PARÇA,FAVORITA,GO,Mineiros,2026-03-09,2026-03,2026,1
NÃO PARÇA,FAVORITA,GO,Montividiu,2026-03-06,2026-03,2026,1
NÃO PARÇA,FAVORITA,GO,Morrinhos,2026-02-18,2026-02,2026,1
NÃO PARÇA,FAVORITA,GO,Neropolis,2026-01-13,2026-01,2026,1
NÃO PARÇA,FAVORITA,GO,Neropolis,2026-05-04,2026-05,2026,1
NÃO PARÇA,FAVORITA,GO,Neropolis,2026-06-18,2026-06,2026,1
NÃO PARÇA,FAVORITA,GO,Niquelandia,2026-07-16,2026-07,2026,1
NÃO PARÇA,FAVORITA,GO,Nova Iguacu de Goias,2026-06-18,2026-06,2026,1
NÃO PARÇA,FAVORITA,GO,Novo Gama,2026-07-14,2026-07,2026,1
NÃO PARÇA,FAVORITA,GO,Padre Bernardo,2026-07-01,2026-07,2026,1
NÃO PARÇA,FAVORITA,GO,Palminopolis,2026-01-31,2026-01,2026,1
NÃO PARÇA,FAVORITA,GO,Pirenopolis,2026-02-19,2026-02,2026,1
NÃO PARÇA,FAVORITA,GO,Planaltina,2026-02-12,2026-02,2026,1
NÃO PARÇA,FAVORITA,GO,Planaltina,2026-02-16,2026-02,2026,1
NÃO PARÇA,FAVORITA,GO,Porangatu,2026-03-09,2026-03,2026,1
NÃO PARÇA,FAVORITA,GO,Portelandia,2026-03-04,2026-03,2026,1
NÃO PARÇA,FAVORITA,GO,Posse,2026-05-04,2026-05,2026,1
NÃO PARÇA,FAVORITA,GO,Posse,2026-07-02,2026-07,2026,1
NÃO PARÇA,FAVORITA,GO,Posse,2026-07-03,2026-07,2026,1
NÃO PARÇA,FAVORITA,GO,Quirinopolis,2026-01-26,2026-01,2026,1
NÃO PARÇA,FAVORITA,GO,Rio Quente,2026-07-06,2026-07,2026,1
NÃO PARÇA,FAVORITA,GO,Rubiataba,2026-02-10,2026-02,2026,1
NÃO PARÇA,FAVORITA,GO,Santa Rita do Araguaia,2026-06-16,2026-06,2026,1
NÃO PARÇA,FAVORITA,GO,Sao Simao,2026-04-02,2026-04,2026,1
NÃO PARÇA,FAVORITA,GO,Senador Canedo,2026-01-12,2026-01,2026,1
NÃO PARÇA,FAVORITA,GO,Senador Canedo,2026-02-12,2026-02,2026,1
NÃO PARÇA,FAVORITA,GO,Senador Canedo,2026-05-07,2026-05,2026,1
NÃO PARÇA,FAVORITA,GO,Senador Canedo,2026-07-15,2026-07,2026,1
NÃO PARÇA,FAVORITA,GO,Silvania,2026-04-28,2026-04,2026,1
NÃO PARÇA,FAVORITA,GO,Trombas,2026-06-01,2026-06,2026,1
NÃO PARÇA,FAVORITA,GO,Uruacu,2026-01-09,2026-01,2026,1
NÃO PARÇA,FAVORITA,GO,Uruana,2026-04-24,2026-04,2026,1
NÃO PARÇA,FAVORITA,GO,Vianopolis,2026-01-16,2026-01,2026,1
NÃO PARÇA,FAVORITA,GO,Vianopolis,2026-01-31,2026-01,2026,1
NÃO PARÇA,FAVORITA,GO,Vianopolis,2026-02-20,2026-02,2026,1
NÃO PARÇA,FAVORITA,GO,Vianopolis,2026-03-06,2026-03,2026,1
NÃO PARÇA,FAVORITA,GO,Vianopolis,2026-05-27,2026-05,2026,1
NÃO PARÇA,FAVORITA,GO,Vianopolis,2026-06-16,2026-06,2026,1
NÃO PARÇA,FAVORITA,GO,Vicentinopolis,2026-06-19,2026-06,2026,1
NÃO PARÇA,FAVORITA,GO,agua Limpa,2026-04-23,2026-04,2026,1
NÃO PARÇA,FAVORITA,GO,aguas Lindas de Goias,2026-06-30,2026-06,2026,1
NÃO PARÇA,FAVORITA,GO,aguas Lindas de Goias,2026-07-06,2026-07,2026,1
NÃO PARÇA,FAVORITA,MS,Amambai,2026-03-11,2026-03,2026,1
NÃO PARÇA,FAVORITA,MS,Aparecida do Taboado,2026-07-03,2026-07,2026,1
NÃO PARÇA,FAVORITA,MS,Bataguassu,2026-01-13,2026-01,2026,1
NÃO PARÇA,FAVORITA,MS,Bataguassu,2026-03-31,2026-03,2026,1
NÃO PARÇA,FAVORITA,MS,Bataguassu,2026-05-22,2026-05,2026,1
NÃO PARÇA,FAVORITA,MS,Bataypora,2026-04-25,2026-04,2026,1
NÃO PARÇA,FAVORITA,MS,Brasilandia,2026-02-18,2026-02,2026,1
NÃO PARÇA,FAVORITA,MS,Campo Grande,2026-01-06,2026-01,2026,1
NÃO PARÇA,FAVORITA,MS,Campo Grande,2026-01-20,2026-01,2026,1
NÃO PARÇA,FAVORITA,MS,Campo Grande,2026-01-22,2026-01,2026,1
NÃO PARÇA,FAVORITA,MS,Campo Grande,2026-01-29,2026-01,2026,1
NÃO PARÇA,FAVORITA,MS,Campo Grande,2026-02-03,2026-02,2026,1
NÃO PARÇA,FAVORITA,MS,Campo Grande,2026-02-18,2026-02,2026,1
NÃO PARÇA,FAVORITA,MS,Campo Grande,2026-03-03,2026-03,2026,1
NÃO PARÇA,FAVORITA,MS,Campo Grande,2026-03-04,2026-03,2026,1
NÃO PARÇA,FAVORITA,MS,Campo Grande,2026-03-10,2026-03,2026,1
NÃO PARÇA,FAVORITA,MS,Campo Grande,2026-03-12,2026-03,2026,2
NÃO PARÇA,FAVORITA,MS,Campo Grande,2026-03-13,2026-03,2026,1
NÃO PARÇA,FAVORITA,MS,Campo Grande,2026-03-18,2026-03,2026,1
NÃO PARÇA,FAVORITA,MS,Campo Grande,2026-03-23,2026-03,2026,1
NÃO PARÇA,FAVORITA,MS,Campo Grande,2026-03-24,2026-03,2026,1
NÃO PARÇA,FAVORITA,MS,Campo Grande,2026-03-31,2026-03,2026,1
NÃO PARÇA,FAVORITA,MS,Campo Grande,2026-04-01,2026-04,2026,1
NÃO PARÇA,FAVORITA,MS,Campo Grande,2026-04-02,2026-04,2026,1
NÃO PARÇA,FAVORITA,MS,Campo Grande,2026-04-07,2026-04,2026,1
NÃO PARÇA,FAVORITA,MS,Campo Grande,2026-04-29,2026-04,2026,1
NÃO PARÇA,FAVORITA,MS,Campo Grande,2026-05-14,2026-05,2026,2
NÃO PARÇA,FAVORITA,MS,Campo Grande,2026-05-22,2026-05,2026,1
NÃO PARÇA,FAVORITA,MS,Campo Grande,2026-06-16,2026-06,2026,1
NÃO PARÇA,FAVORITA,MS,Campo Grande,2026-06-30,2026-06,2026,2
NÃO PARÇA,FAVORITA,MS,Campo Grande,2026-07-01,2026-07,2026,2
NÃO PARÇA,FAVORITA,MS,Campo Grande,2026-07-06,2026-07,2026,1
NÃO PARÇA,FAVORITA,MS,Campo Grande,2026-07-15,2026-07,2026,3
NÃO PARÇA,FAVORITA,MS,Campo Grande,2026-07-17,2026-07,2026,1
NÃO PARÇA,FAVORITA,MS,Campo Grande,2026-07-25,2026-07,2026,1
NÃO PARÇA,FAVORITA,MS,Chapadao do Sul,2026-02-02,2026-02,2026,1
NÃO PARÇA,FAVORITA,MS,Chapadao do Sul,2026-03-04,2026-03,2026,1
NÃO PARÇA,FAVORITA,MS,Chapadao do Sul,2026-05-30,2026-05,2026,1
NÃO PARÇA,FAVORITA,MS,Corumba,2026-05-14,2026-05,2026,1
NÃO PARÇA,FAVORITA,MS,Corumba,2026-05-26,2026-05,2026,1
NÃO PARÇA,FAVORITA,MS,Corumba,2026-06-16,2026-06,2026,1
NÃO PARÇA,FAVORITA,MS,Dourados,2026-02-02,2026-02,2026,1
NÃO PARÇA,FAVORITA,MS,Dourados,2026-02-12,2026-02,2026,1
NÃO PARÇA,FAVORITA,MS,Dourados,2026-02-25,2026-02,2026,1
NÃO PARÇA,FAVORITA,MS,Dourados,2026-03-18,2026-03,2026,1
NÃO PARÇA,FAVORITA,MS,Dourados,2026-04-16,2026-04,2026,1
NÃO PARÇA,FAVORITA,MS,Dourados,2026-05-07,2026-05,2026,1
NÃO PARÇA,FAVORITA,MS,Dourados,2026-05-22,2026-05,2026,1
NÃO PARÇA,FAVORITA,MS,Dourados,2026-06-16,2026-06,2026,1
NÃO PARÇA,FAVORITA,MS,Dourados,2026-06-30,2026-06,2026,1
NÃO PARÇA,FAVORITA,MS,Dourados,2026-07-02,2026-07,2026,1
NÃO PARÇA,FAVORITA,MS,Dourados,2026-07-21,2026-07,2026,1
NÃO PARÇA,FAVORITA,MS,Eldorado,2026-04-20,2026-04,2026,1
NÃO PARÇA,FAVORITA,MS,Iguatemi,2026-06-20,2026-06,2026,1
NÃO PARÇA,FAVORITA,MS,Inocencia,2026-06-20,2026-06,2026,1
NÃO PARÇA,FAVORITA,MS,Itaquirai,2026-01-12,2026-01,2026,1
NÃO PARÇA,FAVORITA,MS,Ivinhema,2026-03-24,2026-03,2026,1
NÃO PARÇA,FAVORITA,MS,Jardim,2026-07-18,2026-07,2026,1
NÃO PARÇA,FAVORITA,MS,Ladario,2026-03-13,2026-03,2026,1
NÃO PARÇA,FAVORITA,MS,Maracaju,2026-05-13,2026-05,2026,1
NÃO PARÇA,FAVORITA,MS,Navirai,2026-04-09,2026-04,2026,1
NÃO PARÇA,FAVORITA,MS,Nova Alvorada do Sul,2026-02-26,2026-02,2026,1
NÃO PARÇA,FAVORITA,MS,Nova Andradina,2026-01-08,2026-01,2026,1
NÃO PARÇA,FAVORITA,MS,Nova Andradina,2026-02-14,2026-02,2026,1
NÃO PARÇA,FAVORITA,MS,Nova Andradina,2026-05-26,2026-05,2026,1
NÃO PARÇA,FAVORITA,MS,Nova Andradina,2026-06-03,2026-06,2026,1
NÃO PARÇA,FAVORITA,MS,Pedro Gomes,2026-05-30,2026-05,2026,1
NÃO PARÇA,FAVORITA,MS,Ribas do Rio Pardo,2026-01-12,2026-01,2026,1
NÃO PARÇA,FAVORITA,MS,Ribas do Rio Pardo,2026-03-26,2026-03,2026,1
NÃO PARÇA,FAVORITA,MS,Rio Verde de Mato Grosso,2026-02-14,2026-02,2026,1
NÃO PARÇA,FAVORITA,MS,Selviria,2026-06-08,2026-06,2026,1
NÃO PARÇA,FAVORITA,MS,Sidrolandia,2026-02-23,2026-02,2026,1
NÃO PARÇA,FAVORITA,MS,Sonora,2026-01-08,2026-01,2026,1
NÃO PARÇA,FAVORITA,MS,Sonora,2026-06-20,2026-06,2026,1
NÃO PARÇA,FAVORITA,MS,Tres Lagoas,2026-01-29,2026-01,2026,1
NÃO PARÇA,FAVORITA,MS,Tres Lagoas,2026-02-12,2026-02,2026,1
NÃO PARÇA,FAVORITA,MS,Tres Lagoas,2026-02-25,2026-02,2026,1
NÃO PARÇA,FAVORITA,MS,Tres Lagoas,2026-03-26,2026-03,2026,1
NÃO PARÇA,FAVORITA,MS,Tres Lagoas,2026-04-24,2026-04,2026,1
NÃO PARÇA,FAVORITA,MS,Tres Lagoas,2026-04-29,2026-04,2026,1
NÃO PARÇA,FAVORITA,MS,Tres Lagoas,2026-05-16,2026-05,2026,1
NÃO PARÇA,FAVORITA,MT,Acorizal,2026-02-03,2026-02,2026,1
NÃO PARÇA,FAVORITA,MT,Alta Floresta,2026-02-07,2026-02,2026,1
NÃO PARÇA,FAVORITA,MT,Alta Floresta,2026-02-13,2026-02,2026,1
NÃO PARÇA,FAVORITA,MT,Alta Floresta,2026-04-30,2026-04,2026,1
NÃO PARÇA,FAVORITA,MT,Alta Floresta,2026-07-03,2026-07,2026,1
NÃO PARÇA,FAVORITA,MT,Barra do Garcas,2026-02-11,2026-02,2026,1
NÃO PARÇA,FAVORITA,MT,Barra do Garcas,2026-03-02,2026-03,2026,1
NÃO PARÇA,FAVORITA,MT,Caceres,2026-07-14,2026-07,2026,1
NÃO PARÇA,FAVORITA,MT,Canarana,2026-01-16,2026-01,2026,1
NÃO PARÇA,FAVORITA,MT,Canarana,2026-05-29,2026-05,2026,1
NÃO PARÇA,FAVORITA,MT,Colider,2026-07-16,2026-07,2026,1
NÃO PARÇA,FAVORITA,MT,Confresa,2026-01-23,2026-01,2026,1
NÃO PARÇA,FAVORITA,MT,Cuiaba,2026-01-05,2026-01,2026,1
NÃO PARÇA,FAVORITA,MT,Cuiaba,2026-01-07,2026-01,2026,1
NÃO PARÇA,FAVORITA,MT,Cuiaba,2026-01-28,2026-01,2026,1
NÃO PARÇA,FAVORITA,MT,Cuiaba,2026-01-29,2026-01,2026,1
NÃO PARÇA,FAVORITA,MT,Cuiaba,2026-03-05,2026-03,2026,1
NÃO PARÇA,FAVORITA,MT,Cuiaba,2026-03-17,2026-03,2026,2
NÃO PARÇA,FAVORITA,MT,Cuiaba,2026-03-19,2026-03,2026,1
NÃO PARÇA,FAVORITA,MT,Cuiaba,2026-04-09,2026-04,2026,1
NÃO PARÇA,FAVORITA,MT,Cuiaba,2026-05-06,2026-05,2026,1
NÃO PARÇA,FAVORITA,MT,Cuiaba,2026-05-28,2026-05,2026,1
NÃO PARÇA,FAVORITA,MT,Cuiaba,2026-05-30,2026-05,2026,1
NÃO PARÇA,FAVORITA,MT,Cuiaba,2026-06-16,2026-06,2026,3
NÃO PARÇA,FAVORITA,MT,Cuiaba,2026-06-19,2026-06,2026,1
NÃO PARÇA,FAVORITA,MT,Cuiaba,2026-06-23,2026-06,2026,2
NÃO PARÇA,FAVORITA,MT,Cuiaba,2026-06-29,2026-06,2026,1
NÃO PARÇA,FAVORITA,MT,Cuiaba,2026-06-30,2026-06,2026,1
NÃO PARÇA,FAVORITA,MT,Cuiaba,2026-07-01,2026-07,2026,1
NÃO PARÇA,FAVORITA,MT,Cuiaba,2026-07-03,2026-07,2026,1
NÃO PARÇA,FAVORITA,MT,Cuiaba,2026-07-25,2026-07,2026,1
NÃO PARÇA,FAVORITA,MT,Itiquira,2026-01-13,2026-01,2026,1
NÃO PARÇA,FAVORITA,MT,Jangada,2026-05-30,2026-05,2026,1
NÃO PARÇA,FAVORITA,MT,Juara,2026-06-02,2026-06,2026,1
NÃO PARÇA,FAVORITA,MT,Juina,2026-07-15,2026-07,2026,1
NÃO PARÇA,FAVORITA,MT,Lucas do Rio Verde,2026-01-08,2026-01,2026,1
NÃO PARÇA,FAVORITA,MT,Matupa,2026-03-23,2026-03,2026,1
NÃO PARÇA,FAVORITA,MT,Mirassol DOeste,2026-06-16,2026-06,2026,1
NÃO PARÇA,FAVORITA,MT,Nova Bandeirantes,2026-07-02,2026-07,2026,1
NÃO PARÇA,FAVORITA,MT,Nova Canaa do Norte,2026-04-07,2026-04,2026,1
NÃO PARÇA,FAVORITA,MT,Nova Mutum,2026-04-10,2026-04,2026,1
NÃO PARÇA,FAVORITA,MT,Nova Xavantina,2026-01-15,2026-01,2026,1
NÃO PARÇA,FAVORITA,MT,Pedra Preta,2026-03-18,2026-03,2026,1
NÃO PARÇA,FAVORITA,MT,Peixoto de Azevedo,2026-07-08,2026-07,2026,1
NÃO PARÇA,FAVORITA,MT,Pontes e Lacerda,2026-01-14,2026-01,2026,1
NÃO PARÇA,FAVORITA,MT,Pontes e Lacerda,2026-01-16,2026-01,2026,1
NÃO PARÇA,FAVORITA,MT,Pontes e Lacerda,2026-05-20,2026-05,2026,1
NÃO PARÇA,FAVORITA,MT,Primavera do Leste,2026-02-07,2026-02,2026,1
NÃO PARÇA,FAVORITA,MT,Primavera do Leste,2026-02-23,2026-02,2026,1
NÃO PARÇA,FAVORITA,MT,Ribeirao Cascalheira,2026-03-16,2026-03,2026,1
NÃO PARÇA,FAVORITA,MT,Rondonopolis,2026-02-12,2026-02,2026,1
NÃO PARÇA,FAVORITA,MT,Rondonopolis,2026-04-08,2026-04,2026,1
NÃO PARÇA,FAVORITA,MT,Rondonopolis,2026-05-20,2026-05,2026,1
NÃO PARÇA,FAVORITA,MT,Rondonopolis,2026-06-02,2026-06,2026,1
NÃO PARÇA,FAVORITA,MT,Rondonopolis,2026-06-26,2026-06,2026,1
NÃO PARÇA,FAVORITA,MT,Rondonopolis,2026-06-30,2026-06,2026,1
NÃO PARÇA,FAVORITA,MT,Santa Carmem,2026-01-14,2026-01,2026,2
NÃO PARÇA,FAVORITA,MT,Santa Cruz do Xingu,2026-03-30,2026-03,2026,1
NÃO PARÇA,FAVORITA,MT,Sao Jose do Rio Claro,2026-04-10,2026-04,2026,1
NÃO PARÇA,FAVORITA,MT,Sao Jose do Rio Claro,2026-04-13,2026-04,2026,1
NÃO PARÇA,FAVORITA,MT,Sao Jose do Xingu,2026-06-27,2026-06,2026,1
NÃO PARÇA,FAVORITA,MT,Sapezal,2026-03-06,2026-03,2026,1
NÃO PARÇA,FAVORITA,MT,Sinop,2026-02-12,2026-02,2026,1
NÃO PARÇA,FAVORITA,MT,Sinop,2026-03-04,2026-03,2026,1
NÃO PARÇA,FAVORITA,MT,Sinop,2026-03-16,2026-03,2026,1
NÃO PARÇA,FAVORITA,MT,Sinop,2026-03-31,2026-03,2026,1
NÃO PARÇA,FAVORITA,MT,Sinop,2026-05-13,2026-05,2026,1
NÃO PARÇA,FAVORITA,MT,Sinop,2026-05-14,2026-05,2026,1
NÃO PARÇA,FAVORITA,MT,Sinop,2026-05-16,2026-05,2026,1
NÃO PARÇA,FAVORITA,MT,Sinop,2026-05-19,2026-05,2026,1
NÃO PARÇA,FAVORITA,MT,Sorriso,2026-01-09,2026-01,2026,1
NÃO PARÇA,FAVORITA,MT,Sorriso,2026-03-26,2026-03,2026,1
NÃO PARÇA,FAVORITA,MT,Sorriso,2026-04-22,2026-04,2026,1
NÃO PARÇA,FAVORITA,MT,Sorriso,2026-04-25,2026-04,2026,1
NÃO PARÇA,FAVORITA,MT,Tangara da Serra,2026-04-29,2026-04,2026,1
NÃO PARÇA,FAVORITA,MT,Tangara da Serra,2026-05-26,2026-05,2026,1
NÃO PARÇA,FAVORITA,MT,Tangara da Serra,2026-07-06,2026-07,2026,1
NÃO PARÇA,FAVORITA,MT,Varzea Grande,2026-01-19,2026-01,2026,1
NÃO PARÇA,FAVORITA,MT,Varzea Grande,2026-01-23,2026-01,2026,1
NÃO PARÇA,FAVORITA,MT,Varzea Grande,2026-03-03,2026-03,2026,1
NÃO PARÇA,FAVORITA,MT,Varzea Grande,2026-03-09,2026-03,2026,1
NÃO PARÇA,FAVORITA,MT,Varzea Grande,2026-04-10,2026-04,2026,1
NÃO PARÇA,FAVORITA,MT,Varzea Grande,2026-05-21,2026-05,2026,1
NÃO PARÇA,FAVORITA,MT,Varzea Grande,2026-06-17,2026-06,2026,1
NÃO PARÇA,FAVORITA,MT,Varzea Grande,2026-07-01,2026-07,2026,1
NÃO PARÇA,FAVORITA,MT,Varzea Grande,2026-07-03,2026-07,2026,1
NÃO PARÇA,FAVORITA,MT,Varzea Grande,2026-07-17,2026-07,2026,1
NÃO PARÇA,FAVORITA,MT,agua Boa,2026-01-12,2026-01,2026,1
NÃO PARÇA,FAVORITA,PA,Abel Figueiredo,2026-06-16,2026-06,2026,1
NÃO PARÇA,FAVORITA,PA,Altamira,2026-01-15,2026-01,2026,1
NÃO PARÇA,FAVORITA,PA,Belem,2026-01-12,2026-01,2026,1
NÃO PARÇA,FAVORITA,PA,Belem,2026-01-16,2026-01,2026,1
NÃO PARÇA,FAVORITA,PA,Belem,2026-01-21,2026-01,2026,1
NÃO PARÇA,FAVORITA,PA,Belem,2026-01-29,2026-01,2026,1
NÃO PARÇA,FAVORITA,PA,Belem,2026-01-31,2026-01,2026,1
NÃO PARÇA,FAVORITA,PA,Belem,2026-02-03,2026-02,2026,1
NÃO PARÇA,FAVORITA,PA,Belem,2026-02-12,2026-02,2026,1
NÃO PARÇA,FAVORITA,PA,Belem,2026-02-19,2026-02,2026,1
NÃO PARÇA,FAVORITA,PA,Belem,2026-04-16,2026-04,2026,1
NÃO PARÇA,FAVORITA,PA,Belem,2026-05-04,2026-05,2026,1
NÃO PARÇA,FAVORITA,PA,Belem,2026-06-01,2026-06,2026,1
NÃO PARÇA,FAVORITA,PA,Belem,2026-06-16,2026-06,2026,1
NÃO PARÇA,FAVORITA,PA,Belem,2026-06-17,2026-06,2026,1
NÃO PARÇA,FAVORITA,PA,Belem,2026-07-22,2026-07,2026,1
NÃO PARÇA,FAVORITA,PA,Garrafao do Norte,2026-01-06,2026-01,2026,1
NÃO PARÇA,FAVORITA,PA,Paragominas,2026-07-18,2026-07,2026,1
NÃO PARÇA,FAVORITA,PA,Parauapebas,2026-01-05,2026-01,2026,1
NÃO PARÇA,FAVORITA,PA,Parauapebas,2026-03-18,2026-03,2026,1
NÃO PARÇA,FAVORITA,PA,Porto de Moz,2026-07-14,2026-07,2026,1
NÃO PARÇA,FAVORITA,PA,Porto de Moz,2026-07-23,2026-07,2026,1
NÃO PARÇA,FAVORITA,PA,Tailandia,2026-01-05,2026-01,2026,1
NÃO PARÇA,FAVORITA,PA,Tome Acu,2026-03-30,2026-03,2026,1
NÃO PARÇA,FAVORITA,PA,Tucurui,2026-07-07,2026-07,2026,1
NÃO PARÇA,FAVORITA,RO,Candeias do Jamari,2026-07-15,2026-07,2026,1
NÃO PARÇA,FAVORITA,TO,Palmas,2026-02-12,2026-02,2026,2
NÃO PARÇA,FAVORITA,TO,Palmas,2026-03-04,2026-03,2026,1
NÃO PARÇA,FAVORITA,TO,Palmas,2026-03-13,2026-03,2026,1
NÃO PARÇA,FAVORITA,TO,Palmas,2026-03-16,2026-03,2026,1
NÃO PARÇA,FAVORITA,TO,Palmas,2026-05-26,2026-05,2026,1
NÃO PARÇA,FAVORITA,TO,Palmas,2026-05-27,2026-05,2026,1
NÃO PARÇA,FAVORITA,TO,Palmas,2026-06-15,2026-06,2026,1
NÃO PARÇA,FAVORITA,TO,Palmas,2026-06-16,2026-06,2026,1
NÃO PARÇA,FAVORITA,TO,Palmas,2026-06-30,2026-06,2026,1
NÃO PARÇA,FAVORITA,TO,Palmas,2026-07-15,2026-07,2026,1
NÃO PARÇA,FAVORITA - SP,DF,Brasilia,2026-02-27,2026-02,2026,1
NÃO PARÇA,FAVORITA - SP,GO,Goiania,2026-03-16,2026-03,2026,1
NÃO PARÇA,FCB - TRANSPORT,SP,Sao Jose do Rio Preto,2026-06-23,2026-06,2026,1
NÃO PARÇA,GRAVATAI - BULK,RS,Ararica,2026-05-06,2026-05,2026,1
NÃO PARÇA,GRAVATAI - BULK,RS,Ararica,2026-06-05,2026-06,2026,1
NÃO PARÇA,GRAVATAI - BULK,RS,Arroio do Sal,2026-01-07,2026-01,2026,1
NÃO PARÇA,GRAVATAI - BULK,RS,Arroio do Sal,2026-05-04,2026-05,2026,1
NÃO PARÇA,GRAVATAI - BULK,RS,Bento Goncalves,2026-01-14,2026-01,2026,1
NÃO PARÇA,GRAVATAI - BULK,RS,Bento Goncalves,2026-01-20,2026-01,2026,1
NÃO PARÇA,GRAVATAI - BULK,RS,Bento Goncalves,2026-01-22,2026-01,2026,1
NÃO PARÇA,GRAVATAI - BULK,RS,Bento Goncalves,2026-04-15,2026-04,2026,1
NÃO PARÇA,GRAVATAI - BULK,RS,Bento Goncalves,2026-05-21,2026-05,2026,1
NÃO PARÇA,GRAVATAI - BULK,RS,Bento Goncalves,2026-06-17,2026-06,2026,1
NÃO PARÇA,GRAVATAI - BULK,RS,Canela,2026-02-23,2026-02,2026,1
NÃO PARÇA,GRAVATAI - BULK,RS,Canela,2026-02-25,2026-02,2026,1
NÃO PARÇA,GRAVATAI - BULK,RS,Canela,2026-04-24,2026-04,2026,1
NÃO PARÇA,GRAVATAI - BULK,RS,Canela,2026-05-15,2026-05,2026,1
NÃO PARÇA,GRAVATAI - BULK,RS,Canela,2026-07-13,2026-07,2026,2
NÃO PARÇA,GRAVATAI - BULK,RS,Capao da Canoa,2026-02-02,2026-02,2026,1
NÃO PARÇA,GRAVATAI - BULK,RS,Caxias do Sul,2026-01-06,2026-01,2026,1
NÃO PARÇA,GRAVATAI - BULK,RS,Caxias do Sul,2026-01-07,2026-01,2026,1
NÃO PARÇA,GRAVATAI - BULK,RS,Caxias do Sul,2026-01-08,2026-01,2026,1
NÃO PARÇA,GRAVATAI - BULK,RS,Caxias do Sul,2026-01-14,2026-01,2026,2
NÃO PARÇA,GRAVATAI - BULK,RS,Caxias do Sul,2026-01-16,2026-01,2026,1
NÃO PARÇA,GRAVATAI - BULK,RS,Caxias do Sul,2026-01-21,2026-01,2026,1
NÃO PARÇA,GRAVATAI - BULK,RS,Caxias do Sul,2026-01-28,2026-01,2026,1
NÃO PARÇA,GRAVATAI - BULK,RS,Caxias do Sul,2026-02-05,2026-02,2026,3
NÃO PARÇA,GRAVATAI - BULK,RS,Caxias do Sul,2026-02-06,2026-02,2026,5
NÃO PARÇA,GRAVATAI - BULK,RS,Caxias do Sul,2026-02-11,2026-02,2026,1
NÃO PARÇA,GRAVATAI - BULK,RS,Caxias do Sul,2026-02-19,2026-02,2026,1
NÃO PARÇA,GRAVATAI - BULK,RS,Caxias do Sul,2026-02-24,2026-02,2026,1
NÃO PARÇA,GRAVATAI - BULK,RS,Caxias do Sul,2026-03-04,2026-03,2026,2
NÃO PARÇA,GRAVATAI - BULK,RS,Caxias do Sul,2026-03-05,2026-03,2026,1
NÃO PARÇA,GRAVATAI - BULK,RS,Caxias do Sul,2026-03-20,2026-03,2026,2
NÃO PARÇA,GRAVATAI - BULK,RS,Caxias do Sul,2026-03-27,2026-03,2026,1
NÃO PARÇA,GRAVATAI - BULK,RS,Caxias do Sul,2026-05-06,2026-05,2026,1
NÃO PARÇA,GRAVATAI - BULK,RS,Caxias do Sul,2026-05-21,2026-05,2026,1
NÃO PARÇA,GRAVATAI - BULK,RS,Caxias do Sul,2026-05-22,2026-05,2026,1
NÃO PARÇA,GRAVATAI - BULK,RS,Caxias do Sul,2026-05-25,2026-05,2026,1
NÃO PARÇA,GRAVATAI - BULK,RS,Caxias do Sul,2026-05-26,2026-05,2026,1
NÃO PARÇA,GRAVATAI - BULK,RS,Caxias do Sul,2026-05-28,2026-05,2026,1
NÃO PARÇA,GRAVATAI - BULK,RS,Caxias do Sul,2026-06-12,2026-06,2026,2
NÃO PARÇA,GRAVATAI - BULK,RS,Caxias do Sul,2026-07-08,2026-07,2026,1
NÃO PARÇA,GRAVATAI - BULK,RS,Caxias do Sul,2026-07-10,2026-07,2026,1
NÃO PARÇA,GRAVATAI - BULK,RS,Caxias do Sul,2026-07-16,2026-07,2026,2
NÃO PARÇA,GRAVATAI - BULK,RS,Encantado,2026-03-04,2026-03,2026,1
NÃO PARÇA,GRAVATAI - BULK,RS,Gramado,2026-02-19,2026-02,2026,1
NÃO PARÇA,GRAVATAI - BULK,RS,Gramado,2026-06-10,2026-06,2026,1
NÃO PARÇA,GRAVATAI - BULK,RS,Gramado,2026-07-13,2026-07,2026,1
NÃO PARÇA,GRAVATAI - BULK,RS,Gravatai,2026-03-20,2026-03,2026,1
NÃO PARÇA,GRAVATAI - BULK,RS,Imbe,2026-02-20,2026-02,2026,1
NÃO PARÇA,GRAVATAI - BULK,RS,Imbe,2026-03-04,2026-03,2026,1
NÃO PARÇA,GRAVATAI - BULK,RS,Lajeado,2026-01-06,2026-01,2026,1
NÃO PARÇA,GRAVATAI - BULK,RS,Lajeado,2026-01-14,2026-01,2026,1
NÃO PARÇA,GRAVATAI - BULK,RS,Lajeado,2026-02-13,2026-02,2026,1
NÃO PARÇA,GRAVATAI - BULK,RS,Lajeado,2026-04-20,2026-04,2026,1
NÃO PARÇA,GRAVATAI - BULK,RS,Lajeado,2026-06-29,2026-06,2026,1
NÃO PARÇA,GRAVATAI - BULK,RS,Lajeado,2026-07-15,2026-07,2026,1
NÃO PARÇA,GRAVATAI - BULK,RS,Morro Reuter,2026-06-19,2026-06,2026,1
NÃO PARÇA,GRAVATAI - BULK,RS,Osorio,2026-05-06,2026-05,2026,1
NÃO PARÇA,GRAVATAI - BULK,RS,Osorio,2026-06-08,2026-06,2026,1
NÃO PARÇA,GRAVATAI - BULK,RS,Osorio,2026-06-29,2026-06,2026,1
NÃO PARÇA,GRAVATAI - BULK,RS,Porto Alegre,2026-07-10,2026-07,2026,1
NÃO PARÇA,GRAVATAI - BULK,RS,Salvador do Sul,2026-02-06,2026-02,2026,1
NÃO PARÇA,GRAVATAI - BULK,RS,Terra de Areia,2026-05-25,2026-05,2026,1
NÃO PARÇA,GRAVATAI - BULK,RS,Teutonia,2026-01-08,2026-01,2026,1
NÃO PARÇA,GRAVATAI - BULK,RS,Torres,2026-04-17,2026-04,2026,1
NÃO PARÇA,GRAVATAI - BULK,RS,Torres,2026-07-20,2026-07,2026,1
NÃO PARÇA,GRAVATAI - BULK,RS,Tramandai,2026-01-05,2026-01,2026,1
NÃO PARÇA,GRAVATAI - BULK,RS,Tramandai,2026-01-26,2026-01,2026,1
NÃO PARÇA,GRAVATAI - BULK,RS,Tramandai,2026-03-04,2026-03,2026,1
NÃO PARÇA,GRAVATAI - BULK,RS,Tramandai,2026-05-15,2026-05,2026,1
NÃO PARÇA,GRAVATAI - BULK,RS,Tramandai,2026-06-22,2026-06,2026,1
NÃO PARÇA,GRAVATAI - BULK,RS,Tres Coroas,2026-01-26,2026-01,2026,1
NÃO PARÇA,GRAVATAI - BULK,RS,Viamao,2026-04-17,2026-04,2026,1
NÃO PARÇA,GRAVATAI - BULK,RS,Viamao,2026-04-29,2026-04,2026,1
NÃO PARÇA,GRAVATAI - BULK,RS,Viamao,2026-06-12,2026-06,2026,1
NÃO PARÇA,GRAVATAI - BULK,RS,Viamao,2026-07-13,2026-07,2026,2
NÃO PARÇA,GRAVATAI - BULK,RS,Viamao,2026-07-22,2026-07,2026,1
NÃO PARÇA,GRAVATAI - BULK,RS,Xangri La,2026-02-03,2026-02,2026,1
NÃO PARÇA,GRAVATAI - BULK,RS,Xangri La,2026-02-23,2026-02,2026,3
NÃO PARÇA,GRAVATAI - BULK,RS,Xangri La,2026-04-28,2026-04,2026,1
NÃO PARÇA,GRU GRANADO,SP,Jacarei,2026-01-28,2026-01,2026,1
NÃO PARÇA,GRU GRANADO,SP,Paraibuna,2026-03-16,2026-03,2026,1
NÃO PARÇA,LOGPLACE - SSA,AL,Maceio,2026-04-22,2026-04,2026,1
NÃO PARÇA,LOGPLACE - SSA,BA,Casa Nova,2026-04-27,2026-04,2026,1
NÃO PARÇA,LOGPLACE - SSA,BA,Salvador,2026-04-22,2026-04,2026,1
NÃO PARÇA,LOGPLACE - SSA,PI,Teresina,2026-07-27,2026-07,2026,1
NÃO PARÇA,MG - DOMINALOG,AL,Arapiraca,2026-01-23,2026-01,2026,2
NÃO PARÇA,MG - DOMINALOG,AL,Arapiraca,2026-06-01,2026-06,2026,1
NÃO PARÇA,MG - DOMINALOG,AL,Boca da Mata,2026-05-26,2026-05,2026,1
NÃO PARÇA,MG - DOMINALOG,AL,Campo Alegre,2026-06-23,2026-06,2026,1
NÃO PARÇA,MG - DOMINALOG,AL,Capela,2026-06-10,2026-06,2026,1
NÃO PARÇA,MG - DOMINALOG,AL,Coruripe,2026-04-20,2026-04,2026,1
NÃO PARÇA,MG - DOMINALOG,AL,Coruripe,2026-06-15,2026-06,2026,1
NÃO PARÇA,MG - DOMINALOG,AL,Delmiro Gouveia,2026-02-05,2026-02,2026,1
NÃO PARÇA,MG - DOMINALOG,AL,Delmiro Gouveia,2026-06-25,2026-06,2026,1
NÃO PARÇA,MG - DOMINALOG,AL,Girau do Ponciano,2026-01-24,2026-01,2026,1
NÃO PARÇA,MG - DOMINALOG,AL,Girau do Ponciano,2026-06-15,2026-06,2026,1
NÃO PARÇA,MG - DOMINALOG,AL,Girau do Ponciano,2026-06-17,2026-06,2026,1
NÃO PARÇA,MG - DOMINALOG,AL,Jacare dos Homens,2026-06-23,2026-06,2026,1
NÃO PARÇA,MG - DOMINALOG,AL,Maceio,2026-01-07,2026-01,2026,1
NÃO PARÇA,MG - DOMINALOG,AL,Maceio,2026-01-09,2026-01,2026,1
NÃO PARÇA,MG - DOMINALOG,AL,Maceio,2026-01-20,2026-01,2026,1
NÃO PARÇA,MG - DOMINALOG,AL,Maceio,2026-01-21,2026-01,2026,4
NÃO PARÇA,MG - DOMINALOG,AL,Maceio,2026-02-05,2026-02,2026,1
NÃO PARÇA,MG - DOMINALOG,AL,Maceio,2026-02-24,2026-02,2026,1
NÃO PARÇA,MG - DOMINALOG,AL,Maceio,2026-02-25,2026-02,2026,2
NÃO PARÇA,MG - DOMINALOG,AL,Maceio,2026-02-26,2026-02,2026,5
NÃO PARÇA,MG - DOMINALOG,AL,Maceio,2026-02-27,2026-02,2026,2
NÃO PARÇA,MG - DOMINALOG,AL,Maceio,2026-03-01,2026-03,2026,1
NÃO PARÇA,MG - DOMINALOG,AL,Maceio,2026-03-04,2026-03,2026,1
NÃO PARÇA,MG - DOMINALOG,AL,Maceio,2026-04-14,2026-04,2026,1
NÃO PARÇA,MG - DOMINALOG,AL,Maceio,2026-04-15,2026-04,2026,2
NÃO PARÇA,MG - DOMINALOG,AL,Maceio,2026-04-24,2026-04,2026,1
NÃO PARÇA,MG - DOMINALOG,AL,Maceio,2026-06-11,2026-06,2026,1
NÃO PARÇA,MG - DOMINALOG,AL,Mata Grande,2026-04-24,2026-04,2026,1
NÃO PARÇA,MG - DOMINALOG,AL,Olho Dagua das Flores,2026-06-04,2026-06,2026,1
NÃO PARÇA,MG - DOMINALOG,AL,Ouro Branco,2026-05-27,2026-05,2026,1
NÃO PARÇA,MG - DOMINALOG,AL,Palestina,2026-06-03,2026-06,2026,1
NÃO PARÇA,MG - DOMINALOG,AL,Palmeira dos indios,2026-05-14,2026-05,2026,1
NÃO PARÇA,MG - DOMINALOG,AL,Pariconha,2026-06-03,2026-06,2026,1
NÃO PARÇA,MG - DOMINALOG,AL,Penedo,2026-06-24,2026-06,2026,1
NÃO PARÇA,MG - DOMINALOG,AL,Piacabucu,2026-04-23,2026-04,2026,1
NÃO PARÇA,MG - DOMINALOG,AL,Pilar,2026-04-16,2026-04,2026,1
NÃO PARÇA,MG - DOMINALOG,AL,Pilar,2026-06-13,2026-06,2026,1
NÃO PARÇA,MG - DOMINALOG,AL,Piranhas,2026-06-03,2026-06,2026,2
NÃO PARÇA,MG - DOMINALOG,AL,Rio Largo,2026-06-11,2026-06,2026,1
NÃO PARÇA,MG - DOMINALOG,AL,Sao Bras,2026-07-02,2026-07,2026,1
NÃO PARÇA,MG - DOMINALOG,AL,Sao Sebastiao,2026-06-24,2026-06,2026,1
NÃO PARÇA,MG - DOMINALOG,AL,Tanque DArca,2026-06-22,2026-06,2026,1
NÃO PARÇA,MG - DOMINALOG,AL,Vicosa,2026-01-27,2026-01,2026,1
NÃO PARÇA,MG - DOMINALOG,BA,Abaira,2026-01-16,2026-01,2026,1
NÃO PARÇA,MG - DOMINALOG,BA,Adustina,2026-07-27,2026-07,2026,1
NÃO PARÇA,MG - DOMINALOG,BA,Alcobaca,2026-07-10,2026-07,2026,1
NÃO PARÇA,MG - DOMINALOG,BA,Amargosa,2026-01-22,2026-01,2026,1
NÃO PARÇA,MG - DOMINALOG,BA,Aracas,2026-03-18,2026-03,2026,1
NÃO PARÇA,MG - DOMINALOG,BA,Aurelino Leal,2026-03-31,2026-03,2026,1
NÃO PARÇA,MG - DOMINALOG,BA,Baixa Grande,2026-01-12,2026-01,2026,1
NÃO PARÇA,MG - DOMINALOG,BA,Baixa Grande,2026-03-12,2026-03,2026,1
NÃO PARÇA,MG - DOMINALOG,BA,Baixa Grande,2026-03-27,2026-03,2026,1
NÃO PARÇA,MG - DOMINALOG,BA,Baixa Grande,2026-07-16,2026-07,2026,1
NÃO PARÇA,MG - DOMINALOG,BA,Barra da Estiva,2026-01-15,2026-01,2026,1
NÃO PARÇA,MG - DOMINALOG,BA,Barra do Choca,2026-03-25,2026-03,2026,1
NÃO PARÇA,MG - DOMINALOG,BA,Barra do Choca,2026-07-28,2026-07,2026,1
NÃO PARÇA,MG - DOMINALOG,BA,Barreiras,2026-01-23,2026-01,2026,1
NÃO PARÇA,MG - DOMINALOG,BA,Barreiras,2026-03-03,2026-03,2026,1
NÃO PARÇA,MG - DOMINALOG,BA,Barreiras,2026-03-16,2026-03,2026,1
NÃO PARÇA,MG - DOMINALOG,BA,Barreiras,2026-04-13,2026-04,2026,1
NÃO PARÇA,MG - DOMINALOG,BA,Barreiras,2026-05-04,2026-05,2026,1
NÃO PARÇA,MG - DOMINALOG,BA,Barreiras,2026-05-29,2026-05,2026,1
NÃO PARÇA,MG - DOMINALOG,BA,Barreiras,2026-06-08,2026-06,2026,1
NÃO PARÇA,MG - DOMINALOG,BA,Barreiras,2026-06-29,2026-06,2026,1
NÃO PARÇA,MG - DOMINALOG,BA,Barreiras,2026-07-15,2026-07,2026,1
NÃO PARÇA,MG - DOMINALOG,BA,Barro Alto,2026-03-10,2026-03,2026,1
NÃO PARÇA,MG - DOMINALOG,BA,Boa Nova,2026-04-20,2026-04,2026,1
NÃO PARÇA,MG - DOMINALOG,BA,Boa Vista do Tupim,2026-03-02,2026-03,2026,1
NÃO PARÇA,MG - DOMINALOG,BA,Bom Jesus da Lapa,2026-01-29,2026-01,2026,1
NÃO PARÇA,MG - DOMINALOG,BA,Bom Jesus da Lapa,2026-02-10,2026-02,2026,1
NÃO PARÇA,MG - DOMINALOG,BA,Bom Jesus da Lapa,2026-03-05,2026-03,2026,1
NÃO PARÇA,MG - DOMINALOG,BA,Bom Jesus da Lapa,2026-07-29,2026-07,2026,1
NÃO PARÇA,MG - DOMINALOG,BA,Buerarema,2026-04-10,2026-04,2026,1
NÃO PARÇA,MG - DOMINALOG,BA,Buritirama,2026-06-22,2026-06,2026,1
NÃO PARÇA,MG - DOMINALOG,BA,Caetanos,2026-03-17,2026-03,2026,1
NÃO PARÇA,MG - DOMINALOG,BA,Caetite,2026-01-09,2026-01,2026,1
NÃO PARÇA,MG - DOMINALOG,BA,Caetite,2026-05-09,2026-05,2026,1
NÃO PARÇA,MG - DOMINALOG,BA,Cafarnaum,2026-01-22,2026-01,2026,1
NÃO PARÇA,MG - DOMINALOG,BA,Camacan,2026-07-22,2026-07,2026,1
NÃO PARÇA,MG - DOMINALOG,BA,Camamu,2026-04-23,2026-04,2026,1
NÃO PARÇA,MG - DOMINALOG,BA,Campo Alegre de Lourdes,2026-07-24,2026-07,2026,1
NÃO PARÇA,MG - DOMINALOG,BA,Canavieiras,2026-02-12,2026-02,2026,1
NÃO PARÇA,MG - DOMINALOG,BA,Canavieiras,2026-04-15,2026-04,2026,1
NÃO PARÇA,MG - DOMINALOG,BA,Candido Sales,2026-03-17,2026-03,2026,1
NÃO PARÇA,MG - DOMINALOG,BA,Casa Nova,2026-07-11,2026-07,2026,1
NÃO PARÇA,MG - DOMINALOG,BA,Casa Nova,2026-07-24,2026-07,2026,1
NÃO PARÇA,MG - DOMINALOG,BA,Castro Alves,2026-01-15,2026-01,2026,1
NÃO PARÇA,MG - DOMINALOG,BA,Cocos,2026-01-15,2026-01,2026,1
NÃO PARÇA,MG - DOMINALOG,BA,Condeuba,2026-02-07,2026-02,2026,1
NÃO PARÇA,MG - DOMINALOG,BA,Condeuba,2026-06-26,2026-06,2026,1
NÃO PARÇA,MG - DOMINALOG,BA,Coracao de Maria,2026-03-03,2026-03,2026,1
NÃO PARÇA,MG - DOMINALOG,BA,Coracao de Maria,2026-04-07,2026-04,2026,1
NÃO PARÇA,MG - DOMINALOG,BA,Coribe,2026-03-24,2026-03,2026,1
NÃO PARÇA,MG - DOMINALOG,BA,Coronel Joao Sa,2026-02-25,2026-02,2026,1
NÃO PARÇA,MG - DOMINALOG,BA,Correntina,2026-01-09,2026-01,2026,1
NÃO PARÇA,MG - DOMINALOG,BA,Crisopolis,2026-01-20,2026-01,2026,1
NÃO PARÇA,MG - DOMINALOG,BA,Crisopolis,2026-03-11,2026-03,2026,1
NÃO PARÇA,MG - DOMINALOG,BA,Curaca,2026-01-06,2026-01,2026,1
NÃO PARÇA,MG - DOMINALOG,BA,Dias Davila,2026-01-19,2026-01,2026,1
NÃO PARÇA,MG - DOMINALOG,BA,Dias Davila,2026-04-14,2026-04,2026,1
NÃO PARÇA,MG - DOMINALOG,BA,Elisio Medrado,2026-04-04,2026-04,2026,1
NÃO PARÇA,MG - DOMINALOG,BA,Encruzilhada,2026-03-17,2026-03,2026,1
NÃO PARÇA,MG - DOMINALOG,BA,Eunapolis,2026-03-09,2026-03,2026,1
NÃO PARÇA,MG - DOMINALOG,BA,Floresta Azul,2026-01-26,2026-01,2026,1
NÃO PARÇA,MG - DOMINALOG,BA,Formosa do Rio Preto,2026-04-10,2026-04,2026,1
NÃO PARÇA,MG - DOMINALOG,BA,Guanambi,2026-02-20,2026-02,2026,1
NÃO PARÇA,MG - DOMINALOG,BA,Guanambi,2026-06-06,2026-06,2026,1
NÃO PARÇA,MG - DOMINALOG,BA,Ibiassuce,2026-01-15,2026-01,2026,1
NÃO PARÇA,MG - DOMINALOG,BA,Ibicui,2026-01-30,2026-01,2026,1
NÃO PARÇA,MG - DOMINALOG,BA,Ibipeba,2026-03-10,2026-03,2026,1
NÃO PARÇA,MG - DOMINALOG,BA,Ibipeba,2026-07-04,2026-07,2026,1
NÃO PARÇA,MG - DOMINALOG,BA,Ibiquera,2026-03-30,2026-03,2026,1
NÃO PARÇA,MG - DOMINALOG,BA,Ibotirama,2026-04-01,2026-04,2026,1
NÃO PARÇA,MG - DOMINALOG,BA,Iguai,2026-07-20,2026-07,2026,1
NÃO PARÇA,MG - DOMINALOG,BA,Ilheus,2026-01-20,2026-01,2026,1
NÃO PARÇA,MG - DOMINALOG,BA,Ilheus,2026-01-22,2026-01,2026,1
NÃO PARÇA,MG - DOMINALOG,BA,Ilheus,2026-01-29,2026-01,2026,1
NÃO PARÇA,MG - DOMINALOG,BA,Ilheus,2026-02-24,2026-02,2026,1
NÃO PARÇA,MG - DOMINALOG,BA,Ilheus,2026-03-27,2026-03,2026,1
NÃO PARÇA,MG - DOMINALOG,BA,Ilheus,2026-07-22,2026-07,2026,1
NÃO PARÇA,MG - DOMINALOG,BA,Ipiau,2026-05-04,2026-05,2026,1
NÃO PARÇA,MG - DOMINALOG,BA,Ipiau,2026-06-20,2026-06,2026,1
NÃO PARÇA,MG - DOMINALOG,BA,Iraquara,2026-03-09,2026-03,2026,1
NÃO PARÇA,MG - DOMINALOG,BA,Iraquara,2026-06-01,2026-06,2026,1
NÃO PARÇA,MG - DOMINALOG,BA,Itabela,2026-03-05,2026-03,2026,1
NÃO PARÇA,MG - DOMINALOG,BA,Itabela,2026-03-23,2026-03,2026,1
NÃO PARÇA,MG - DOMINALOG,BA,Itaberaba,2026-03-09,2026-03,2026,1
NÃO PARÇA,MG - DOMINALOG,BA,Itaberaba,2026-03-23,2026-03,2026,1
NÃO PARÇA,MG - DOMINALOG,BA,Itaberaba,2026-03-30,2026-03,2026,1
NÃO PARÇA,MG - DOMINALOG,BA,Itaberaba,2026-05-05,2026-05,2026,1
NÃO PARÇA,MG - DOMINALOG,BA,Itabuna,2026-01-13,2026-01,2026,1
NÃO PARÇA,MG - DOMINALOG,BA,Itabuna,2026-01-15,2026-01,2026,1
NÃO PARÇA,MG - DOMINALOG,BA,Itabuna,2026-01-22,2026-01,2026,2
NÃO PARÇA,MG - DOMINALOG,BA,Itabuna,2026-02-10,2026-02,2026,2
NÃO PARÇA,MG - DOMINALOG,BA,Itabuna,2026-02-13,2026-02,2026,1
NÃO PARÇA,MG - DOMINALOG,BA,Itabuna,2026-02-16,2026-02,2026,1
NÃO PARÇA,MG - DOMINALOG,BA,Itabuna,2026-02-24,2026-02,2026,1
NÃO PARÇA,MG - DOMINALOG,BA,Itabuna,2026-02-27,2026-02,2026,1
NÃO PARÇA,MG - DOMINALOG,BA,Itabuna,2026-03-05,2026-03,2026,1
NÃO PARÇA,MG - DOMINALOG,BA,Itabuna,2026-03-18,2026-03,2026,1
NÃO PARÇA,MG - DOMINALOG,BA,Itabuna,2026-04-03,2026-04,2026,1
NÃO PARÇA,MG - DOMINALOG,BA,Itabuna,2026-04-06,2026-04,2026,1
NÃO PARÇA,MG - DOMINALOG,BA,Itabuna,2026-04-14,2026-04,2026,1
NÃO PARÇA,MG - DOMINALOG,BA,Itabuna,2026-04-15,2026-04,2026,1
NÃO PARÇA,MG - DOMINALOG,BA,Itabuna,2026-05-20,2026-05,2026,1
NÃO PARÇA,MG - DOMINALOG,BA,Itabuna,2026-07-06,2026-07,2026,1
NÃO PARÇA,MG - DOMINALOG,BA,Itabuna,2026-07-22,2026-07,2026,1
NÃO PARÇA,MG - DOMINALOG,BA,Itacare,2026-03-06,2026-03,2026,1
NÃO PARÇA,MG - DOMINALOG,BA,Itacare,2026-04-13,2026-04,2026,1
NÃO PARÇA,MG - DOMINALOG,BA,Itacare,2026-05-20,2026-05,2026,1
NÃO PARÇA,MG - DOMINALOG,BA,Itaete,2026-07-27,2026-07,2026,1
NÃO PARÇA,MG - DOMINALOG,BA,Itagi,2026-06-10,2026-06,2026,1
NÃO PARÇA,MG - DOMINALOG,BA,Itagi,2026-07-03,2026-07,2026,1
NÃO PARÇA,MG - DOMINALOG,BA,Itagiba,2026-07-17,2026-07,2026,1
NÃO PARÇA,MG - DOMINALOG,BA,Itamaraju,2026-05-29,2026-05,2026,1
NÃO PARÇA,MG - DOMINALOG,BA,Itanhem,2026-04-15,2026-04,2026,1
NÃO PARÇA,MG - DOMINALOG,BA,Itaparica,2026-03-24,2026-03,2026,1
NÃO PARÇA,MG - DOMINALOG,BA,Itapebi,2026-01-15,2026-01,2026,1
NÃO PARÇA,MG - DOMINALOG,BA,Itarantim,2026-07-23,2026-07,2026,1
NÃO PARÇA,MG - DOMINALOG,BA,Itatim,2026-04-17,2026-04,2026,1
NÃO PARÇA,MG - DOMINALOG,BA,Itirucu,2026-07-28,2026-07,2026,1
NÃO PARÇA,MG - DOMINALOG,BA,Itiuba,2026-01-23,2026-01,2026,1
NÃO PARÇA,MG - DOMINALOG,BA,Ituacu,2026-01-29,2026-01,2026,1
NÃO PARÇA,MG - DOMINALOG,BA,Ituacu,2026-06-12,2026-06,2026,1
NÃO PARÇA,MG - DOMINALOG,BA,Jaborandi,2026-06-29,2026-06,2026,1
NÃO PARÇA,MG - DOMINALOG,BA,Jaguaquara,2026-02-12,2026-02,2026,1
NÃO PARÇA,MG - DOMINALOG,BA,Jaguaquara,2026-07-28,2026-07,2026,1
NÃO PARÇA,MG - DOMINALOG,BA,Jaguarari,2026-01-23,2026-01,2026,1
NÃO PARÇA,MG - DOMINALOG,BA,Jaguarari,2026-02-20,2026-02,2026,1
NÃO PARÇA,MG - DOMINALOG,BA,Jaguarari,2026-06-03,2026-06,2026,1
NÃO PARÇA,MG - DOMINALOG,BA,Jaguarari,2026-06-23,2026-06,2026,1
NÃO PARÇA,MG - DOMINALOG,BA,Jequie,2026-01-24,2026-01,2026,1
NÃO PARÇA,MG - DOMINALOG,BA,Jequie,2026-03-17,2026-03,2026,1
NÃO PARÇA,MG - DOMINALOG,BA,Jequie,2026-03-24,2026-03,2026,1
NÃO PARÇA,MG - DOMINALOG,BA,Jequie,2026-03-31,2026-03,2026,1
NÃO PARÇA,MG - DOMINALOG,BA,Jequie,2026-06-08,2026-06,2026,1
NÃO PARÇA,MG - DOMINALOG,BA,Jequie,2026-06-19,2026-06,2026,2
NÃO PARÇA,MG - DOMINALOG,BA,Jequie,2026-07-03,2026-07,2026,1
NÃO PARÇA,MG - DOMINALOG,BA,Jiquirica,2026-07-01,2026-07,2026,1
NÃO PARÇA,MG - DOMINALOG,BA,Jitauna,2026-04-07,2026-04,2026,1
NÃO PARÇA,MG - DOMINALOG,BA,Jussari,2026-07-22,2026-07,2026,1
NÃO PARÇA,MG - DOMINALOG,BA,Lafaiete Coutinho,2026-05-28,2026-05,2026,1
NÃO PARÇA,MG - DOMINALOG,BA,Lagoa Real,2026-03-23,2026-03,2026,1
NÃO PARÇA,MG - DOMINALOG,BA,Lajedinho,2026-02-09,2026-02,2026,1
NÃO PARÇA,MG - DOMINALOG,BA,Luis Eduardo Magalhaes,2026-01-20,2026-01,2026,2
NÃO PARÇA,MG - DOMINALOG,BA,Luis Eduardo Magalhaes,2026-02-13,2026-02,2026,1
NÃO PARÇA,MG - DOMINALOG,BA,Luis Eduardo Magalhaes,2026-03-04,2026-03,2026,1
NÃO PARÇA,MG - DOMINALOG,BA,Luis Eduardo Magalhaes,2026-03-06,2026-03,2026,2
NÃO PARÇA,MG - DOMINALOG,BA,Luis Eduardo Magalhaes,2026-03-24,2026-03,2026,1
NÃO PARÇA,MG - DOMINALOG,BA,Luis Eduardo Magalhaes,2026-07-06,2026-07,2026,1
NÃO PARÇA,MG - DOMINALOG,BA,Luis Eduardo Magalhaes,2026-07-10,2026-07,2026,1
NÃO PARÇA,MG - DOMINALOG,BA,Luis Eduardo Magalhaes,2026-07-17,2026-07,2026,1
NÃO PARÇA,MG - DOMINALOG,BA,Macaubas,2026-03-10,2026-03,2026,1
NÃO PARÇA,MG - DOMINALOG,BA,Maiquinique,2026-01-23,2026-01,2026,1
NÃO PARÇA,MG - DOMINALOG,BA,Malhada de Pedras,2026-01-24,2026-01,2026,1
NÃO PARÇA,MG - DOMINALOG,BA,Malhada de Pedras,2026-02-26,2026-02,2026,1
NÃO PARÇA,MG - DOMINALOG,BA,Malhada de Pedras,2026-04-20,2026-04,2026,1
NÃO PARÇA,MG - DOMINALOG,BA,Malhada de Pedras,2026-04-26,2026-04,2026,1
NÃO PARÇA,MG - DOMINALOG,BA,Manoel Vitorino,2026-06-13,2026-06,2026,1
NÃO PARÇA,MG - DOMINALOG,BA,Maracas,2026-03-25,2026-03,2026,1
NÃO PARÇA,MG - DOMINALOG,BA,Marau,2026-02-23,2026-02,2026,1
NÃO PARÇA,MG - DOMINALOG,BA,Mata de Sao Joao,2026-02-26,2026-02,2026,1
NÃO PARÇA,MG - DOMINALOG,BA,Mata de Sao Joao,2026-04-18,2026-04,2026,1
NÃO PARÇA,MG - DOMINALOG,BA,Milagres,2026-01-30,2026-01,2026,1
NÃO PARÇA,MG - DOMINALOG,BA,Mirante,2026-01-03,2026-01,2026,1
NÃO PARÇA,MG - DOMINALOG,BA,Mirante,2026-05-15,2026-05,2026,1
NÃO PARÇA,MG - DOMINALOG,BA,Morro do Chapeu,2026-03-26,2026-03,2026,1
NÃO PARÇA,MG - DOMINALOG,BA,Morro do Chapeu,2026-05-08,2026-05,2026,1
NÃO PARÇA,MG - DOMINALOG,BA,Mucuge,2026-01-31,2026-01,2026,1
NÃO PARÇA,MG - DOMINALOG,BA,Mucuge,2026-03-03,2026-03,2026,1
NÃO PARÇA,MG - DOMINALOG,BA,Mucuge,2026-03-09,2026-03,2026,1
NÃO PARÇA,MG - DOMINALOG,BA,Mucuge,2026-03-24,2026-03,2026,1
NÃO PARÇA,MG - DOMINALOG,BA,Mucuri,2026-01-09,2026-01,2026,1
NÃO PARÇA,MG - DOMINALOG,BA,Mucuri,2026-04-10,2026-04,2026,1
NÃO PARÇA,MG - DOMINALOG,BA,Mutuipe,2026-01-29,2026-01,2026,1
NÃO PARÇA,MG - DOMINALOG,BA,Mutuipe,2026-02-18,2026-02,2026,1
NÃO PARÇA,MG - DOMINALOG,BA,Mutuipe,2026-04-20,2026-04,2026,1
NÃO PARÇA,MG - DOMINALOG,BA,Nilo Pecanha,2026-07-15,2026-07,2026,1
NÃO PARÇA,MG - DOMINALOG,BA,Nordestina,2026-04-07,2026-04,2026,1
NÃO PARÇA,MG - DOMINALOG,BA,Palmas de Monte Alto,2026-05-29,2026-05,2026,1
NÃO PARÇA,MG - DOMINALOG,BA,Paramirim,2026-03-09,2026-03,2026,1
NÃO PARÇA,MG - DOMINALOG,BA,Paramirim,2026-07-29,2026-07,2026,1
NÃO PARÇA,MG - DOMINALOG,BA,Paripiranga,2026-07-29,2026-07,2026,1
NÃO PARÇA,MG - DOMINALOG,BA,Pedro Alexandre,2026-06-18,2026-06,2026,1
NÃO PARÇA,MG - DOMINALOG,BA,Pilao Arcado,2026-03-07,2026-03,2026,1
NÃO PARÇA,MG - DOMINALOG,BA,Pilao Arcado,2026-06-13,2026-06,2026,1
NÃO PARÇA,MG - DOMINALOG,BA,Pirai do Norte,2026-02-26,2026-02,2026,1
NÃO PARÇA,MG - DOMINALOG,BA,Piritiba,2026-03-12,2026-03,2026,1
NÃO PARÇA,MG - DOMINALOG,BA,Ponto Novo,2026-06-03,2026-06,2026,1
NÃO PARÇA,MG - DOMINALOG,BA,Porto Seguro,2026-01-19,2026-01,2026,1
NÃO PARÇA,MG - DOMINALOG,BA,Porto Seguro,2026-01-24,2026-01,2026,1
NÃO PARÇA,MG - DOMINALOG,BA,Porto Seguro,2026-01-30,2026-01,2026,1
NÃO PARÇA,MG - DOMINALOG,BA,Porto Seguro,2026-03-16,2026-03,2026,1
NÃO PARÇA,MG - DOMINALOG,BA,Porto Seguro,2026-07-21,2026-07,2026,1
NÃO PARÇA,MG - DOMINALOG,BA,Prado,2026-07-10,2026-07,2026,1
NÃO PARÇA,MG - DOMINALOG,BA,Queimadas,2026-05-20,2026-05,2026,1
NÃO PARÇA,MG - DOMINALOG,BA,Remanso,2026-07-21,2026-07,2026,1
NÃO PARÇA,MG - DOMINALOG,BA,Riachao das Neves,2026-04-20,2026-04,2026,1
NÃO PARÇA,MG - DOMINALOG,BA,Riachao das Neves,2026-07-24,2026-07,2026,1
NÃO PARÇA,MG - DOMINALOG,BA,Rio do Antonio,2026-02-23,2026-02,2026,1
NÃO PARÇA,MG - DOMINALOG,BA,Rio do Pires,2026-01-15,2026-01,2026,1
NÃO PARÇA,MG - DOMINALOG,BA,Rio do Pires,2026-05-20,2026-05,2026,1
NÃO PARÇA,MG - DOMINALOG,BA,Rio do Pires,2026-07-10,2026-07,2026,1
NÃO PARÇA,MG - DOMINALOG,BA,Salvador,2026-04-22,2026-04,2026,1
NÃO PARÇA,MG - DOMINALOG,BA,Santa Cruz Cabralia,2026-06-09,2026-06,2026,1
NÃO PARÇA,MG - DOMINALOG,BA,Santa Maria da Vitoria,2026-02-11,2026-02,2026,1
NÃO PARÇA,MG - DOMINALOG,BA,Santa Maria da Vitoria,2026-02-12,2026-02,2026,1
NÃO PARÇA,MG - DOMINALOG,BA,Santa Maria da Vitoria,2026-07-21,2026-07,2026,1
NÃO PARÇA,MG - DOMINALOG,BA,Santa Maria da Vitoria,2026-07-29,2026-07,2026,1
NÃO PARÇA,MG - DOMINALOG,BA,Santana,2026-03-10,2026-03,2026,1
NÃO PARÇA,MG - DOMINALOG,BA,Santo Amaro,2026-07-09,2026-07,2026,1
NÃO PARÇA,MG - DOMINALOG,BA,Sao Desiderio,2026-05-29,2026-05,2026,1
NÃO PARÇA,MG - DOMINALOG,BA,Sao Gabriel,2026-03-06,2026-03,2026,1
NÃO PARÇA,MG - DOMINALOG,BA,Sao Goncalo dos Campos,2026-07-21,2026-07,2026,1
NÃO PARÇA,MG - DOMINALOG,BA,Sao Jose do Jacuipe,2026-04-01,2026-04,2026,1
NÃO PARÇA,MG - DOMINALOG,BA,Sao Jose do Jacuipe,2026-07-20,2026-07,2026,1
NÃO PARÇA,MG - DOMINALOG,BA,Sao Miguel das Matas,2026-03-25,2026-03,2026,1
NÃO PARÇA,MG - DOMINALOG,BA,Seabra,2026-06-26,2026-06,2026,1
NÃO PARÇA,MG - DOMINALOG,BA,Sento Se,2026-02-16,2026-02,2026,2
NÃO PARÇA,MG - DOMINALOG,BA,Sento Se,2026-06-18,2026-06,2026,1
NÃO PARÇA,MG - DOMINALOG,BA,Serra Dourada,2026-06-15,2026-06,2026,1
NÃO PARÇA,MG - DOMINALOG,BA,Serra do Ramalho,2026-01-24,2026-01,2026,1
NÃO PARÇA,MG - DOMINALOG,BA,Serra do Ramalho,2026-06-08,2026-06,2026,1
NÃO PARÇA,MG - DOMINALOG,BA,Serra do Ramalho,2026-07-07,2026-07,2026,1
NÃO PARÇA,MG - DOMINALOG,BA,Serrolandia,2026-07-09,2026-07,2026,1
NÃO PARÇA,MG - DOMINALOG,BA,Sobradinho,2026-01-06,2026-01,2026,1
NÃO PARÇA,MG - DOMINALOG,BA,Souto Soares,2026-06-29,2026-06,2026,1
NÃO PARÇA,MG - DOMINALOG,BA,Tanhacu,2026-07-08,2026-07,2026,1
NÃO PARÇA,MG - DOMINALOG,BA,Tapiramuta,2026-07-17,2026-07,2026,1
NÃO PARÇA,MG - DOMINALOG,BA,Teixeira de Freitas,2026-04-22,2026-04,2026,1
NÃO PARÇA,MG - DOMINALOG,BA,Teixeira de Freitas,2026-06-02,2026-06,2026,1
NÃO PARÇA,MG - DOMINALOG,BA,Teixeira de Freitas,2026-07-10,2026-07,2026,1
NÃO PARÇA,MG - DOMINALOG,BA,Terra Nova,2026-03-30,2026-03,2026,1
NÃO PARÇA,MG - DOMINALOG,BA,Ubaira,2026-03-13,2026-03,2026,1
NÃO PARÇA,MG - DOMINALOG,BA,Ubaitaba,2026-03-10,2026-03,2026,1
NÃO PARÇA,MG - DOMINALOG,BA,Ubata,2026-03-19,2026-03,2026,1
NÃO PARÇA,MG - DOMINALOG,BA,Urucuca,2026-01-22,2026-01,2026,1
NÃO PARÇA,MG - DOMINALOG,BA,Urucuca,2026-04-13,2026-04,2026,1
NÃO PARÇA,MG - DOMINALOG,BA,Utinga,2026-04-30,2026-04,2026,1
NÃO PARÇA,MG - DOMINALOG,BA,Vera Cruz,2026-02-20,2026-02,2026,1
NÃO PARÇA,MG - DOMINALOG,BA,Vera Cruz,2026-02-28,2026-02,2026,1
NÃO PARÇA,MG - DOMINALOG,BA,Vera Cruz,2026-03-24,2026-03,2026,1
NÃO PARÇA,MG - DOMINALOG,BA,Vera Cruz,2026-07-03,2026-07,2026,1
NÃO PARÇA,MG - DOMINALOG,BA,Wanderley,2026-02-01,2026-02,2026,1
NÃO PARÇA,MG - DOMINALOG,BA,Xique Xique,2026-02-25,2026-02,2026,1
NÃO PARÇA,MG - DOMINALOG,BA,Xique Xique,2026-07-27,2026-07,2026,1
NÃO PARÇA,MG - DOMINALOG,BA,erico Cardoso,2026-01-15,2026-01,2026,1
NÃO PARÇA,MG - DOMINALOG,CE,Altaneira,2026-01-22,2026-01,2026,1
NÃO PARÇA,MG - DOMINALOG,CE,Aquiraz,2026-07-15,2026-07,2026,1
NÃO PARÇA,MG - DOMINALOG,CE,Aracati,2026-01-27,2026-01,2026,1
NÃO PARÇA,MG - DOMINALOG,CE,Aracoiaba,2026-01-27,2026-01,2026,1
NÃO PARÇA,MG - DOMINALOG,CE,Aracoiaba,2026-06-25,2026-06,2026,1
NÃO PARÇA,MG - DOMINALOG,CE,Ararenda,2026-05-15,2026-05,2026,1
NÃO PARÇA,MG - DOMINALOG,CE,Aratuba,2026-03-01,2026-03,2026,1
NÃO PARÇA,MG - DOMINALOG,CE,Barreira,2026-06-17,2026-06,2026,1
NÃO PARÇA,MG - DOMINALOG,CE,Barroquinha,2026-04-04,2026-04,2026,1
NÃO PARÇA,MG - DOMINALOG,CE,Beberibe,2026-03-01,2026-03,2026,1
NÃO PARÇA,MG - DOMINALOG,CE,Boa Viagem,2026-06-29,2026-06,2026,1
NÃO PARÇA,MG - DOMINALOG,CE,Brejo Santo,2026-04-07,2026-04,2026,1
NÃO PARÇA,MG - DOMINALOG,CE,Camocim,2026-03-11,2026-03,2026,1
NÃO PARÇA,MG - DOMINALOG,CE,Caninde,2026-02-23,2026-02,2026,1
NÃO PARÇA,MG - DOMINALOG,CE,Caninde,2026-03-01,2026-03,2026,1
NÃO PARÇA,MG - DOMINALOG,CE,Caninde,2026-04-11,2026-04,2026,1
NÃO PARÇA,MG - DOMINALOG,CE,Carire,2026-04-14,2026-04,2026,1
NÃO PARÇA,MG - DOMINALOG,CE,Carnaubal,2026-03-27,2026-03,2026,1
NÃO PARÇA,MG - DOMINALOG,CE,Cascavel,2026-01-30,2026-01,2026,1
NÃO PARÇA,MG - DOMINALOG,CE,Crateus,2026-04-14,2026-04,2026,1
NÃO PARÇA,MG - DOMINALOG,CE,Crateus,2026-04-17,2026-04,2026,1
NÃO PARÇA,MG - DOMINALOG,CE,Crato,2026-03-03,2026-03,2026,1
NÃO PARÇA,MG - DOMINALOG,CE,Cruz,2026-02-11,2026-02,2026,1
NÃO PARÇA,MG - DOMINALOG,CE,Eusebio,2026-03-30,2026-03,2026,1
NÃO PARÇA,MG - DOMINALOG,CE,Eusebio,2026-07-15,2026-07,2026,1
NÃO PARÇA,MG - DOMINALOG,CE,Farias Brito,2026-03-31,2026-03,2026,1
NÃO PARÇA,MG - DOMINALOG,CE,Forquilha,2026-01-24,2026-01,2026,1
NÃO PARÇA,MG - DOMINALOG,CE,Fortaleza,2026-01-08,2026-01,2026,1
NÃO PARÇA,MG - DOMINALOG,CE,Fortaleza,2026-01-09,2026-01,2026,1
NÃO PARÇA,MG - DOMINALOG,CE,Fortaleza,2026-01-15,2026-01,2026,1
NÃO PARÇA,MG - DOMINALOG,CE,Fortaleza,2026-01-28,2026-01,2026,1
NÃO PARÇA,MG - DOMINALOG,CE,Fortaleza,2026-02-02,2026-02,2026,1
NÃO PARÇA,MG - DOMINALOG,CE,Fortaleza,2026-02-05,2026-02,2026,1
NÃO PARÇA,MG - DOMINALOG,CE,Fortaleza,2026-02-09,2026-02,2026,1
NÃO PARÇA,MG - DOMINALOG,CE,Fortaleza,2026-02-11,2026-02,2026,1
NÃO PARÇA,MG - DOMINALOG,CE,Fortaleza,2026-02-26,2026-02,2026,1
NÃO PARÇA,MG - DOMINALOG,CE,Fortaleza,2026-02-27,2026-02,2026,2
NÃO PARÇA,MG - DOMINALOG,CE,Fortaleza,2026-03-02,2026-03,2026,1
NÃO PARÇA,MG - DOMINALOG,CE,Fortaleza,2026-03-18,2026-03,2026,1
NÃO PARÇA,MG - DOMINALOG,CE,Fortaleza,2026-03-20,2026-03,2026,1
NÃO PARÇA,MG - DOMINALOG,CE,Fortaleza,2026-03-27,2026-03,2026,2
NÃO PARÇA,MG - DOMINALOG,CE,Fortaleza,2026-03-30,2026-03,2026,1
NÃO PARÇA,MG - DOMINALOG,CE,Fortaleza,2026-03-31,2026-03,2026,1
NÃO PARÇA,MG - DOMINALOG,CE,Fortaleza,2026-04-01,2026-04,2026,1
NÃO PARÇA,MG - DOMINALOG,CE,Fortaleza,2026-04-07,2026-04,2026,1
NÃO PARÇA,MG - DOMINALOG,CE,Fortaleza,2026-04-10,2026-04,2026,1
NÃO PARÇA,MG - DOMINALOG,CE,Fortaleza,2026-04-13,2026-04,2026,2
NÃO PARÇA,MG - DOMINALOG,CE,Fortaleza,2026-04-15,2026-04,2026,2
NÃO PARÇA,MG - DOMINALOG,CE,Fortaleza,2026-04-22,2026-04,2026,1
NÃO PARÇA,MG - DOMINALOG,CE,Fortaleza,2026-04-30,2026-04,2026,1
NÃO PARÇA,MG - DOMINALOG,CE,Fortaleza,2026-05-06,2026-05,2026,1
NÃO PARÇA,MG - DOMINALOG,CE,Fortaleza,2026-05-08,2026-05,2026,1
NÃO PARÇA,MG - DOMINALOG,CE,Fortaleza,2026-05-15,2026-05,2026,2
NÃO PARÇA,MG - DOMINALOG,CE,Fortaleza,2026-05-21,2026-05,2026,1
NÃO PARÇA,MG - DOMINALOG,CE,Fortaleza,2026-05-26,2026-05,2026,1
NÃO PARÇA,MG - DOMINALOG,CE,Fortaleza,2026-05-28,2026-05,2026,1
NÃO PARÇA,MG - DOMINALOG,CE,Fortaleza,2026-06-04,2026-06,2026,2
NÃO PARÇA,MG - DOMINALOG,CE,Fortaleza,2026-06-05,2026-06,2026,3
NÃO PARÇA,MG - DOMINALOG,CE,Fortaleza,2026-06-06,2026-06,2026,1
NÃO PARÇA,MG - DOMINALOG,CE,Fortaleza,2026-06-18,2026-06,2026,1
NÃO PARÇA,MG - DOMINALOG,CE,Fortaleza,2026-06-27,2026-06,2026,1
NÃO PARÇA,MG - DOMINALOG,CE,Fortaleza,2026-07-03,2026-07,2026,2
NÃO PARÇA,MG - DOMINALOG,CE,Fortaleza,2026-07-10,2026-07,2026,1
NÃO PARÇA,MG - DOMINALOG,CE,Fortaleza,2026-07-14,2026-07,2026,1
NÃO PARÇA,MG - DOMINALOG,CE,Fortaleza,2026-07-15,2026-07,2026,1
NÃO PARÇA,MG - DOMINALOG,CE,Fortaleza,2026-07-18,2026-07,2026,1
NÃO PARÇA,MG - DOMINALOG,CE,Fortaleza,2026-07-22,2026-07,2026,1
NÃO PARÇA,MG - DOMINALOG,CE,Fortaleza,2026-07-24,2026-07,2026,2
NÃO PARÇA,MG - DOMINALOG,CE,Fortaleza,2026-07-28,2026-07,2026,1
NÃO PARÇA,MG - DOMINALOG,CE,Horizonte,2026-01-15,2026-01,2026,1
NÃO PARÇA,MG - DOMINALOG,CE,Horizonte,2026-01-27,2026-01,2026,1
NÃO PARÇA,MG - DOMINALOG,CE,Horizonte,2026-05-20,2026-05,2026,1
NÃO PARÇA,MG - DOMINALOG,CE,Icapui,2026-03-11,2026-03,2026,1
NÃO PARÇA,MG - DOMINALOG,CE,Icapui,2026-05-04,2026-05,2026,1
NÃO PARÇA,MG - DOMINALOG,CE,Ico,2026-01-20,2026-01,2026,1
NÃO PARÇA,MG - DOMINALOG,CE,Ico,2026-02-23,2026-02,2026,1
NÃO PARÇA,MG - DOMINALOG,CE,Ico,2026-03-11,2026-03,2026,1
NÃO PARÇA,MG - DOMINALOG,CE,Iguatu,2026-03-23,2026-03,2026,1
NÃO PARÇA,MG - DOMINALOG,CE,Iguatu,2026-05-13,2026-05,2026,1
NÃO PARÇA,MG - DOMINALOG,CE,Iguatu,2026-06-10,2026-06,2026,1
NÃO PARÇA,MG - DOMINALOG,CE,Independencia,2026-05-29,2026-05,2026,1
NÃO PARÇA,MG - DOMINALOG,CE,Itaitinga,2026-02-23,2026-02,2026,1
NÃO PARÇA,MG - DOMINALOG,CE,Itaitinga,2026-06-01,2026-06,2026,1
NÃO PARÇA,MG - DOMINALOG,CE,Itapipoca,2026-07-25,2026-07,2026,2
NÃO PARÇA,MG - DOMINALOG,CE,Itarema,2026-02-08,2026-02,2026,1
NÃO PARÇA,MG - DOMINALOG,CE,Jaguaribara,2026-07-10,2026-07,2026,1
NÃO PARÇA,MG - DOMINALOG,CE,Juazeiro do Norte,2026-01-13,2026-01,2026,1
NÃO PARÇA,MG - DOMINALOG,CE,Juazeiro do Norte,2026-01-27,2026-01,2026,1
NÃO PARÇA,MG - DOMINALOG,CE,Juazeiro do Norte,2026-02-11,2026-02,2026,1
NÃO PARÇA,MG - DOMINALOG,CE,Juazeiro do Norte,2026-04-15,2026-04,2026,1
NÃO PARÇA,MG - DOMINALOG,CE,Juazeiro do Norte,2026-05-22,2026-05,2026,1
NÃO PARÇA,MG - DOMINALOG,CE,Juazeiro do Norte,2026-05-28,2026-05,2026,1
NÃO PARÇA,MG - DOMINALOG,CE,Juazeiro do Norte,2026-05-29,2026-05,2026,1
NÃO PARÇA,MG - DOMINALOG,CE,Juazeiro do Norte,2026-06-16,2026-06,2026,1
NÃO PARÇA,MG - DOMINALOG,CE,Juazeiro do Norte,2026-06-22,2026-06,2026,1
NÃO PARÇA,MG - DOMINALOG,CE,Juazeiro do Norte,2026-06-23,2026-06,2026,1
NÃO PARÇA,MG - DOMINALOG,CE,Limoeiro do Norte,2026-05-04,2026-05,2026,1
NÃO PARÇA,MG - DOMINALOG,CE,Maracanau,2026-01-31,2026-01,2026,1
NÃO PARÇA,MG - DOMINALOG,CE,Maracanau,2026-02-12,2026-02,2026,1
NÃO PARÇA,MG - DOMINALOG,CE,Maracanau,2026-05-28,2026-05,2026,1
NÃO PARÇA,MG - DOMINALOG,CE,Maranguape,2026-01-11,2026-01,2026,1
NÃO PARÇA,MG - DOMINALOG,CE,Maranguape,2026-06-05,2026-06,2026,1
NÃO PARÇA,MG - DOMINALOG,CE,Maranguape,2026-07-07,2026-07,2026,1
NÃO PARÇA,MG - DOMINALOG,CE,Mauriti,2026-01-06,2026-01,2026,1
NÃO PARÇA,MG - DOMINALOG,CE,Mauriti,2026-01-20,2026-01,2026,1
NÃO PARÇA,MG - DOMINALOG,CE,Mauriti,2026-02-05,2026-02,2026,1
NÃO PARÇA,MG - DOMINALOG,CE,Morada Nova,2026-06-03,2026-06,2026,1
NÃO PARÇA,MG - DOMINALOG,CE,Nova Russas,2026-04-17,2026-04,2026,1
NÃO PARÇA,MG - DOMINALOG,CE,Oros,2026-01-12,2026-01,2026,1
NÃO PARÇA,MG - DOMINALOG,CE,Pacajus,2026-02-23,2026-02,2026,1
NÃO PARÇA,MG - DOMINALOG,CE,Paracuru,2026-02-21,2026-02,2026,1
NÃO PARÇA,MG - DOMINALOG,CE,Paracuru,2026-04-17,2026-04,2026,1
NÃO PARÇA,MG - DOMINALOG,CE,Parambu,2026-07-02,2026-07,2026,1
NÃO PARÇA,MG - DOMINALOG,CE,Potengi,2026-03-31,2026-03,2026,1
NÃO PARÇA,MG - DOMINALOG,CE,Quixada,2026-04-20,2026-04,2026,1
NÃO PARÇA,MG - DOMINALOG,CE,Quixeramobim,2026-02-18,2026-02,2026,1
NÃO PARÇA,MG - DOMINALOG,CE,Quixeramobim,2026-05-05,2026-05,2026,1
NÃO PARÇA,MG - DOMINALOG,CE,Quixeramobim,2026-06-23,2026-06,2026,1
NÃO PARÇA,MG - DOMINALOG,CE,Sao Luis do Curu,2026-04-17,2026-04,2026,1
NÃO PARÇA,MG - DOMINALOG,CE,Senador Pompeu,2026-01-07,2026-01,2026,1
NÃO PARÇA,MG - DOMINALOG,CE,Senador Pompeu,2026-05-13,2026-05,2026,1
NÃO PARÇA,MG - DOMINALOG,CE,Senador Pompeu,2026-06-24,2026-06,2026,1
NÃO PARÇA,MG - DOMINALOG,CE,Senador Pompeu,2026-07-20,2026-07,2026,1
NÃO PARÇA,MG - DOMINALOG,CE,Sobral,2026-01-12,2026-01,2026,1
NÃO PARÇA,MG - DOMINALOG,CE,Sobral,2026-04-18,2026-04,2026,1
NÃO PARÇA,MG - DOMINALOG,CE,Sobral,2026-07-18,2026-07,2026,1
NÃO PARÇA,MG - DOMINALOG,CE,Tabuleiro do Norte,2026-04-03,2026-04,2026,1
NÃO PARÇA,MG - DOMINALOG,CE,Tabuleiro do Norte,2026-05-23,2026-05,2026,1
NÃO PARÇA,MG - DOMINALOG,CE,Taua,2026-06-18,2026-06,2026,1
NÃO PARÇA,MG - DOMINALOG,CE,Tururu,2026-04-04,2026-04,2026,1
NÃO PARÇA,MG - DOMINALOG,CE,Varzea Alegre,2026-07-14,2026-07,2026,1
NÃO PARÇA,MG - DOMINALOG,ES,Afonso Claudio,2026-04-01,2026-04,2026,1
NÃO PARÇA,MG - DOMINALOG,ES,Alegre,2026-05-14,2026-05,2026,1
NÃO PARÇA,MG - DOMINALOG,ES,Alfredo Chaves,2026-03-13,2026-03,2026,2
NÃO PARÇA,MG - DOMINALOG,ES,Anchieta,2026-05-07,2026-05,2026,1
NÃO PARÇA,MG - DOMINALOG,ES,Anchieta,2026-05-29,2026-05,2026,1
NÃO PARÇA,MG - DOMINALOG,ES,Atilio Vivacqua,2026-04-23,2026-04,2026,1
NÃO PARÇA,MG - DOMINALOG,ES,Atilio Vivacqua,2026-06-12,2026-06,2026,1
NÃO PARÇA,MG - DOMINALOG,ES,Barra de Sao Francisco,2026-06-09,2026-06,2026,1
NÃO PARÇA,MG - DOMINALOG,ES,Cachoeiro de Itapemirim,2026-04-10,2026-04,2026,1
NÃO PARÇA,MG - DOMINALOG,ES,Cachoeiro de Itapemirim,2026-04-23,2026-04,2026,1
NÃO PARÇA,MG - DOMINALOG,ES,Cachoeiro de Itapemirim,2026-06-08,2026-06,2026,1
NÃO PARÇA,MG - DOMINALOG,ES,Cachoeiro de Itapemirim,2026-06-09,2026-06,2026,1
NÃO PARÇA,MG - DOMINALOG,ES,Cachoeiro de Itapemirim,2026-06-18,2026-06,2026,1
NÃO PARÇA,MG - DOMINALOG,ES,Cachoeiro de Itapemirim,2026-07-01,2026-07,2026,1
NÃO PARÇA,MG - DOMINALOG,ES,Cachoeiro de Itapemirim,2026-07-15,2026-07,2026,1
NÃO PARÇA,MG - DOMINALOG,ES,Cachoeiro de Itapemirim,2026-07-17,2026-07,2026,1
NÃO PARÇA,MG - DOMINALOG,ES,Castelo,2026-04-24,2026-04,2026,1
NÃO PARÇA,MG - DOMINALOG,ES,Castelo,2026-07-07,2026-07,2026,1
NÃO PARÇA,MG - DOMINALOG,ES,Conceicao da Barra,2026-04-22,2026-04,2026,1
NÃO PARÇA,MG - DOMINALOG,ES,Conceicao da Barra,2026-07-09,2026-07,2026,1
NÃO PARÇA,MG - DOMINALOG,ES,Conceicao da Barra,2026-07-29,2026-07,2026,1
NÃO PARÇA,MG - DOMINALOG,ES,Conceicao do Castelo,2026-06-10,2026-06,2026,1
NÃO PARÇA,MG - DOMINALOG,ES,Domingos Martins,2026-04-10,2026-04,2026,2
NÃO PARÇA,MG - DOMINALOG,ES,Domingos Martins,2026-04-28,2026-04,2026,1
NÃO PARÇA,MG - DOMINALOG,ES,Domingos Martins,2026-07-23,2026-07,2026,1
NÃO PARÇA,MG - DOMINALOG,ES,Ecoporanga,2026-05-18,2026-05,2026,1
NÃO PARÇA,MG - DOMINALOG,ES,Guacui,2026-04-24,2026-04,2026,1
NÃO PARÇA,MG - DOMINALOG,ES,Guacui,2026-06-15,2026-06,2026,1
NÃO PARÇA,MG - DOMINALOG,ES,Guacui,2026-06-18,2026-06,2026,1
NÃO PARÇA,MG - DOMINALOG,ES,Guarapari,2026-04-10,2026-04,2026,1
NÃO PARÇA,MG - DOMINALOG,ES,Guarapari,2026-05-09,2026-05,2026,1
NÃO PARÇA,MG - DOMINALOG,ES,Guarapari,2026-05-11,2026-05,2026,1
NÃO PARÇA,MG - DOMINALOG,ES,Guarapari,2026-07-01,2026-07,2026,1
NÃO PARÇA,MG - DOMINALOG,ES,Guarapari,2026-07-23,2026-07,2026,1
NÃO PARÇA,MG - DOMINALOG,ES,Ibatiba,2026-04-30,2026-04,2026,1
NÃO PARÇA,MG - DOMINALOG,ES,Ibatiba,2026-05-08,2026-05,2026,1
NÃO PARÇA,MG - DOMINALOG,ES,Ibatiba,2026-05-11,2026-05,2026,1
NÃO PARÇA,MG - DOMINALOG,ES,Ibatiba,2026-05-29,2026-05,2026,1
NÃO PARÇA,MG - DOMINALOG,ES,Iconha,2026-05-27,2026-05,2026,1
NÃO PARÇA,MG - DOMINALOG,ES,Iconha,2026-07-01,2026-07,2026,1
NÃO PARÇA,MG - DOMINALOG,ES,Itapemirim,2026-05-07,2026-05,2026,1
NÃO PARÇA,MG - DOMINALOG,ES,Itarana,2026-07-10,2026-07,2026,1
NÃO PARÇA,MG - DOMINALOG,ES,Iuna,2026-06-15,2026-06,2026,1
NÃO PARÇA,MG - DOMINALOG,ES,Jeronimo Monteiro,2026-04-23,2026-04,2026,1
NÃO PARÇA,MG - DOMINALOG,ES,Jeronimo Monteiro,2026-06-10,2026-06,2026,1
NÃO PARÇA,MG - DOMINALOG,ES,Linhares,2026-01-19,2026-01,2026,1
NÃO PARÇA,MG - DOMINALOG,ES,Linhares,2026-03-20,2026-03,2026,1
NÃO PARÇA,MG - DOMINALOG,ES,Marechal Floriano,2026-03-20,2026-03,2026,1
NÃO PARÇA,MG - DOMINALOG,ES,Marechal Floriano,2026-04-10,2026-04,2026,1
NÃO PARÇA,MG - DOMINALOG,ES,Mimoso do Sul,2026-04-30,2026-04,2026,1
NÃO PARÇA,MG - DOMINALOG,ES,Mimoso do Sul,2026-05-14,2026-05,2026,1
NÃO PARÇA,MG - DOMINALOG,ES,Mimoso do Sul,2026-05-28,2026-05,2026,1
NÃO PARÇA,MG - DOMINALOG,ES,Mimoso do Sul,2026-06-25,2026-06,2026,1
NÃO PARÇA,MG - DOMINALOG,ES,Montanha,2026-04-28,2026-04,2026,1
NÃO PARÇA,MG - DOMINALOG,ES,Muniz Freire,2026-04-10,2026-04,2026,1
NÃO PARÇA,MG - DOMINALOG,ES,Muniz Freire,2026-04-24,2026-04,2026,1
NÃO PARÇA,MG - DOMINALOG,ES,Muniz Freire,2026-06-01,2026-06,2026,1
NÃO PARÇA,MG - DOMINALOG,ES,Muqui,2026-04-23,2026-04,2026,2
NÃO PARÇA,MG - DOMINALOG,ES,Nova Venecia,2026-01-14,2026-01,2026,1
NÃO PARÇA,MG - DOMINALOG,ES,Nova Venecia,2026-05-18,2026-05,2026,1
NÃO PARÇA,MG - DOMINALOG,ES,Pedro Canario,2026-01-19,2026-01,2026,1
NÃO PARÇA,MG - DOMINALOG,ES,Piuma,2026-04-10,2026-04,2026,1
NÃO PARÇA,MG - DOMINALOG,ES,Presidente Kennedy,2026-04-23,2026-04,2026,1
NÃO PARÇA,MG - DOMINALOG,ES,Presidente Kennedy,2026-04-24,2026-04,2026,1
NÃO PARÇA,MG - DOMINALOG,ES,Santa Maria de Jetiba,2026-06-25,2026-06,2026,1
NÃO PARÇA,MG - DOMINALOG,ES,Santa Teresa,2026-05-20,2026-05,2026,1
NÃO PARÇA,MG - DOMINALOG,ES,Santa Teresa,2026-06-16,2026-06,2026,1
NÃO PARÇA,MG - DOMINALOG,ES,Sao Gabriel da Palha,2026-06-09,2026-06,2026,1
NÃO PARÇA,MG - DOMINALOG,ES,Sao Mateus,2026-01-16,2026-01,2026,1
NÃO PARÇA,MG - DOMINALOG,ES,Sao Mateus,2026-01-17,2026-01,2026,1
NÃO PARÇA,MG - DOMINALOG,ES,Sao Mateus,2026-01-19,2026-01,2026,1
NÃO PARÇA,MG - DOMINALOG,ES,Sao Mateus,2026-04-22,2026-04,2026,3
NÃO PARÇA,MG - DOMINALOG,ES,Sao Mateus,2026-04-23,2026-04,2026,1
NÃO PARÇA,MG - DOMINALOG,ES,Sao Mateus,2026-06-06,2026-06,2026,1
NÃO PARÇA,MG - DOMINALOG,ES,Sao Mateus,2026-07-01,2026-07,2026,1
NÃO PARÇA,MG - DOMINALOG,ES,Vargem Alta,2026-04-23,2026-04,2026,1
NÃO PARÇA,MG - DOMINALOG,ES,Vargem Alta,2026-05-21,2026-05,2026,1
NÃO PARÇA,MG - DOMINALOG,ES,Venda Nova do Imigrante,2026-04-23,2026-04,2026,1
NÃO PARÇA,MG - DOMINALOG,ES,Venda Nova do Imigrante,2026-06-18,2026-06,2026,1
NÃO PARÇA,MG - DOMINALOG,ES,Vila Valerio,2026-07-27,2026-07,2026,1
NÃO PARÇA,MG - DOMINALOG,ES,Vila Velha,2026-01-07,2026-01,2026,1
NÃO PARÇA,MG - DOMINALOG,ES,Vila Velha,2026-01-13,2026-01,2026,2
NÃO PARÇA,MG - DOMINALOG,ES,Vila Velha,2026-01-24,2026-01,2026,1
NÃO PARÇA,MG - DOMINALOG,ES,Vila Velha,2026-03-07,2026-03,2026,1
NÃO PARÇA,MG - DOMINALOG,ES,Vila Velha,2026-03-13,2026-03,2026,1
NÃO PARÇA,MG - DOMINALOG,ES,Vila Velha,2026-03-25,2026-03,2026,1
NÃO PARÇA,MG - DOMINALOG,ES,Vila Velha,2026-04-14,2026-04,2026,1
NÃO PARÇA,MG - DOMINALOG,ES,Vila Velha,2026-05-08,2026-05,2026,1
NÃO PARÇA,MG - DOMINALOG,ES,Vila Velha,2026-06-09,2026-06,2026,1
NÃO PARÇA,MG - DOMINALOG,ES,Vitoria,2026-03-27,2026-03,2026,1
NÃO PARÇA,MG - DOMINALOG,ES,aguia Branca,2026-05-04,2026-05,2026,1
NÃO PARÇA,MG - DOMINALOG,MA,Acailandia,2026-05-08,2026-05,2026,1
NÃO PARÇA,MG - DOMINALOG,MA,Bacabeira,2026-07-21,2026-07,2026,1
NÃO PARÇA,MG - DOMINALOG,MA,Balsas,2026-03-17,2026-03,2026,1
NÃO PARÇA,MG - DOMINALOG,MA,Balsas,2026-04-14,2026-04,2026,1
NÃO PARÇA,MG - DOMINALOG,MA,Balsas,2026-06-18,2026-06,2026,1
NÃO PARÇA,MG - DOMINALOG,MA,Barra do Corda,2026-04-17,2026-04,2026,1
NÃO PARÇA,MG - DOMINALOG,MA,Benedito Leite,2026-01-20,2026-01,2026,1
NÃO PARÇA,MG - DOMINALOG,MA,Buriticupu,2026-06-06,2026-06,2026,1
NÃO PARÇA,MG - DOMINALOG,MA,Carutapera,2026-05-18,2026-05,2026,1
NÃO PARÇA,MG - DOMINALOG,MA,Chapadinha,2026-03-24,2026-03,2026,1
NÃO PARÇA,MG - DOMINALOG,MA,Codo,2026-06-15,2026-06,2026,1
NÃO PARÇA,MG - DOMINALOG,MA,Codo,2026-07-21,2026-07,2026,1
NÃO PARÇA,MG - DOMINALOG,MA,Codo,2026-07-25,2026-07,2026,1
NÃO PARÇA,MG - DOMINALOG,MA,Duque Bacelar,2026-03-30,2026-03,2026,1
NÃO PARÇA,MG - DOMINALOG,MA,Esperantinopolis,2026-01-29,2026-01,2026,1
NÃO PARÇA,MG - DOMINALOG,MA,Goncalves Dias,2026-02-28,2026-02,2026,1
NÃO PARÇA,MG - DOMINALOG,MA,Governador Archer,2026-06-16,2026-06,2026,1
NÃO PARÇA,MG - DOMINALOG,MA,Governador Eugenio Barros,2026-04-11,2026-04,2026,1
NÃO PARÇA,MG - DOMINALOG,MA,Governador Eugenio Barros,2026-06-18,2026-06,2026,1
NÃO PARÇA,MG - DOMINALOG,MA,Imperatriz,2026-01-23,2026-01,2026,1
NÃO PARÇA,MG - DOMINALOG,MA,Imperatriz,2026-02-10,2026-02,2026,1
NÃO PARÇA,MG - DOMINALOG,MA,Imperatriz,2026-03-24,2026-03,2026,1
NÃO PARÇA,MG - DOMINALOG,MA,Imperatriz,2026-03-31,2026-03,2026,1
NÃO PARÇA,MG - DOMINALOG,MA,Imperatriz,2026-05-11,2026-05,2026,1
NÃO PARÇA,MG - DOMINALOG,MA,Imperatriz,2026-06-01,2026-06,2026,1
NÃO PARÇA,MG - DOMINALOG,MA,Imperatriz,2026-06-25,2026-06,2026,1
NÃO PARÇA,MG - DOMINALOG,MA,Imperatriz,2026-07-01,2026-07,2026,1
NÃO PARÇA,MG - DOMINALOG,MA,Itapecuru Mirim,2026-02-09,2026-02,2026,1
NÃO PARÇA,MG - DOMINALOG,MA,Itapecuru Mirim,2026-03-30,2026-03,2026,1
NÃO PARÇA,MG - DOMINALOG,MA,Itinga do Maranhao,2026-04-13,2026-04,2026,1
NÃO PARÇA,MG - DOMINALOG,MA,Lago da Pedra,2026-03-01,2026-03,2026,1
NÃO PARÇA,MG - DOMINALOG,MA,Maracacume,2026-03-04,2026-03,2026,1
NÃO PARÇA,MG - DOMINALOG,MA,Mirinzal,2026-04-27,2026-04,2026,1
NÃO PARÇA,MG - DOMINALOG,MA,Paco do Lumiar,2026-01-30,2026-01,2026,1
NÃO PARÇA,MG - DOMINALOG,MA,Paco do Lumiar,2026-02-25,2026-02,2026,1
NÃO PARÇA,MG - DOMINALOG,MA,Paco do Lumiar,2026-07-20,2026-07,2026,2
NÃO PARÇA,MG - DOMINALOG,MA,Passagem Franca,2026-02-02,2026-02,2026,1
NÃO PARÇA,MG - DOMINALOG,MA,Pedreiras,2026-02-20,2026-02,2026,1
NÃO PARÇA,MG - DOMINALOG,MA,Penalva,2026-07-10,2026-07,2026,1
NÃO PARÇA,MG - DOMINALOG,MA,Pinheiro,2026-01-12,2026-01,2026,1
NÃO PARÇA,MG - DOMINALOG,MA,Pinheiro,2026-06-01,2026-06,2026,1
NÃO PARÇA,MG - DOMINALOG,MA,Presidente Dutra,2026-01-07,2026-01,2026,1
NÃO PARÇA,MG - DOMINALOG,MA,Presidente Dutra,2026-01-19,2026-01,2026,1
NÃO PARÇA,MG - DOMINALOG,MA,Presidente Dutra,2026-02-28,2026-02,2026,1
NÃO PARÇA,MG - DOMINALOG,MA,Santa Ines,2026-02-23,2026-02,2026,1
NÃO PARÇA,MG - DOMINALOG,MA,Santa Luzia,2026-06-15,2026-06,2026,1
NÃO PARÇA,MG - DOMINALOG,MA,Santa Quiteria do Maranhao,2026-03-27,2026-03,2026,1
NÃO PARÇA,MG - DOMINALOG,MA,Santa Rita,2026-07-02,2026-07,2026,1
NÃO PARÇA,MG - DOMINALOG,MA,Sao Domingos do Maranhao,2026-07-07,2026-07,2026,1
NÃO PARÇA,MG - DOMINALOG,MA,Sao Joao dos Patos,2026-06-29,2026-06,2026,1
NÃO PARÇA,MG - DOMINALOG,MA,Sao Joao dos Patos,2026-07-21,2026-07,2026,1
NÃO PARÇA,MG - DOMINALOG,MA,Sao Jose de Ribamar,2026-02-06,2026-02,2026,1
NÃO PARÇA,MG - DOMINALOG,MA,Sao Jose de Ribamar,2026-02-13,2026-02,2026,1
NÃO PARÇA,MG - DOMINALOG,MA,Sao Jose de Ribamar,2026-02-19,2026-02,2026,1
NÃO PARÇA,MG - DOMINALOG,MA,Sao Jose de Ribamar,2026-05-15,2026-05,2026,1
NÃO PARÇA,MG - DOMINALOG,MA,Sao Luis,2026-01-09,2026-01,2026,2
NÃO PARÇA,MG - DOMINALOG,MA,Sao Luis,2026-01-12,2026-01,2026,1
NÃO PARÇA,MG - DOMINALOG,MA,Sao Luis,2026-01-14,2026-01,2026,1
NÃO PARÇA,MG - DOMINALOG,MA,Sao Luis,2026-01-30,2026-01,2026,1
NÃO PARÇA,MG - DOMINALOG,MA,Sao Luis,2026-02-13,2026-02,2026,2
NÃO PARÇA,MG - DOMINALOG,MA,Sao Luis,2026-02-24,2026-02,2026,2
NÃO PARÇA,MG - DOMINALOG,MA,Sao Luis,2026-02-25,2026-02,2026,1
NÃO PARÇA,MG - DOMINALOG,MA,Sao Luis,2026-03-04,2026-03,2026,1
NÃO PARÇA,MG - DOMINALOG,MA,Sao Luis,2026-03-05,2026-03,2026,1
NÃO PARÇA,MG - DOMINALOG,MA,Sao Luis,2026-03-10,2026-03,2026,1
NÃO PARÇA,MG - DOMINALOG,MA,Sao Luis,2026-03-12,2026-03,2026,1
NÃO PARÇA,MG - DOMINALOG,MA,Sao Luis,2026-03-18,2026-03,2026,1
NÃO PARÇA,MG - DOMINALOG,MA,Sao Luis,2026-03-20,2026-03,2026,2
NÃO PARÇA,MG - DOMINALOG,MA,Sao Luis,2026-03-30,2026-03,2026,1
NÃO PARÇA,MG - DOMINALOG,MA,Sao Luis,2026-04-17,2026-04,2026,1
NÃO PARÇA,MG - DOMINALOG,MA,Sao Luis,2026-04-30,2026-04,2026,1
NÃO PARÇA,MG - DOMINALOG,MA,Sao Luis,2026-05-08,2026-05,2026,1
NÃO PARÇA,MG - DOMINALOG,MA,Sao Luis,2026-05-11,2026-05,2026,1
NÃO PARÇA,MG - DOMINALOG,MA,Sao Luis,2026-05-13,2026-05,2026,1
NÃO PARÇA,MG - DOMINALOG,MA,Sao Luis,2026-05-14,2026-05,2026,1
NÃO PARÇA,MG - DOMINALOG,MA,Sao Luis,2026-05-26,2026-05,2026,1
NÃO PARÇA,MG - DOMINALOG,MA,Sao Luis,2026-05-28,2026-05,2026,1
NÃO PARÇA,MG - DOMINALOG,MA,Sao Luis,2026-06-07,2026-06,2026,1
NÃO PARÇA,MG - DOMINALOG,MA,Sao Luis,2026-06-08,2026-06,2026,1
NÃO PARÇA,MG - DOMINALOG,MA,Sao Luis,2026-06-09,2026-06,2026,1
NÃO PARÇA,MG - DOMINALOG,MA,Sao Luis,2026-06-16,2026-06,2026,1
NÃO PARÇA,MG - DOMINALOG,MA,Sao Luis,2026-06-30,2026-06,2026,2
NÃO PARÇA,MG - DOMINALOG,MA,Sao Luis,2026-07-01,2026-07,2026,1
NÃO PARÇA,MG - DOMINALOG,MA,Sao Luis,2026-07-09,2026-07,2026,1
NÃO PARÇA,MG - DOMINALOG,MA,Sao Mateus do Maranhao,2026-06-26,2026-06,2026,1
NÃO PARÇA,MG - DOMINALOG,MA,Sao Pedro da agua Branca,2026-03-25,2026-03,2026,1
NÃO PARÇA,MG - DOMINALOG,MA,Sao Raimundo das Mangabeiras,2026-03-09,2026-03,2026,1
NÃO PARÇA,MG - DOMINALOG,MA,Timon,2026-03-16,2026-03,2026,1
NÃO PARÇA,MG - DOMINALOG,MA,Timon,2026-04-28,2026-04,2026,1
NÃO PARÇA,MG - DOMINALOG,MA,Tuntum,2026-07-14,2026-07,2026,1
NÃO PARÇA,MG - DOMINALOG,MA,Urbano Santos,2026-05-05,2026-05,2026,1
NÃO PARÇA,MG - DOMINALOG,MA,Vila Nova dos Martirios,2026-07-24,2026-07,2026,1
NÃO PARÇA,MG - DOMINALOG,MA,Ze Doca,2026-03-30,2026-03,2026,1
NÃO PARÇA,MG - DOMINALOG,MA,Ze Doca,2026-06-29,2026-06,2026,1
NÃO PARÇA,MG - DOMINALOG,MG,Belo Horizonte,2026-04-13,2026-04,2026,1
NÃO PARÇA,MG - DOMINALOG,MG,Cantagalo,2026-06-01,2026-06,2026,1
NÃO PARÇA,MG - DOMINALOG,MG,Esmeraldas,2026-04-27,2026-04,2026,1
NÃO PARÇA,MG - DOMINALOG,MG,Ouro Fino,2026-04-22,2026-04,2026,1
NÃO PARÇA,MG - DOMINALOG,MG,Uberlandia,2026-04-01,2026-04,2026,1
NÃO PARÇA,MG - DOMINALOG,PB,Alagoa Grande,2026-06-19,2026-06,2026,1
NÃO PARÇA,MG - DOMINALOG,PB,Alhandra,2026-02-06,2026-02,2026,1
NÃO PARÇA,MG - DOMINALOG,PB,Alhandra,2026-05-15,2026-05,2026,1
NÃO PARÇA,MG - DOMINALOG,PB,Aracagi,2026-06-15,2026-06,2026,1
NÃO PARÇA,MG - DOMINALOG,PB,Aroeiras,2026-04-08,2026-04,2026,1
NÃO PARÇA,MG - DOMINALOG,PB,Belem do Brejo do Cruz,2026-04-22,2026-04,2026,1
NÃO PARÇA,MG - DOMINALOG,PB,Cabedelo,2026-01-16,2026-01,2026,1
NÃO PARÇA,MG - DOMINALOG,PB,Cabedelo,2026-03-27,2026-03,2026,1
NÃO PARÇA,MG - DOMINALOG,PB,Cabedelo,2026-04-29,2026-04,2026,1
NÃO PARÇA,MG - DOMINALOG,PB,Cacimbas,2026-03-27,2026-03,2026,1
NÃO PARÇA,MG - DOMINALOG,PB,Cajazeiras,2026-01-22,2026-01,2026,1
NÃO PARÇA,MG - DOMINALOG,PB,Campina Grande,2026-01-14,2026-01,2026,1
NÃO PARÇA,MG - DOMINALOG,PB,Campina Grande,2026-01-19,2026-01,2026,1
NÃO PARÇA,MG - DOMINALOG,PB,Campina Grande,2026-01-20,2026-01,2026,1
NÃO PARÇA,MG - DOMINALOG,PB,Campina Grande,2026-02-27,2026-02,2026,1
NÃO PARÇA,MG - DOMINALOG,PB,Campina Grande,2026-03-04,2026-03,2026,1
NÃO PARÇA,MG - DOMINALOG,PB,Campina Grande,2026-03-24,2026-03,2026,1
NÃO PARÇA,MG - DOMINALOG,PB,Campina Grande,2026-04-06,2026-04,2026,1
NÃO PARÇA,MG - DOMINALOG,PB,Campina Grande,2026-05-14,2026-05,2026,1
NÃO PARÇA,MG - DOMINALOG,PB,Catole do Rocha,2026-06-18,2026-06,2026,1
NÃO PARÇA,MG - DOMINALOG,PB,Condado,2026-04-22,2026-04,2026,1
NÃO PARÇA,MG - DOMINALOG,PB,Diamante,2026-03-03,2026-03,2026,1
NÃO PARÇA,MG - DOMINALOG,PB,Guarabira,2026-01-15,2026-01,2026,1
NÃO PARÇA,MG - DOMINALOG,PB,Guarabira,2026-01-28,2026-01,2026,1
NÃO PARÇA,MG - DOMINALOG,PB,Itaporanga,2026-05-21,2026-05,2026,1
NÃO PARÇA,MG - DOMINALOG,PB,Itatuba,2026-02-11,2026-02,2026,1
NÃO PARÇA,MG - DOMINALOG,PB,Joao Pessoa,2026-01-06,2026-01,2026,1
NÃO PARÇA,MG - DOMINALOG,PB,Joao Pessoa,2026-01-08,2026-01,2026,1
NÃO PARÇA,MG - DOMINALOG,PB,Joao Pessoa,2026-01-15,2026-01,2026,1
NÃO PARÇA,MG - DOMINALOG,PB,Joao Pessoa,2026-01-24,2026-01,2026,1
NÃO PARÇA,MG - DOMINALOG,PB,Joao Pessoa,2026-01-26,2026-01,2026,1
NÃO PARÇA,MG - DOMINALOG,PB,Joao Pessoa,2026-01-30,2026-01,2026,1
NÃO PARÇA,MG - DOMINALOG,PB,Joao Pessoa,2026-02-10,2026-02,2026,1
NÃO PARÇA,MG - DOMINALOG,PB,Joao Pessoa,2026-02-20,2026-02,2026,1
NÃO PARÇA,MG - DOMINALOG,PB,Joao Pessoa,2026-02-24,2026-02,2026,1
NÃO PARÇA,MG - DOMINALOG,PB,Joao Pessoa,2026-02-25,2026-02,2026,1
NÃO PARÇA,MG - DOMINALOG,PB,Joao Pessoa,2026-03-01,2026-03,2026,2
NÃO PARÇA,MG - DOMINALOG,PB,Joao Pessoa,2026-03-06,2026-03,2026,2
NÃO PARÇA,MG - DOMINALOG,PB,Joao Pessoa,2026-03-10,2026-03,2026,4
NÃO PARÇA,MG - DOMINALOG,PB,Joao Pessoa,2026-03-25,2026-03,2026,1
NÃO PARÇA,MG - DOMINALOG,PB,Joao Pessoa,2026-04-06,2026-04,2026,1
NÃO PARÇA,MG - DOMINALOG,PB,Joao Pessoa,2026-04-20,2026-04,2026,2
NÃO PARÇA,MG - DOMINALOG,PB,Joao Pessoa,2026-05-06,2026-05,2026,1
NÃO PARÇA,MG - DOMINALOG,PB,Joao Pessoa,2026-05-11,2026-05,2026,1
NÃO PARÇA,MG - DOMINALOG,PB,Joao Pessoa,2026-05-18,2026-05,2026,1
NÃO PARÇA,MG - DOMINALOG,PB,Joao Pessoa,2026-06-04,2026-06,2026,1
NÃO PARÇA,MG - DOMINALOG,PB,Joao Pessoa,2026-06-09,2026-06,2026,1
NÃO PARÇA,MG - DOMINALOG,PB,Joao Pessoa,2026-06-17,2026-06,2026,2
NÃO PARÇA,MG - DOMINALOG,PB,Joao Pessoa,2026-07-01,2026-07,2026,1
NÃO PARÇA,MG - DOMINALOG,PB,Joao Pessoa,2026-07-06,2026-07,2026,3
NÃO PARÇA,MG - DOMINALOG,PB,Joao Pessoa,2026-07-07,2026-07,2026,2
NÃO PARÇA,MG - DOMINALOG,PB,Joao Pessoa,2026-07-08,2026-07,2026,2
NÃO PARÇA,MG - DOMINALOG,PB,Joao Pessoa,2026-07-10,2026-07,2026,1
NÃO PARÇA,MG - DOMINALOG,PB,Joao Pessoa,2026-07-21,2026-07,2026,1
NÃO PARÇA,MG - DOMINALOG,PB,Joao Pessoa,2026-07-27,2026-07,2026,1
NÃO PARÇA,MG - DOMINALOG,PB,Mamanguape,2026-07-01,2026-07,2026,1
NÃO PARÇA,MG - DOMINALOG,PB,Nova Palmeira,2026-03-18,2026-03,2026,1
NÃO PARÇA,MG - DOMINALOG,PB,Patos,2026-07-01,2026-07,2026,1
NÃO PARÇA,MG - DOMINALOG,PB,Patos,2026-07-03,2026-07,2026,1
NÃO PARÇA,MG - DOMINALOG,PB,Paulista,2026-02-27,2026-02,2026,1
NÃO PARÇA,MG - DOMINALOG,PB,Picui,2026-01-27,2026-01,2026,1
NÃO PARÇA,MG - DOMINALOG,PB,Princesa Isabel,2026-04-15,2026-04,2026,1
NÃO PARÇA,MG - DOMINALOG,PB,Queimadas,2026-05-25,2026-05,2026,1
NÃO PARÇA,MG - DOMINALOG,PB,Rio Tinto,2026-03-04,2026-03,2026,1
NÃO PARÇA,MG - DOMINALOG,PB,Santa Rita,2026-05-29,2026-05,2026,1
NÃO PARÇA,MG - DOMINALOG,PB,Sao Joao do Rio do Peixe,2026-06-16,2026-06,2026,1
NÃO PARÇA,MG - DOMINALOG,PB,Sao Vicente do Serido,2026-03-03,2026-03,2026,1
NÃO PARÇA,MG - DOMINALOG,PB,Sobrado,2026-07-13,2026-07,2026,1
NÃO PARÇA,MG - DOMINALOG,PB,Sousa,2026-03-24,2026-03,2026,1
NÃO PARÇA,MG - DOMINALOG,PB,Sousa,2026-07-27,2026-07,2026,1
NÃO PARÇA,MG - DOMINALOG,PE,Abreu e Lima,2026-03-27,2026-03,2026,1
NÃO PARÇA,MG - DOMINALOG,PE,Afogados da Ingazeira,2026-05-12,2026-05,2026,1
NÃO PARÇA,MG - DOMINALOG,PE,Afogados da Ingazeira,2026-07-20,2026-07,2026,1
NÃO PARÇA,MG - DOMINALOG,PE,Agrestina,2026-06-13,2026-06,2026,1
NÃO PARÇA,MG - DOMINALOG,PE,Alagoinha,2026-07-16,2026-07,2026,1
NÃO PARÇA,MG - DOMINALOG,PE,Alianca,2026-06-08,2026-06,2026,1
NÃO PARÇA,MG - DOMINALOG,PE,Altinho,2026-01-16,2026-01,2026,1
NÃO PARÇA,MG - DOMINALOG,PE,Araripina,2026-02-06,2026-02,2026,2
NÃO PARÇA,MG - DOMINALOG,PE,Araripina,2026-07-15,2026-07,2026,1
NÃO PARÇA,MG - DOMINALOG,PE,Arcoverde,2026-01-15,2026-01,2026,1
NÃO PARÇA,MG - DOMINALOG,PE,Belo Jardim,2026-03-27,2026-03,2026,1
NÃO PARÇA,MG - DOMINALOG,PE,Belo Jardim,2026-07-14,2026-07,2026,1
NÃO PARÇA,MG - DOMINALOG,PE,Bezerros,2026-07-24,2026-07,2026,1
NÃO PARÇA,MG - DOMINALOG,PE,Bodoco,2026-02-26,2026-02,2026,1
NÃO PARÇA,MG - DOMINALOG,PE,Bom Jardim,2026-03-03,2026-03,2026,1
NÃO PARÇA,MG - DOMINALOG,PE,Brejo da Madre de Deus,2026-06-05,2026-06,2026,1
NÃO PARÇA,MG - DOMINALOG,PE,Cabo de Santo Agostinho,2026-06-11,2026-06,2026,1
NÃO PARÇA,MG - DOMINALOG,PE,Cabo de Santo Agostinho,2026-06-13,2026-06,2026,1
NÃO PARÇA,MG - DOMINALOG,PE,Cabo de Santo Agostinho,2026-07-25,2026-07,2026,1
NÃO PARÇA,MG - DOMINALOG,PE,Calumbi,2026-05-08,2026-05,2026,1
NÃO PARÇA,MG - DOMINALOG,PE,Carpina,2026-07-20,2026-07,2026,1
NÃO PARÇA,MG - DOMINALOG,PE,Carpina,2026-07-22,2026-07,2026,1
NÃO PARÇA,MG - DOMINALOG,PE,Caruaru,2026-01-29,2026-01,2026,1
NÃO PARÇA,MG - DOMINALOG,PE,Caruaru,2026-02-20,2026-02,2026,1
NÃO PARÇA,MG - DOMINALOG,PE,Caruaru,2026-02-24,2026-02,2026,1
NÃO PARÇA,MG - DOMINALOG,PE,Caruaru,2026-03-05,2026-03,2026,1
NÃO PARÇA,MG - DOMINALOG,PE,Caruaru,2026-03-20,2026-03,2026,1
NÃO PARÇA,MG - DOMINALOG,PE,Caruaru,2026-04-16,2026-04,2026,1
NÃO PARÇA,MG - DOMINALOG,PE,Caruaru,2026-05-11,2026-05,2026,1
NÃO PARÇA,MG - DOMINALOG,PE,Caruaru,2026-06-10,2026-06,2026,1
NÃO PARÇA,MG - DOMINALOG,PE,Caruaru,2026-06-13,2026-06,2026,1
NÃO PARÇA,MG - DOMINALOG,PE,Caruaru,2026-06-16,2026-06,2026,1
NÃO PARÇA,MG - DOMINALOG,PE,Caruaru,2026-06-19,2026-06,2026,1
NÃO PARÇA,MG - DOMINALOG,PE,Condado,2026-05-11,2026-05,2026,1
NÃO PARÇA,MG - DOMINALOG,PE,Cupira,2026-07-21,2026-07,2026,1
NÃO PARÇA,MG - DOMINALOG,PE,Dormentes,2026-01-16,2026-01,2026,1
NÃO PARÇA,MG - DOMINALOG,PE,Flores,2026-01-16,2026-01,2026,1
NÃO PARÇA,MG - DOMINALOG,PE,Garanhuns,2026-02-04,2026-02,2026,1
NÃO PARÇA,MG - DOMINALOG,PE,Garanhuns,2026-03-23,2026-03,2026,1
NÃO PARÇA,MG - DOMINALOG,PE,Garanhuns,2026-07-15,2026-07,2026,1
NÃO PARÇA,MG - DOMINALOG,PE,Gloria do Goita,2026-04-01,2026-04,2026,1
NÃO PARÇA,MG - DOMINALOG,PE,Granito,2026-07-16,2026-07,2026,1
NÃO PARÇA,MG - DOMINALOG,PE,Gravata,2026-06-13,2026-06,2026,1
NÃO PARÇA,MG - DOMINALOG,PE,Ingazeira,2026-05-12,2026-05,2026,1
NÃO PARÇA,MG - DOMINALOG,PE,Ipojuca,2026-01-20,2026-01,2026,1
NÃO PARÇA,MG - DOMINALOG,PE,Ipojuca,2026-01-21,2026-01,2026,1
NÃO PARÇA,MG - DOMINALOG,PE,Ipojuca,2026-03-20,2026-03,2026,1
NÃO PARÇA,MG - DOMINALOG,PE,Ipojuca,2026-04-20,2026-04,2026,1
NÃO PARÇA,MG - DOMINALOG,PE,Ipojuca,2026-06-29,2026-06,2026,1
NÃO PARÇA,MG - DOMINALOG,PE,Itaiba,2026-07-14,2026-07,2026,1
NÃO PARÇA,MG - DOMINALOG,PE,Itapissuma,2026-04-16,2026-04,2026,1
NÃO PARÇA,MG - DOMINALOG,PE,Jupi,2026-06-26,2026-06,2026,1
NÃO PARÇA,MG - DOMINALOG,PE,Lagoa do Ouro,2026-01-02,2026-01,2026,1
NÃO PARÇA,MG - DOMINALOG,PE,Lajedo,2026-03-27,2026-03,2026,1
NÃO PARÇA,MG - DOMINALOG,PE,Moreno,2026-03-10,2026-03,2026,1
NÃO PARÇA,MG - DOMINALOG,PE,Nazare da Mata,2026-04-02,2026-04,2026,1
NÃO PARÇA,MG - DOMINALOG,PE,Orobo,2026-03-03,2026-03,2026,1
NÃO PARÇA,MG - DOMINALOG,PE,Orobo,2026-05-29,2026-05,2026,1
NÃO PARÇA,MG - DOMINALOG,PE,Oroco,2026-02-20,2026-02,2026,1
NÃO PARÇA,MG - DOMINALOG,PE,Panelas,2026-03-27,2026-03,2026,1
NÃO PARÇA,MG - DOMINALOG,PE,Petrolina,2026-01-16,2026-01,2026,1
NÃO PARÇA,MG - DOMINALOG,PE,Petrolina,2026-01-21,2026-01,2026,1
NÃO PARÇA,MG - DOMINALOG,PE,Petrolina,2026-01-28,2026-01,2026,1
NÃO PARÇA,MG - DOMINALOG,PE,Petrolina,2026-03-26,2026-03,2026,1
NÃO PARÇA,MG - DOMINALOG,PE,Petrolina,2026-03-27,2026-03,2026,2
NÃO PARÇA,MG - DOMINALOG,PE,Petrolina,2026-05-21,2026-05,2026,1
NÃO PARÇA,MG - DOMINALOG,PE,Petrolina,2026-07-10,2026-07,2026,1
NÃO PARÇA,MG - DOMINALOG,PE,Recife,2026-07-23,2026-07,2026,1
NÃO PARÇA,MG - DOMINALOG,PE,Recife,2026-07-29,2026-07,2026,1
NÃO PARÇA,MG - DOMINALOG,PE,Salgueiro,2026-03-05,2026-03,2026,1
NÃO PARÇA,MG - DOMINALOG,PE,Salgueiro,2026-03-19,2026-03,2026,1
NÃO PARÇA,MG - DOMINALOG,PE,Santa Cruz do Capibaribe,2026-01-19,2026-01,2026,1
NÃO PARÇA,MG - DOMINALOG,PE,Santa Cruz do Capibaribe,2026-02-24,2026-02,2026,1
NÃO PARÇA,MG - DOMINALOG,PE,Santa Cruz do Capibaribe,2026-02-25,2026-02,2026,1
NÃO PARÇA,MG - DOMINALOG,PE,Santa Cruz do Capibaribe,2026-07-16,2026-07,2026,1
NÃO PARÇA,MG - DOMINALOG,PE,Santa Cruz do Capibaribe,2026-07-17,2026-07,2026,1
NÃO PARÇA,MG - DOMINALOG,PE,Santa Filomena,2026-03-05,2026-03,2026,1
NÃO PARÇA,MG - DOMINALOG,PE,Sao Bento do Una,2026-03-10,2026-03,2026,1
NÃO PARÇA,MG - DOMINALOG,PE,Sao Bento do Una,2026-06-02,2026-06,2026,1
NÃO PARÇA,MG - DOMINALOG,PE,Sao Jose da Coroa Grande,2026-07-21,2026-07,2026,1
NÃO PARÇA,MG - DOMINALOG,PE,Sao Jose do Egito,2026-03-03,2026-03,2026,1
NÃO PARÇA,MG - DOMINALOG,PE,Sao Vicente Ferrer,2026-05-03,2026-05,2026,1
NÃO PARÇA,MG - DOMINALOG,PE,Serra Talhada,2026-02-02,2026-02,2026,1
NÃO PARÇA,MG - DOMINALOG,PE,Serra Talhada,2026-04-01,2026-04,2026,1
NÃO PARÇA,MG - DOMINALOG,PE,Serra Talhada,2026-07-17,2026-07,2026,2
NÃO PARÇA,MG - DOMINALOG,PE,Serra Talhada,2026-07-27,2026-07,2026,1
NÃO PARÇA,MG - DOMINALOG,PE,Serra Talhada,2026-07-28,2026-07,2026,1
NÃO PARÇA,MG - DOMINALOG,PE,Serrita,2026-01-14,2026-01,2026,1
NÃO PARÇA,MG - DOMINALOG,PE,Sirinhaem,2026-03-05,2026-03,2026,1
NÃO PARÇA,MG - DOMINALOG,PE,Solidao,2026-01-20,2026-01,2026,1
NÃO PARÇA,MG - DOMINALOG,PE,Tabira,2026-03-11,2026-03,2026,1
NÃO PARÇA,MG - DOMINALOG,PE,Tacaimbo,2026-07-24,2026-07,2026,1
NÃO PARÇA,MG - DOMINALOG,PE,Tamandare,2026-06-24,2026-06,2026,1
NÃO PARÇA,MG - DOMINALOG,PE,Triunfo,2026-02-26,2026-02,2026,1
NÃO PARÇA,MG - DOMINALOG,PI,Alagoinha do Piaui,2026-05-21,2026-05,2026,1
NÃO PARÇA,MG - DOMINALOG,PI,Barro Duro,2026-03-04,2026-03,2026,1
NÃO PARÇA,MG - DOMINALOG,PI,Barro Duro,2026-03-12,2026-03,2026,1
NÃO PARÇA,MG - DOMINALOG,PI,Brasileira,2026-03-05,2026-03,2026,1
NÃO PARÇA,MG - DOMINALOG,PI,Buriti dos Lopes,2026-04-26,2026-04,2026,1
NÃO PARÇA,MG - DOMINALOG,PI,Caldeirao Grande do Piaui,2026-07-09,2026-07,2026,1
NÃO PARÇA,MG - DOMINALOG,PI,Campo Maior,2026-01-14,2026-01,2026,1
NÃO PARÇA,MG - DOMINALOG,PI,Corrente,2026-04-28,2026-04,2026,1
NÃO PARÇA,MG - DOMINALOG,PI,Floriano,2026-04-23,2026-04,2026,1
NÃO PARÇA,MG - DOMINALOG,PI,Floriano,2026-05-18,2026-05,2026,1
NÃO PARÇA,MG - DOMINALOG,PI,Francisco Ayres,2026-04-18,2026-04,2026,1
NÃO PARÇA,MG - DOMINALOG,PI,Francisco Santos,2026-07-21,2026-07,2026,1
NÃO PARÇA,MG - DOMINALOG,PI,Lagoa do Barro do Piaui,2026-07-09,2026-07,2026,1
NÃO PARÇA,MG - DOMINALOG,PI,Luis Correia,2026-01-14,2026-01,2026,1
NÃO PARÇA,MG - DOMINALOG,PI,Luzilandia,2026-01-16,2026-01,2026,1
NÃO PARÇA,MG - DOMINALOG,PI,Luzilandia,2026-05-22,2026-05,2026,1
NÃO PARÇA,MG - DOMINALOG,PI,Luzilandia,2026-06-25,2026-06,2026,1
NÃO PARÇA,MG - DOMINALOG,PI,Marcolandia,2026-03-16,2026-03,2026,1
NÃO PARÇA,MG - DOMINALOG,PI,Marcos Parente,2026-03-24,2026-03,2026,1
NÃO PARÇA,MG - DOMINALOG,PI,Monsenhor Hipolito,2026-07-06,2026-07,2026,1
NÃO PARÇA,MG - DOMINALOG,PI,Oeiras,2026-02-11,2026-02,2026,1
NÃO PARÇA,MG - DOMINALOG,PI,Oeiras,2026-04-15,2026-04,2026,1
NÃO PARÇA,MG - DOMINALOG,PI,Parnaiba,2026-01-16,2026-01,2026,1
NÃO PARÇA,MG - DOMINALOG,PI,Parnaiba,2026-02-23,2026-02,2026,1
NÃO PARÇA,MG - DOMINALOG,PI,Parnaiba,2026-03-04,2026-03,2026,1
NÃO PARÇA,MG - DOMINALOG,PI,Parnaiba,2026-04-10,2026-04,2026,1
NÃO PARÇA,MG - DOMINALOG,PI,Pedro II,2026-07-20,2026-07,2026,1
NÃO PARÇA,MG - DOMINALOG,PI,Picos,2026-03-11,2026-03,2026,1
NÃO PARÇA,MG - DOMINALOG,PI,Picos,2026-03-25,2026-03,2026,1
NÃO PARÇA,MG - DOMINALOG,PI,Picos,2026-04-23,2026-04,2026,1
NÃO PARÇA,MG - DOMINALOG,PI,Picos,2026-06-16,2026-06,2026,1
NÃO PARÇA,MG - DOMINALOG,PI,Picos,2026-07-16,2026-07,2026,1
NÃO PARÇA,MG - DOMINALOG,PI,Pio IX,2026-07-24,2026-07,2026,1
NÃO PARÇA,MG - DOMINALOG,PI,Piripiri,2026-01-16,2026-01,2026,1
NÃO PARÇA,MG - DOMINALOG,PI,Piripiri,2026-04-10,2026-04,2026,1
NÃO PARÇA,MG - DOMINALOG,PI,Piripiri,2026-06-16,2026-06,2026,1
NÃO PARÇA,MG - DOMINALOG,PI,Piripiri,2026-06-29,2026-06,2026,1
NÃO PARÇA,MG - DOMINALOG,PI,Santo Antonio de Lisboa,2026-07-15,2026-07,2026,1
NÃO PARÇA,MG - DOMINALOG,PI,Sao Felix do Piaui,2026-02-24,2026-02,2026,1
NÃO PARÇA,MG - DOMINALOG,PI,Sao Francisco de Assis do Piaui,2026-03-11,2026-03,2026,1
NÃO PARÇA,MG - DOMINALOG,PI,Sao Goncalo do Piaui,2026-04-13,2026-04,2026,1
NÃO PARÇA,MG - DOMINALOG,PI,Sao Juliao,2026-05-18,2026-05,2026,1
NÃO PARÇA,MG - DOMINALOG,PI,Simoes,2026-03-06,2026-03,2026,1
NÃO PARÇA,MG - DOMINALOG,PI,Teresina,2026-01-20,2026-01,2026,2
NÃO PARÇA,MG - DOMINALOG,PI,Teresina,2026-01-21,2026-01,2026,2
NÃO PARÇA,MG - DOMINALOG,PI,Teresina,2026-03-06,2026-03,2026,1
NÃO PARÇA,MG - DOMINALOG,PI,Teresina,2026-03-25,2026-03,2026,1
NÃO PARÇA,MG - DOMINALOG,PI,Teresina,2026-04-06,2026-04,2026,1
NÃO PARÇA,MG - DOMINALOG,PI,Teresina,2026-04-10,2026-04,2026,1
NÃO PARÇA,MG - DOMINALOG,PI,Teresina,2026-04-11,2026-04,2026,1
NÃO PARÇA,MG - DOMINALOG,PI,Teresina,2026-05-07,2026-05,2026,1
NÃO PARÇA,MG - DOMINALOG,PI,Teresina,2026-05-08,2026-05,2026,1
NÃO PARÇA,MG - DOMINALOG,PI,Teresina,2026-05-22,2026-05,2026,1
NÃO PARÇA,MG - DOMINALOG,PI,Teresina,2026-06-02,2026-06,2026,1
NÃO PARÇA,MG - DOMINALOG,PI,Teresina,2026-06-04,2026-06,2026,1
NÃO PARÇA,MG - DOMINALOG,PI,Teresina,2026-06-23,2026-06,2026,1
NÃO PARÇA,MG - DOMINALOG,PI,Teresina,2026-07-04,2026-07,2026,1
NÃO PARÇA,MG - DOMINALOG,PI,Teresina,2026-07-15,2026-07,2026,1
NÃO PARÇA,MG - DOMINALOG,PI,Valenca do Piaui,2026-07-14,2026-07,2026,1
NÃO PARÇA,MG - DOMINALOG,PR,Agudos do Sul,2026-02-27,2026-02,2026,1
NÃO PARÇA,MG - DOMINALOG,PR,Altamira do Parana,2026-07-08,2026-07,2026,1
NÃO PARÇA,MG - DOMINALOG,PR,Ampere,2026-07-07,2026-07,2026,1
NÃO PARÇA,MG - DOMINALOG,PR,Andira,2026-07-16,2026-07,2026,1
NÃO PARÇA,MG - DOMINALOG,PR,Balsa Nova,2026-01-27,2026-01,2026,1
NÃO PARÇA,MG - DOMINALOG,PR,Balsa Nova,2026-04-24,2026-04,2026,1
NÃO PARÇA,MG - DOMINALOG,PR,Boa Vista da Aparecida,2026-02-06,2026-02,2026,1
NÃO PARÇA,MG - DOMINALOG,PR,Bom Sucesso,2026-01-22,2026-01,2026,1
NÃO PARÇA,MG - DOMINALOG,PR,Bom Sucesso,2026-02-27,2026-02,2026,1
NÃO PARÇA,MG - DOMINALOG,PR,Bom Sucesso,2026-06-06,2026-06,2026,1
NÃO PARÇA,MG - DOMINALOG,PR,Cafezal do Sul,2026-05-26,2026-05,2026,1
NÃO PARÇA,MG - DOMINALOG,PR,Campina da Lagoa,2026-06-03,2026-06,2026,1
NÃO PARÇA,MG - DOMINALOG,PR,Campina da Lagoa,2026-07-22,2026-07,2026,1
NÃO PARÇA,MG - DOMINALOG,PR,Campo Largo,2026-01-06,2026-01,2026,1
NÃO PARÇA,MG - DOMINALOG,PR,Campo Largo,2026-01-08,2026-01,2026,1
NÃO PARÇA,MG - DOMINALOG,PR,Campo Largo,2026-02-27,2026-02,2026,1
NÃO PARÇA,MG - DOMINALOG,PR,Campo Largo,2026-03-13,2026-03,2026,2
NÃO PARÇA,MG - DOMINALOG,PR,Campo Largo,2026-04-11,2026-04,2026,1
NÃO PARÇA,MG - DOMINALOG,PR,Campo Largo,2026-04-28,2026-04,2026,1
NÃO PARÇA,MG - DOMINALOG,PR,Campo Largo,2026-05-09,2026-05,2026,1
NÃO PARÇA,MG - DOMINALOG,PR,Campo Largo,2026-07-15,2026-07,2026,2
NÃO PARÇA,MG - DOMINALOG,PR,Campo Largo,2026-07-24,2026-07,2026,2
NÃO PARÇA,MG - DOMINALOG,PR,Candido de Abreu,2026-05-06,2026-05,2026,1
NÃO PARÇA,MG - DOMINALOG,PR,Candido de Abreu,2026-06-13,2026-06,2026,1
NÃO PARÇA,MG - DOMINALOG,PR,Candoi,2026-01-07,2026-01,2026,1
NÃO PARÇA,MG - DOMINALOG,PR,Cantagalo,2026-03-23,2026-03,2026,1
NÃO PARÇA,MG - DOMINALOG,PR,Capanema,2026-07-08,2026-07,2026,1
NÃO PARÇA,MG - DOMINALOG,PR,Carlopolis,2026-06-12,2026-06,2026,1
NÃO PARÇA,MG - DOMINALOG,PR,Cascavel,2026-01-15,2026-01,2026,1
NÃO PARÇA,MG - DOMINALOG,PR,Coronel Domingos Soares,2026-01-23,2026-01,2026,1
NÃO PARÇA,MG - DOMINALOG,PR,Coronel Domingos Soares,2026-02-27,2026-02,2026,1
NÃO PARÇA,MG - DOMINALOG,PR,Coronel Vivida,2026-07-20,2026-07,2026,1
NÃO PARÇA,MG - DOMINALOG,PR,Corumbatai do Sul,2026-02-09,2026-02,2026,1
NÃO PARÇA,MG - DOMINALOG,PR,Cruzeiro do Oeste,2026-04-10,2026-04,2026,1
NÃO PARÇA,MG - DOMINALOG,PR,Dois Vizinhos,2026-01-22,2026-01,2026,1
NÃO PARÇA,MG - DOMINALOG,PR,Dois Vizinhos,2026-07-22,2026-07,2026,1
NÃO PARÇA,MG - DOMINALOG,PR,Doutor Camargo,2026-05-08,2026-05,2026,1
NÃO PARÇA,MG - DOMINALOG,PR,Engenheiro Beltrao,2026-05-14,2026-05,2026,1
NÃO PARÇA,MG - DOMINALOG,PR,Fenix,2026-05-07,2026-05,2026,1
NÃO PARÇA,MG - DOMINALOG,PR,Figueira,2026-01-31,2026-01,2026,1
NÃO PARÇA,MG - DOMINALOG,PR,Francisco Beltrao,2026-01-30,2026-01,2026,1
NÃO PARÇA,MG - DOMINALOG,PR,Francisco Beltrao,2026-02-24,2026-02,2026,1
NÃO PARÇA,MG - DOMINALOG,PR,General Carneiro,2026-07-03,2026-07,2026,1
NÃO PARÇA,MG - DOMINALOG,PR,Godoy Moreira,2026-03-13,2026-03,2026,1
NÃO PARÇA,MG - DOMINALOG,PR,Guarapuava,2026-04-10,2026-04,2026,1
NÃO PARÇA,MG - DOMINALOG,PR,Guaratuba,2026-06-27,2026-06,2026,1
NÃO PARÇA,MG - DOMINALOG,PR,Iguaracu,2026-04-27,2026-04,2026,1
NÃO PARÇA,MG - DOMINALOG,PR,Imbau,2026-01-13,2026-01,2026,1
NÃO PARÇA,MG - DOMINALOG,PR,Imbau,2026-02-23,2026-02,2026,1
NÃO PARÇA,MG - DOMINALOG,PR,Imbau,2026-04-28,2026-04,2026,1
NÃO PARÇA,MG - DOMINALOG,PR,Imbau,2026-06-18,2026-06,2026,1
NÃO PARÇA,MG - DOMINALOG,PR,Imbau,2026-07-09,2026-07,2026,1
NÃO PARÇA,MG - DOMINALOG,PR,Imbituva,2026-04-26,2026-04,2026,1
NÃO PARÇA,MG - DOMINALOG,PR,Imbituva,2026-07-02,2026-07,2026,1
NÃO PARÇA,MG - DOMINALOG,PR,Ipora,2026-07-15,2026-07,2026,1
NÃO PARÇA,MG - DOMINALOG,PR,Iretama,2026-05-25,2026-05,2026,1
NÃO PARÇA,MG - DOMINALOG,PR,Itambe,2026-04-22,2026-04,2026,1
NÃO PARÇA,MG - DOMINALOG,PR,Ivate,2026-02-20,2026-02,2026,1
NÃO PARÇA,MG - DOMINALOG,PR,Ivate,2026-03-27,2026-03,2026,1
NÃO PARÇA,MG - DOMINALOG,PR,Jaguariaiva,2026-02-20,2026-02,2026,1
NÃO PARÇA,MG - DOMINALOG,PR,Jaguariaiva,2026-04-29,2026-04,2026,1
NÃO PARÇA,MG - DOMINALOG,PR,Jundiai do Sul,2026-06-11,2026-06,2026,1
NÃO PARÇA,MG - DOMINALOG,PR,Lapa,2026-02-20,2026-02,2026,1
NÃO PARÇA,MG - DOMINALOG,PR,Lapa,2026-07-14,2026-07,2026,1
NÃO PARÇA,MG - DOMINALOG,PR,Laranjeiras do Sul,2026-04-30,2026-04,2026,1
NÃO PARÇA,MG - DOMINALOG,PR,Laranjeiras do Sul,2026-05-05,2026-05,2026,1
NÃO PARÇA,MG - DOMINALOG,PR,Laranjeiras do Sul,2026-06-01,2026-06,2026,1
NÃO PARÇA,MG - DOMINALOG,PR,Laranjeiras do Sul,2026-06-30,2026-06,2026,1
NÃO PARÇA,MG - DOMINALOG,PR,Lobato,2026-05-07,2026-05,2026,1
NÃO PARÇA,MG - DOMINALOG,PR,Mallet,2026-07-20,2026-07,2026,1
NÃO PARÇA,MG - DOMINALOG,PR,Mandirituba,2026-03-18,2026-03,2026,1
NÃO PARÇA,MG - DOMINALOG,PR,Mangueirinha,2026-01-02,2026-01,2026,1
NÃO PARÇA,MG - DOMINALOG,PR,Manoel Ribas,2026-06-30,2026-06,2026,1
NÃO PARÇA,MG - DOMINALOG,PR,Marechal Candido Rondon,2026-01-14,2026-01,2026,1
NÃO PARÇA,MG - DOMINALOG,PR,Marechal Candido Rondon,2026-02-04,2026-02,2026,1
NÃO PARÇA,MG - DOMINALOG,PR,Marechal Candido Rondon,2026-03-13,2026-03,2026,1
NÃO PARÇA,MG - DOMINALOG,PR,Marechal Candido Rondon,2026-06-15,2026-06,2026,1
NÃO PARÇA,MG - DOMINALOG,PR,Marechal Candido Rondon,2026-06-23,2026-06,2026,1
NÃO PARÇA,MG - DOMINALOG,PR,Marilandia do Sul,2026-04-16,2026-04,2026,1
NÃO PARÇA,MG - DOMINALOG,PR,Marilena,2026-06-19,2026-06,2026,1
NÃO PARÇA,MG - DOMINALOG,PR,Marilena,2026-07-03,2026-07,2026,1
NÃO PARÇA,MG - DOMINALOG,PR,Marquinho,2026-05-28,2026-05,2026,1
NÃO PARÇA,MG - DOMINALOG,PR,Marumbi,2026-06-12,2026-06,2026,1
NÃO PARÇA,MG - DOMINALOG,PR,Nova Alianca do Ivai,2026-06-10,2026-06,2026,1
NÃO PARÇA,MG - DOMINALOG,PR,Nova Aurora,2026-04-06,2026-04,2026,1
NÃO PARÇA,MG - DOMINALOG,PR,Nova Prata do Iguacu,2026-05-26,2026-05,2026,1
NÃO PARÇA,MG - DOMINALOG,PR,Nova Tebas,2026-07-06,2026-07,2026,1
NÃO PARÇA,MG - DOMINALOG,PR,Palmeira,2026-04-20,2026-04,2026,1
NÃO PARÇA,MG - DOMINALOG,PR,Palotina,2026-04-25,2026-04,2026,1
NÃO PARÇA,MG - DOMINALOG,PR,Palotina,2026-07-27,2026-07,2026,1
NÃO PARÇA,MG - DOMINALOG,PR,Pato Branco,2026-04-15,2026-04,2026,1
NÃO PARÇA,MG - DOMINALOG,PR,Pato Branco,2026-05-11,2026-05,2026,1
NÃO PARÇA,MG - DOMINALOG,PR,Pato Branco,2026-07-21,2026-07,2026,1
NÃO PARÇA,MG - DOMINALOG,PR,Perola dOeste,2026-04-10,2026-04,2026,1
NÃO PARÇA,MG - DOMINALOG,PR,Pien,2026-04-23,2026-04,2026,1
NÃO PARÇA,MG - DOMINALOG,PR,Pien,2026-07-06,2026-07,2026,2
NÃO PARÇA,MG - DOMINALOG,PR,Porecatu,2026-03-13,2026-03,2026,1
NÃO PARÇA,MG - DOMINALOG,PR,Porto Amazonas,2026-02-10,2026-02,2026,1
NÃO PARÇA,MG - DOMINALOG,PR,Porto Amazonas,2026-07-17,2026-07,2026,1
NÃO PARÇA,MG - DOMINALOG,PR,Porto Rico,2026-06-10,2026-06,2026,1
NÃO PARÇA,MG - DOMINALOG,PR,Presidente Castelo Branco,2026-06-26,2026-06,2026,1
NÃO PARÇA,MG - DOMINALOG,PR,Quatigua,2026-01-19,2026-01,2026,1
NÃO PARÇA,MG - DOMINALOG,PR,Quatigua,2026-03-03,2026-03,2026,1
NÃO PARÇA,MG - DOMINALOG,PR,Quedas do Iguacu,2026-03-05,2026-03,2026,1
NÃO PARÇA,MG - DOMINALOG,PR,Querencia do Norte,2026-01-21,2026-01,2026,1
NÃO PARÇA,MG - DOMINALOG,PR,Realeza,2026-05-06,2026-05,2026,1
NÃO PARÇA,MG - DOMINALOG,PR,Realeza,2026-06-01,2026-06,2026,1
NÃO PARÇA,MG - DOMINALOG,PR,Renascenca,2026-03-18,2026-03,2026,1
NÃO PARÇA,MG - DOMINALOG,PR,Reserva do Iguacu,2026-02-25,2026-02,2026,1
NÃO PARÇA,MG - DOMINALOG,PR,Ribeirao Claro,2026-03-10,2026-03,2026,2
NÃO PARÇA,MG - DOMINALOG,PR,Ribeirao Claro,2026-05-05,2026-05,2026,1
NÃO PARÇA,MG - DOMINALOG,PR,Rio Branco do Sul,2026-04-09,2026-04,2026,1
NÃO PARÇA,MG - DOMINALOG,PR,Salto do Lontra,2026-01-20,2026-01,2026,1
NÃO PARÇA,MG - DOMINALOG,PR,Salto do Lontra,2026-07-02,2026-07,2026,1
NÃO PARÇA,MG - DOMINALOG,PR,Santa Amelia,2026-04-28,2026-04,2026,1
NÃO PARÇA,MG - DOMINALOG,PR,Santa Fe,2026-03-21,2026-03,2026,1
NÃO PARÇA,MG - DOMINALOG,PR,Santa Fe,2026-06-10,2026-06,2026,1
NÃO PARÇA,MG - DOMINALOG,PR,Santa Fe,2026-07-15,2026-07,2026,1
NÃO PARÇA,MG - DOMINALOG,PR,Santa Helena,2026-03-20,2026-03,2026,1
NÃO PARÇA,MG - DOMINALOG,PR,Santa Helena,2026-03-25,2026-03,2026,1
NÃO PARÇA,MG - DOMINALOG,PR,Santa Izabel do Oeste,2026-04-16,2026-04,2026,1
NÃO PARÇA,MG - DOMINALOG,PR,Santa Mariana,2026-03-27,2026-03,2026,1
NÃO PARÇA,MG - DOMINALOG,PR,Santa Tereza do Oeste,2026-02-05,2026-02,2026,1
NÃO PARÇA,MG - DOMINALOG,PR,Santa Tereza do Oeste,2026-06-19,2026-06,2026,1
NÃO PARÇA,MG - DOMINALOG,PR,Santo Antonio do Sudoeste,2026-03-05,2026-03,2026,1
NÃO PARÇA,MG - DOMINALOG,PR,Santo Antonio do Sudoeste,2026-03-06,2026-03,2026,1
NÃO PARÇA,MG - DOMINALOG,PR,Santo Antonio do Sudoeste,2026-04-23,2026-04,2026,2
NÃO PARÇA,MG - DOMINALOG,PR,Santo Antonio do Sudoeste,2026-06-02,2026-06,2026,1
NÃO PARÇA,MG - DOMINALOG,PR,Santo Inacio,2026-05-29,2026-05,2026,1
NÃO PARÇA,MG - DOMINALOG,PR,Sao Joao,2026-06-16,2026-06,2026,1
NÃO PARÇA,MG - DOMINALOG,PR,Sao Jorge do Patrocinio,2026-05-05,2026-05,2026,1
NÃO PARÇA,MG - DOMINALOG,PR,Sao Jose da Boa Vista,2026-07-28,2026-07,2026,1
NÃO PARÇA,MG - DOMINALOG,PR,Sao Mateus do Sul,2026-03-16,2026-03,2026,1
NÃO PARÇA,MG - DOMINALOG,PR,Sao Mateus do Sul,2026-07-17,2026-07,2026,1
NÃO PARÇA,MG - DOMINALOG,PR,Sao Pedro do Iguacu,2026-01-22,2026-01,2026,1
NÃO PARÇA,MG - DOMINALOG,PR,Sertaneja,2026-05-26,2026-05,2026,1
NÃO PARÇA,MG - DOMINALOG,PR,Sertanopolis,2026-01-05,2026-01,2026,1
NÃO PARÇA,MG - DOMINALOG,PR,Sulina,2026-04-03,2026-04,2026,1
NÃO PARÇA,MG - DOMINALOG,PR,Tapejara,2026-03-26,2026-03,2026,1
NÃO PARÇA,MG - DOMINALOG,PR,Terra Boa,2026-01-20,2026-01,2026,1
NÃO PARÇA,MG - DOMINALOG,PR,Terra Boa,2026-03-27,2026-03,2026,1
NÃO PARÇA,MG - DOMINALOG,PR,Terra Boa,2026-04-20,2026-04,2026,1
NÃO PARÇA,MG - DOMINALOG,PR,Terra Roxa,2026-04-08,2026-04,2026,1
NÃO PARÇA,MG - DOMINALOG,PR,Turvo,2026-07-09,2026-07,2026,1
NÃO PARÇA,MG - DOMINALOG,PR,Ubirata,2026-04-20,2026-04,2026,1
NÃO PARÇA,MG - DOMINALOG,PR,Ubirata,2026-05-26,2026-05,2026,1
NÃO PARÇA,MG - DOMINALOG,PR,Ubirata,2026-06-09,2026-06,2026,1
NÃO PARÇA,MG - DOMINALOG,PR,Ubirata,2026-07-22,2026-07,2026,1
NÃO PARÇA,MG - DOMINALOG,PR,Uniao da Vitoria,2026-05-22,2026-05,2026,1
NÃO PARÇA,MG - DOMINALOG,PR,Uniao da Vitoria,2026-06-16,2026-06,2026,1
NÃO PARÇA,MG - DOMINALOG,PR,Uniao da Vitoria,2026-07-23,2026-07,2026,1
NÃO PARÇA,MG - DOMINALOG,PR,Uniflor,2026-04-25,2026-04,2026,1
NÃO PARÇA,MG - DOMINALOG,RN,Acu,2026-06-26,2026-06,2026,1
NÃO PARÇA,MG - DOMINALOG,RN,Acu,2026-07-23,2026-07,2026,1
NÃO PARÇA,MG - DOMINALOG,RN,Apodi,2026-05-19,2026-05,2026,1
NÃO PARÇA,MG - DOMINALOG,RN,Brejinho,2026-05-06,2026-05,2026,1
NÃO PARÇA,MG - DOMINALOG,RN,Caico,2026-03-02,2026-03,2026,1
NÃO PARÇA,MG - DOMINALOG,RN,Carnauba dos Dantas,2026-04-15,2026-04,2026,1
NÃO PARÇA,MG - DOMINALOG,RN,Carnaubais,2026-01-22,2026-01,2026,1
NÃO PARÇA,MG - DOMINALOG,RN,Currais Novos,2026-04-13,2026-04,2026,1
NÃO PARÇA,MG - DOMINALOG,RN,Extremoz,2026-04-06,2026-04,2026,1
NÃO PARÇA,MG - DOMINALOG,RN,Japi,2026-03-24,2026-03,2026,1
NÃO PARÇA,MG - DOMINALOG,RN,Jardim do Serido,2026-04-20,2026-04,2026,1
NÃO PARÇA,MG - DOMINALOG,RN,Jucurutu,2026-04-15,2026-04,2026,1
NÃO PARÇA,MG - DOMINALOG,RN,Lagoa Nova,2026-06-11,2026-06,2026,1
NÃO PARÇA,MG - DOMINALOG,RN,Lagoa de Pedras,2026-03-31,2026-03,2026,1
NÃO PARÇA,MG - DOMINALOG,RN,Lajes Pintadas,2026-03-26,2026-03,2026,1
NÃO PARÇA,MG - DOMINALOG,RN,Macaiba,2026-04-10,2026-04,2026,1
NÃO PARÇA,MG - DOMINALOG,RN,Major Sales,2026-06-29,2026-06,2026,1
NÃO PARÇA,MG - DOMINALOG,RN,Montanhas,2026-03-20,2026-03,2026,1
NÃO PARÇA,MG - DOMINALOG,RN,Montanhas,2026-04-04,2026-04,2026,1
NÃO PARÇA,MG - DOMINALOG,RN,Mossoro,2026-02-08,2026-02,2026,1
NÃO PARÇA,MG - DOMINALOG,RN,Mossoro,2026-02-12,2026-02,2026,1
NÃO PARÇA,MG - DOMINALOG,RN,Mossoro,2026-04-13,2026-04,2026,1
NÃO PARÇA,MG - DOMINALOG,RN,Mossoro,2026-04-16,2026-04,2026,1
NÃO PARÇA,MG - DOMINALOG,RN,Mossoro,2026-04-20,2026-04,2026,2
NÃO PARÇA,MG - DOMINALOG,RN,Mossoro,2026-06-06,2026-06,2026,1
NÃO PARÇA,MG - DOMINALOG,RN,Mossoro,2026-06-26,2026-06,2026,1
NÃO PARÇA,MG - DOMINALOG,RN,Mossoro,2026-07-02,2026-07,2026,1
NÃO PARÇA,MG - DOMINALOG,RN,Mossoro,2026-07-17,2026-07,2026,2
NÃO PARÇA,MG - DOMINALOG,RN,Natal,2026-01-02,2026-01,2026,1
NÃO PARÇA,MG - DOMINALOG,RN,Natal,2026-01-10,2026-01,2026,1
NÃO PARÇA,MG - DOMINALOG,RN,Natal,2026-01-12,2026-01,2026,3
NÃO PARÇA,MG - DOMINALOG,RN,Natal,2026-01-15,2026-01,2026,1
NÃO PARÇA,MG - DOMINALOG,RN,Natal,2026-02-03,2026-02,2026,1
NÃO PARÇA,MG - DOMINALOG,RN,Natal,2026-02-09,2026-02,2026,1
NÃO PARÇA,MG - DOMINALOG,RN,Natal,2026-02-11,2026-02,2026,1
NÃO PARÇA,MG - DOMINALOG,RN,Natal,2026-02-18,2026-02,2026,1
NÃO PARÇA,MG - DOMINALOG,RN,Natal,2026-03-01,2026-03,2026,2
NÃO PARÇA,MG - DOMINALOG,RN,Natal,2026-03-04,2026-03,2026,1
NÃO PARÇA,MG - DOMINALOG,RN,Natal,2026-04-01,2026-04,2026,1
NÃO PARÇA,MG - DOMINALOG,RN,Natal,2026-04-13,2026-04,2026,1
NÃO PARÇA,MG - DOMINALOG,RN,Natal,2026-05-05,2026-05,2026,1
NÃO PARÇA,MG - DOMINALOG,RN,Natal,2026-05-15,2026-05,2026,1
NÃO PARÇA,MG - DOMINALOG,RN,Natal,2026-05-18,2026-05,2026,1
NÃO PARÇA,MG - DOMINALOG,RN,Natal,2026-06-01,2026-06,2026,1
NÃO PARÇA,MG - DOMINALOG,RN,Natal,2026-06-02,2026-06,2026,1
NÃO PARÇA,MG - DOMINALOG,RN,Natal,2026-06-30,2026-06,2026,1
NÃO PARÇA,MG - DOMINALOG,RN,Natal,2026-07-09,2026-07,2026,3
NÃO PARÇA,MG - DOMINALOG,RN,Natal,2026-07-13,2026-07,2026,1
NÃO PARÇA,MG - DOMINALOG,RN,Natal,2026-07-17,2026-07,2026,1
NÃO PARÇA,MG - DOMINALOG,RN,Natal,2026-07-24,2026-07,2026,1
NÃO PARÇA,MG - DOMINALOG,RN,Nisia Floresta,2026-02-11,2026-02,2026,1
NÃO PARÇA,MG - DOMINALOG,RN,Nova Cruz,2026-05-04,2026-05,2026,1
NÃO PARÇA,MG - DOMINALOG,RN,Parnamirim,2026-01-20,2026-01,2026,1
NÃO PARÇA,MG - DOMINALOG,RN,Parnamirim,2026-01-22,2026-01,2026,1
NÃO PARÇA,MG - DOMINALOG,RN,Parnamirim,2026-02-14,2026-02,2026,1
NÃO PARÇA,MG - DOMINALOG,RN,Parnamirim,2026-02-20,2026-02,2026,1
NÃO PARÇA,MG - DOMINALOG,RN,Parnamirim,2026-03-01,2026-03,2026,1
NÃO PARÇA,MG - DOMINALOG,RN,Parnamirim,2026-03-02,2026-03,2026,1
NÃO PARÇA,MG - DOMINALOG,RN,Parnamirim,2026-03-16,2026-03,2026,1
NÃO PARÇA,MG - DOMINALOG,RN,Parnamirim,2026-03-25,2026-03,2026,1
NÃO PARÇA,MG - DOMINALOG,RN,Parnamirim,2026-03-31,2026-03,2026,1
NÃO PARÇA,MG - DOMINALOG,RN,Parnamirim,2026-06-18,2026-06,2026,1
NÃO PARÇA,MG - DOMINALOG,RN,Parnamirim,2026-07-09,2026-07,2026,1
NÃO PARÇA,MG - DOMINALOG,RN,Pau dos Ferros,2026-03-20,2026-03,2026,1
NÃO PARÇA,MG - DOMINALOG,RN,Pau dos Ferros,2026-04-13,2026-04,2026,1
NÃO PARÇA,MG - DOMINALOG,RN,Pendencias,2026-03-13,2026-03,2026,1
NÃO PARÇA,MG - DOMINALOG,RN,Rafael Godeiro,2026-01-02,2026-01,2026,1
NÃO PARÇA,MG - DOMINALOG,RN,Santa Cruz,2026-03-02,2026-03,2026,1
NÃO PARÇA,MG - DOMINALOG,RN,Sao Goncalo do Amarante,2026-01-20,2026-01,2026,1
NÃO PARÇA,MG - DOMINALOG,RN,Sao Jose de Mipibu,2026-02-13,2026-02,2026,1
NÃO PARÇA,MG - DOMINALOG,RN,Sao Miguel,2026-02-13,2026-02,2026,1
NÃO PARÇA,MG - DOMINALOG,RN,Sao Miguel,2026-02-20,2026-02,2026,1
NÃO PARÇA,MG - DOMINALOG,RN,Serra do Mel,2026-03-06,2026-03,2026,1
NÃO PARÇA,MG - DOMINALOG,RN,Sitio Novo,2026-02-23,2026-02,2026,1
NÃO PARÇA,MG - DOMINALOG,RN,Tenente Ananias,2026-05-15,2026-05,2026,1
NÃO PARÇA,MG - DOMINALOG,RN,Tibau do Sul,2026-03-11,2026-03,2026,1
NÃO PARÇA,MG - DOMINALOG,RN,Touros,2026-03-09,2026-03,2026,1
NÃO PARÇA,MG - DOMINALOG,RN,Umarizal,2026-04-28,2026-04,2026,1
NÃO PARÇA,MG - DOMINALOG,RN,Upanema,2026-02-18,2026-02,2026,1
NÃO PARÇA,MG - DOMINALOG,RN,Venha Ver,2026-03-23,2026-03,2026,1
NÃO PARÇA,MG - DOMINALOG,RS,Agudo,2026-01-09,2026-01,2026,1
NÃO PARÇA,MG - DOMINALOG,RS,Agudo,2026-02-26,2026-02,2026,1
NÃO PARÇA,MG - DOMINALOG,RS,Alegrete,2026-04-14,2026-04,2026,1
NÃO PARÇA,MG - DOMINALOG,RS,Alegrete,2026-05-07,2026-05,2026,1
NÃO PARÇA,MG - DOMINALOG,RS,Alegrete,2026-05-13,2026-05,2026,1
NÃO PARÇA,MG - DOMINALOG,RS,Alegrete,2026-06-01,2026-06,2026,1
NÃO PARÇA,MG - DOMINALOG,RS,Alegrete,2026-06-19,2026-06,2026,1
NÃO PARÇA,MG - DOMINALOG,RS,Alegrete,2026-07-06,2026-07,2026,1
NÃO PARÇA,MG - DOMINALOG,RS,Alegrete,2026-07-22,2026-07,2026,1
NÃO PARÇA,MG - DOMINALOG,RS,Amaral Ferrador,2026-06-25,2026-06,2026,1
NÃO PARÇA,MG - DOMINALOG,RS,Antonio Prado,2026-06-25,2026-06,2026,1
NÃO PARÇA,MG - DOMINALOG,RS,Bage,2026-01-07,2026-01,2026,1
NÃO PARÇA,MG - DOMINALOG,RS,Bage,2026-03-20,2026-03,2026,2
NÃO PARÇA,MG - DOMINALOG,RS,Bage,2026-04-25,2026-04,2026,1
NÃO PARÇA,MG - DOMINALOG,RS,Bage,2026-05-08,2026-05,2026,1
NÃO PARÇA,MG - DOMINALOG,RS,Bage,2026-07-01,2026-07,2026,1
NÃO PARÇA,MG - DOMINALOG,RS,Balneario Pinhal,2026-04-28,2026-04,2026,1
NÃO PARÇA,MG - DOMINALOG,RS,Butia,2026-02-27,2026-02,2026,1
NÃO PARÇA,MG - DOMINALOG,RS,Butia,2026-04-27,2026-04,2026,1
NÃO PARÇA,MG - DOMINALOG,RS,Cacapava do Sul,2026-01-15,2026-01,2026,2
NÃO PARÇA,MG - DOMINALOG,RS,Cacapava do Sul,2026-01-22,2026-01,2026,1
NÃO PARÇA,MG - DOMINALOG,RS,Cacapava do Sul,2026-01-31,2026-01,2026,1
NÃO PARÇA,MG - DOMINALOG,RS,Cacapava do Sul,2026-05-19,2026-05,2026,1
NÃO PARÇA,MG - DOMINALOG,RS,Cachoeira do Sul,2026-04-27,2026-04,2026,1
NÃO PARÇA,MG - DOMINALOG,RS,Cachoeira do Sul,2026-06-08,2026-06,2026,1
NÃO PARÇA,MG - DOMINALOG,RS,Cachoeira do Sul,2026-07-06,2026-07,2026,1
NÃO PARÇA,MG - DOMINALOG,RS,Cacique Doble,2026-06-23,2026-06,2026,1
NÃO PARÇA,MG - DOMINALOG,RS,Candiota,2026-06-24,2026-06,2026,1
NÃO PARÇA,MG - DOMINALOG,RS,Cangucu,2026-04-02,2026-04,2026,1
NÃO PARÇA,MG - DOMINALOG,RS,Cangucu,2026-04-16,2026-04,2026,1
NÃO PARÇA,MG - DOMINALOG,RS,Cangucu,2026-05-14,2026-05,2026,1
NÃO PARÇA,MG - DOMINALOG,RS,Cangucu,2026-06-25,2026-06,2026,1
NÃO PARÇA,MG - DOMINALOG,RS,Capivari do Sul,2026-02-20,2026-02,2026,1
NÃO PARÇA,MG - DOMINALOG,RS,Caraa,2026-02-02,2026-02,2026,1
NÃO PARÇA,MG - DOMINALOG,RS,Carazinho,2026-06-15,2026-06,2026,1
NÃO PARÇA,MG - DOMINALOG,RS,Carazinho,2026-07-16,2026-07,2026,1
NÃO PARÇA,MG - DOMINALOG,RS,Carlos Barbosa,2026-02-25,2026-02,2026,1
NÃO PARÇA,MG - DOMINALOG,RS,Catuipe,2026-03-31,2026-03,2026,1
NÃO PARÇA,MG - DOMINALOG,RS,Catuipe,2026-06-10,2026-06,2026,1
NÃO PARÇA,MG - DOMINALOG,RS,Catuipe,2026-07-20,2026-07,2026,2
NÃO PARÇA,MG - DOMINALOG,RS,Caxias do Sul,2026-01-08,2026-01,2026,1
NÃO PARÇA,MG - DOMINALOG,RS,Cerro Grande do Sul,2026-01-14,2026-01,2026,1
NÃO PARÇA,MG - DOMINALOG,RS,Cerro Grande do Sul,2026-01-16,2026-01,2026,1
NÃO PARÇA,MG - DOMINALOG,RS,Cerro Grande do Sul,2026-01-31,2026-01,2026,1
NÃO PARÇA,MG - DOMINALOG,RS,Cerro Grande do Sul,2026-02-19,2026-02,2026,1
NÃO PARÇA,MG - DOMINALOG,RS,Cerro Grande do Sul,2026-03-19,2026-03,2026,1
NÃO PARÇA,MG - DOMINALOG,RS,Cerro Grande do Sul,2026-04-16,2026-04,2026,1
NÃO PARÇA,MG - DOMINALOG,RS,Cerro Grande do Sul,2026-04-30,2026-04,2026,2
NÃO PARÇA,MG - DOMINALOG,RS,Cerro Grande do Sul,2026-05-04,2026-05,2026,1
NÃO PARÇA,MG - DOMINALOG,RS,Cerro Grande do Sul,2026-05-13,2026-05,2026,1
NÃO PARÇA,MG - DOMINALOG,RS,Cerro Grande do Sul,2026-05-19,2026-05,2026,1
NÃO PARÇA,MG - DOMINALOG,RS,Cerro Grande do Sul,2026-05-21,2026-05,2026,1
NÃO PARÇA,MG - DOMINALOG,RS,Cerro Grande do Sul,2026-06-01,2026-06,2026,1
NÃO PARÇA,MG - DOMINALOG,RS,Cerro Grande do Sul,2026-07-06,2026-07,2026,1
NÃO PARÇA,MG - DOMINALOG,RS,Cerro Largo,2026-02-25,2026-02,2026,1
NÃO PARÇA,MG - DOMINALOG,RS,Cerro Largo,2026-05-08,2026-05,2026,1
NÃO PARÇA,MG - DOMINALOG,RS,Chapada,2026-06-01,2026-06,2026,1
NÃO PARÇA,MG - DOMINALOG,RS,Charqueadas,2026-03-24,2026-03,2026,1
NÃO PARÇA,MG - DOMINALOG,RS,Charqueadas,2026-05-15,2026-05,2026,1
NÃO PARÇA,MG - DOMINALOG,RS,Colorado,2026-01-29,2026-01,2026,1
NÃO PARÇA,MG - DOMINALOG,RS,Cristal,2026-04-20,2026-04,2026,1
NÃO PARÇA,MG - DOMINALOG,RS,Cruz Alta,2026-06-25,2026-06,2026,1
NÃO PARÇA,MG - DOMINALOG,RS,Cruz Alta,2026-07-28,2026-07,2026,1
NÃO PARÇA,MG - DOMINALOG,RS,Cruzaltense,2026-05-06,2026-05,2026,1
NÃO PARÇA,MG - DOMINALOG,RS,Cruzeiro do Sul,2026-03-06,2026-03,2026,1
NÃO PARÇA,MG - DOMINALOG,RS,David Canabarro,2026-01-16,2026-01,2026,1
NÃO PARÇA,MG - DOMINALOG,RS,Dom Pedrito,2026-02-26,2026-02,2026,1
NÃO PARÇA,MG - DOMINALOG,RS,Dom Pedro de Alcantara,2026-03-20,2026-03,2026,1
NÃO PARÇA,MG - DOMINALOG,RS,Encruzilhada do Sul,2026-05-20,2026-05,2026,1
NÃO PARÇA,MG - DOMINALOG,RS,Entre Ijuis,2026-01-30,2026-01,2026,1
NÃO PARÇA,MG - DOMINALOG,RS,Erechim,2026-01-16,2026-01,2026,1
NÃO PARÇA,MG - DOMINALOG,RS,Erechim,2026-02-04,2026-02,2026,1
NÃO PARÇA,MG - DOMINALOG,RS,Erechim,2026-02-11,2026-02,2026,2
NÃO PARÇA,MG - DOMINALOG,RS,Erechim,2026-03-09,2026-03,2026,1
NÃO PARÇA,MG - DOMINALOG,RS,Erechim,2026-03-17,2026-03,2026,1
NÃO PARÇA,MG - DOMINALOG,RS,Erechim,2026-04-01,2026-04,2026,1
NÃO PARÇA,MG - DOMINALOG,RS,Erechim,2026-05-06,2026-05,2026,1
NÃO PARÇA,MG - DOMINALOG,RS,Erechim,2026-05-25,2026-05,2026,1
NÃO PARÇA,MG - DOMINALOG,RS,Erechim,2026-05-28,2026-05,2026,2
NÃO PARÇA,MG - DOMINALOG,RS,Erechim,2026-05-29,2026-05,2026,1
NÃO PARÇA,MG - DOMINALOG,RS,Erechim,2026-07-24,2026-07,2026,1
NÃO PARÇA,MG - DOMINALOG,RS,Ernestina,2026-06-02,2026-06,2026,1
NÃO PARÇA,MG - DOMINALOG,RS,Espumoso,2026-03-31,2026-03,2026,1
NÃO PARÇA,MG - DOMINALOG,RS,Estacao,2026-05-28,2026-05,2026,1
NÃO PARÇA,MG - DOMINALOG,RS,Estancia Velha,2026-05-29,2026-05,2026,1
NÃO PARÇA,MG - DOMINALOG,RS,Estancia Velha,2026-06-29,2026-06,2026,1
NÃO PARÇA,MG - DOMINALOG,RS,Farroupilha,2026-01-21,2026-01,2026,1
NÃO PARÇA,MG - DOMINALOG,RS,Flores da Cunha,2026-01-16,2026-01,2026,1
NÃO PARÇA,MG - DOMINALOG,RS,Flores da Cunha,2026-06-18,2026-06,2026,1
NÃO PARÇA,MG - DOMINALOG,RS,Flores da Cunha,2026-07-06,2026-07,2026,1
NÃO PARÇA,MG - DOMINALOG,RS,Fontoura Xavier,2026-07-06,2026-07,2026,1
NÃO PARÇA,MG - DOMINALOG,RS,Formigueiro,2026-06-01,2026-06,2026,1
NÃO PARÇA,MG - DOMINALOG,RS,Frederico Westphalen,2026-04-24,2026-04,2026,1
NÃO PARÇA,MG - DOMINALOG,RS,Garibaldi,2026-01-28,2026-01,2026,1
NÃO PARÇA,MG - DOMINALOG,RS,Gentil,2026-07-01,2026-07,2026,1
NÃO PARÇA,MG - DOMINALOG,RS,Getulio Vargas,2026-05-04,2026-05,2026,1
NÃO PARÇA,MG - DOMINALOG,RS,Guaiba,2026-03-27,2026-03,2026,1
NÃO PARÇA,MG - DOMINALOG,RS,Guaiba,2026-04-01,2026-04,2026,1
NÃO PARÇA,MG - DOMINALOG,RS,Guaiba,2026-05-08,2026-05,2026,1
NÃO PARÇA,MG - DOMINALOG,RS,Guaiba,2026-06-06,2026-06,2026,1
NÃO PARÇA,MG - DOMINALOG,RS,Guaiba,2026-07-06,2026-07,2026,1
NÃO PARÇA,MG - DOMINALOG,RS,Guarani das Missoes,2026-01-16,2026-01,2026,1
NÃO PARÇA,MG - DOMINALOG,RS,Horizontina,2026-01-29,2026-01,2026,1
NÃO PARÇA,MG - DOMINALOG,RS,Horizontina,2026-06-29,2026-06,2026,1
NÃO PARÇA,MG - DOMINALOG,RS,Ibiaca,2026-02-26,2026-02,2026,1
NÃO PARÇA,MG - DOMINALOG,RS,Ibiruba,2026-02-27,2026-02,2026,1
NÃO PARÇA,MG - DOMINALOG,RS,Ibiruba,2026-06-30,2026-06,2026,1
NÃO PARÇA,MG - DOMINALOG,RS,Ijui,2026-06-09,2026-06,2026,1
NÃO PARÇA,MG - DOMINALOG,RS,Ijui,2026-07-09,2026-07,2026,1
NÃO PARÇA,MG - DOMINALOG,RS,Itaqui,2026-03-18,2026-03,2026,1
NÃO PARÇA,MG - DOMINALOG,RS,Itaqui,2026-04-06,2026-04,2026,1
NÃO PARÇA,MG - DOMINALOG,RS,Ivoti,2026-05-23,2026-05,2026,1
NÃO PARÇA,MG - DOMINALOG,RS,Jacutinga,2026-06-02,2026-06,2026,1
NÃO PARÇA,MG - DOMINALOG,RS,Jaguarao,2026-03-23,2026-03,2026,1
NÃO PARÇA,MG - DOMINALOG,RS,Jaguarao,2026-05-19,2026-05,2026,1
NÃO PARÇA,MG - DOMINALOG,RS,Jaguarao,2026-06-22,2026-06,2026,1
NÃO PARÇA,MG - DOMINALOG,RS,Jaquirana,2026-07-23,2026-07,2026,1
NÃO PARÇA,MG - DOMINALOG,RS,Lagoa Bonita do Sul,2026-03-16,2026-03,2026,1
NÃO PARÇA,MG - DOMINALOG,RS,Lindolfo Collor,2026-05-07,2026-05,2026,1
NÃO PARÇA,MG - DOMINALOG,RS,Mampituba,2026-04-27,2026-04,2026,1
NÃO PARÇA,MG - DOMINALOG,RS,Manoel Viana,2026-01-29,2026-01,2026,1
NÃO PARÇA,MG - DOMINALOG,RS,Marau,2026-05-06,2026-05,2026,1
NÃO PARÇA,MG - DOMINALOG,RS,Marau,2026-05-27,2026-05,2026,1
NÃO PARÇA,MG - DOMINALOG,RS,Minas do Leao,2026-01-08,2026-01,2026,1
NÃO PARÇA,MG - DOMINALOG,RS,Monte Belo do Sul,2026-06-04,2026-06,2026,1
NÃO PARÇA,MG - DOMINALOG,RS,Mostardas,2026-06-23,2026-06,2026,1
NÃO PARÇA,MG - DOMINALOG,RS,Nonoai,2026-05-25,2026-05,2026,1
NÃO PARÇA,MG - DOMINALOG,RS,Nova Brescia,2026-05-18,2026-05,2026,1
NÃO PARÇA,MG - DOMINALOG,RS,Nova Petropolis,2026-01-08,2026-01,2026,1
NÃO PARÇA,MG - DOMINALOG,RS,Nova Petropolis,2026-01-20,2026-01,2026,1
NÃO PARÇA,MG - DOMINALOG,RS,Nova Petropolis,2026-05-05,2026-05,2026,1
NÃO PARÇA,MG - DOMINALOG,RS,Osorio,2026-01-10,2026-01,2026,1
NÃO PARÇA,MG - DOMINALOG,RS,Osorio,2026-02-16,2026-02,2026,1
NÃO PARÇA,MG - DOMINALOG,RS,Osorio,2026-03-17,2026-03,2026,1
NÃO PARÇA,MG - DOMINALOG,RS,Palmeira das Missoes,2026-05-13,2026-05,2026,1
NÃO PARÇA,MG - DOMINALOG,RS,Panambi,2026-04-22,2026-04,2026,1
NÃO PARÇA,MG - DOMINALOG,RS,Panambi,2026-04-23,2026-04,2026,2
NÃO PARÇA,MG - DOMINALOG,RS,Panambi,2026-05-19,2026-05,2026,1
NÃO PARÇA,MG - DOMINALOG,RS,Pantano Grande,2026-05-13,2026-05,2026,1
NÃO PARÇA,MG - DOMINALOG,RS,Passo Fundo,2026-01-06,2026-01,2026,1
NÃO PARÇA,MG - DOMINALOG,RS,Passo Fundo,2026-01-22,2026-01,2026,1
NÃO PARÇA,MG - DOMINALOG,RS,Passo Fundo,2026-03-17,2026-03,2026,1
NÃO PARÇA,MG - DOMINALOG,RS,Passo Fundo,2026-03-19,2026-03,2026,1
NÃO PARÇA,MG - DOMINALOG,RS,Passo Fundo,2026-03-20,2026-03,2026,1
NÃO PARÇA,MG - DOMINALOG,RS,Passo Fundo,2026-03-23,2026-03,2026,1
NÃO PARÇA,MG - DOMINALOG,RS,Passo Fundo,2026-04-01,2026-04,2026,1
NÃO PARÇA,MG - DOMINALOG,RS,Passo Fundo,2026-04-13,2026-04,2026,1
NÃO PARÇA,MG - DOMINALOG,RS,Passo Fundo,2026-04-29,2026-04,2026,1
NÃO PARÇA,MG - DOMINALOG,RS,Passo Fundo,2026-04-30,2026-04,2026,1
NÃO PARÇA,MG - DOMINALOG,RS,Passo Fundo,2026-05-04,2026-05,2026,1
NÃO PARÇA,MG - DOMINALOG,RS,Passo Fundo,2026-05-11,2026-05,2026,2
NÃO PARÇA,MG - DOMINALOG,RS,Passo Fundo,2026-05-12,2026-05,2026,1
NÃO PARÇA,MG - DOMINALOG,RS,Passo Fundo,2026-05-20,2026-05,2026,1
NÃO PARÇA,MG - DOMINALOG,RS,Passo Fundo,2026-05-21,2026-05,2026,2
NÃO PARÇA,MG - DOMINALOG,RS,Passo Fundo,2026-06-08,2026-06,2026,1
NÃO PARÇA,MG - DOMINALOG,RS,Passo Fundo,2026-06-23,2026-06,2026,1
NÃO PARÇA,MG - DOMINALOG,RS,Passo Fundo,2026-07-08,2026-07,2026,1
NÃO PARÇA,MG - DOMINALOG,RS,Passo Fundo,2026-07-09,2026-07,2026,1
NÃO PARÇA,MG - DOMINALOG,RS,Passo Fundo,2026-07-21,2026-07,2026,1
NÃO PARÇA,MG - DOMINALOG,RS,Pedro Osorio,2026-03-05,2026-03,2026,1
NÃO PARÇA,MG - DOMINALOG,RS,Pedro Osorio,2026-05-20,2026-05,2026,1
NÃO PARÇA,MG - DOMINALOG,RS,Pejucara,2026-05-05,2026-05,2026,1
NÃO PARÇA,MG - DOMINALOG,RS,Pelotas,2026-01-02,2026-01,2026,1
NÃO PARÇA,MG - DOMINALOG,RS,Pelotas,2026-01-28,2026-01,2026,2
NÃO PARÇA,MG - DOMINALOG,RS,Pelotas,2026-02-12,2026-02,2026,2
NÃO PARÇA,MG - DOMINALOG,RS,Pelotas,2026-02-27,2026-02,2026,1
NÃO PARÇA,MG - DOMINALOG,RS,Pelotas,2026-03-11,2026-03,2026,1
NÃO PARÇA,MG - DOMINALOG,RS,Pelotas,2026-03-20,2026-03,2026,2
NÃO PARÇA,MG - DOMINALOG,RS,Pelotas,2026-04-06,2026-04,2026,1
NÃO PARÇA,MG - DOMINALOG,RS,Pelotas,2026-04-24,2026-04,2026,1
NÃO PARÇA,MG - DOMINALOG,RS,Pelotas,2026-05-04,2026-05,2026,1
NÃO PARÇA,MG - DOMINALOG,RS,Pelotas,2026-05-12,2026-05,2026,1
NÃO PARÇA,MG - DOMINALOG,RS,Pelotas,2026-05-14,2026-05,2026,1
NÃO PARÇA,MG - DOMINALOG,RS,Pelotas,2026-05-27,2026-05,2026,1
NÃO PARÇA,MG - DOMINALOG,RS,Pelotas,2026-06-10,2026-06,2026,2
NÃO PARÇA,MG - DOMINALOG,RS,Pelotas,2026-06-22,2026-06,2026,1
NÃO PARÇA,MG - DOMINALOG,RS,Pelotas,2026-06-25,2026-06,2026,1
NÃO PARÇA,MG - DOMINALOG,RS,Pelotas,2026-07-02,2026-07,2026,1
NÃO PARÇA,MG - DOMINALOG,RS,Pelotas,2026-07-06,2026-07,2026,1
NÃO PARÇA,MG - DOMINALOG,RS,Pelotas,2026-07-09,2026-07,2026,1
NÃO PARÇA,MG - DOMINALOG,RS,Pelotas,2026-07-15,2026-07,2026,1
NÃO PARÇA,MG - DOMINALOG,RS,Picada Cafe,2026-01-27,2026-01,2026,1
NÃO PARÇA,MG - DOMINALOG,RS,Picada Cafe,2026-05-07,2026-05,2026,1
NÃO PARÇA,MG - DOMINALOG,RS,Pinto Bandeira,2026-01-06,2026-01,2026,1
NÃO PARÇA,MG - DOMINALOG,RS,Pinto Bandeira,2026-06-12,2026-06,2026,1
NÃO PARÇA,MG - DOMINALOG,RS,Ponte Preta,2026-05-04,2026-05,2026,1
NÃO PARÇA,MG - DOMINALOG,RS,Porto Xavier,2026-05-25,2026-05,2026,3
NÃO PARÇA,MG - DOMINALOG,RS,Rio Grande,2026-01-08,2026-01,2026,1
NÃO PARÇA,MG - DOMINALOG,RS,Rio Grande,2026-01-13,2026-01,2026,1
NÃO PARÇA,MG - DOMINALOG,RS,Rio Grande,2026-01-21,2026-01,2026,1
NÃO PARÇA,MG - DOMINALOG,RS,Rio Grande,2026-03-06,2026-03,2026,1
NÃO PARÇA,MG - DOMINALOG,RS,Rio Grande,2026-04-27,2026-04,2026,1
NÃO PARÇA,MG - DOMINALOG,RS,Rio Grande,2026-06-22,2026-06,2026,1
NÃO PARÇA,MG - DOMINALOG,RS,Rio Grande,2026-06-23,2026-06,2026,1
NÃO PARÇA,MG - DOMINALOG,RS,Rio Grande,2026-06-24,2026-06,2026,1
NÃO PARÇA,MG - DOMINALOG,RS,Rio Grande,2026-07-01,2026-07,2026,2
NÃO PARÇA,MG - DOMINALOG,RS,Rio Grande,2026-07-07,2026-07,2026,1
NÃO PARÇA,MG - DOMINALOG,RS,Rio Grande,2026-07-09,2026-07,2026,1
NÃO PARÇA,MG - DOMINALOG,RS,Rio Grande,2026-07-10,2026-07,2026,3
NÃO PARÇA,MG - DOMINALOG,RS,Rio Grande,2026-07-13,2026-07,2026,1
NÃO PARÇA,MG - DOMINALOG,RS,Rio Grande,2026-07-15,2026-07,2026,1
NÃO PARÇA,MG - DOMINALOG,RS,Rio Pardo,2026-02-05,2026-02,2026,1
NÃO PARÇA,MG - DOMINALOG,RS,Rio Pardo,2026-02-11,2026-02,2026,1
NÃO PARÇA,MG - DOMINALOG,RS,Rio Pardo,2026-06-01,2026-06,2026,1
NÃO PARÇA,MG - DOMINALOG,RS,Rosario do Sul,2026-01-29,2026-01,2026,1
NÃO PARÇA,MG - DOMINALOG,RS,Rosario do Sul,2026-03-20,2026-03,2026,1
NÃO PARÇA,MG - DOMINALOG,RS,Rosario do Sul,2026-07-06,2026-07,2026,1
NÃO PARÇA,MG - DOMINALOG,RS,Sananduva,2026-05-25,2026-05,2026,1
NÃO PARÇA,MG - DOMINALOG,RS,Santa Barbara do Sul,2026-07-22,2026-07,2026,1
NÃO PARÇA,MG - DOMINALOG,RS,Santa Clara do Sul,2026-03-18,2026-03,2026,1
NÃO PARÇA,MG - DOMINALOG,RS,Santa Cruz do Sul,2026-01-30,2026-01,2026,1
NÃO PARÇA,MG - DOMINALOG,RS,Santa Cruz do Sul,2026-03-11,2026-03,2026,2
NÃO PARÇA,MG - DOMINALOG,RS,Santa Cruz do Sul,2026-03-18,2026-03,2026,1
NÃO PARÇA,MG - DOMINALOG,RS,Santa Cruz do Sul,2026-05-05,2026-05,2026,1
NÃO PARÇA,MG - DOMINALOG,RS,Santa Cruz do Sul,2026-05-11,2026-05,2026,1
NÃO PARÇA,MG - DOMINALOG,RS,Santa Cruz do Sul,2026-05-26,2026-05,2026,2
NÃO PARÇA,MG - DOMINALOG,RS,Santa Cruz do Sul,2026-05-28,2026-05,2026,1
NÃO PARÇA,MG - DOMINALOG,RS,Santa Cruz do Sul,2026-05-29,2026-05,2026,1
NÃO PARÇA,MG - DOMINALOG,RS,Santa Cruz do Sul,2026-06-12,2026-06,2026,1
NÃO PARÇA,MG - DOMINALOG,RS,Santa Cruz do Sul,2026-07-07,2026-07,2026,1
NÃO PARÇA,MG - DOMINALOG,RS,Santa Cruz do Sul,2026-07-17,2026-07,2026,1
NÃO PARÇA,MG - DOMINALOG,RS,Santa Maria,2026-01-06,2026-01,2026,1
NÃO PARÇA,MG - DOMINALOG,RS,Santa Maria,2026-01-08,2026-01,2026,1
NÃO PARÇA,MG - DOMINALOG,RS,Santa Maria,2026-01-09,2026-01,2026,1
NÃO PARÇA,MG - DOMINALOG,RS,Santa Maria,2026-01-16,2026-01,2026,1
NÃO PARÇA,MG - DOMINALOG,RS,Santa Maria,2026-01-20,2026-01,2026,2
NÃO PARÇA,MG - DOMINALOG,RS,Santa Maria,2026-02-09,2026-02,2026,1
NÃO PARÇA,MG - DOMINALOG,RS,Santa Maria,2026-02-20,2026-02,2026,1
NÃO PARÇA,MG - DOMINALOG,RS,Santa Maria,2026-02-25,2026-02,2026,1
NÃO PARÇA,MG - DOMINALOG,RS,Santa Maria,2026-02-27,2026-02,2026,2
NÃO PARÇA,MG - DOMINALOG,RS,Santa Maria,2026-03-09,2026-03,2026,1
NÃO PARÇA,MG - DOMINALOG,RS,Santa Maria,2026-03-12,2026-03,2026,1
NÃO PARÇA,MG - DOMINALOG,RS,Santa Maria,2026-03-16,2026-03,2026,2
NÃO PARÇA,MG - DOMINALOG,RS,Santa Maria,2026-03-19,2026-03,2026,1
NÃO PARÇA,MG - DOMINALOG,RS,Santa Maria,2026-03-20,2026-03,2026,3
NÃO PARÇA,MG - DOMINALOG,RS,Santa Maria,2026-03-23,2026-03,2026,1
NÃO PARÇA,MG - DOMINALOG,RS,Santa Maria,2026-03-31,2026-03,2026,1
NÃO PARÇA,MG - DOMINALOG,RS,Santa Maria,2026-04-06,2026-04,2026,1
NÃO PARÇA,MG - DOMINALOG,RS,Santa Maria,2026-04-07,2026-04,2026,1
NÃO PARÇA,MG - DOMINALOG,RS,Santa Maria,2026-04-10,2026-04,2026,2
NÃO PARÇA,MG - DOMINALOG,RS,Santa Maria,2026-04-14,2026-04,2026,1
NÃO PARÇA,MG - DOMINALOG,RS,Santa Maria,2026-04-20,2026-04,2026,1
NÃO PARÇA,MG - DOMINALOG,RS,Santa Maria,2026-04-28,2026-04,2026,1
NÃO PARÇA,MG - DOMINALOG,RS,Santa Maria,2026-04-30,2026-04,2026,3
NÃO PARÇA,MG - DOMINALOG,RS,Santa Maria,2026-05-15,2026-05,2026,2
NÃO PARÇA,MG - DOMINALOG,RS,Santa Maria,2026-05-19,2026-05,2026,2
NÃO PARÇA,MG - DOMINALOG,RS,Santa Maria,2026-06-02,2026-06,2026,1
NÃO PARÇA,MG - DOMINALOG,RS,Santa Maria,2026-06-11,2026-06,2026,1
NÃO PARÇA,MG - DOMINALOG,RS,Santa Maria,2026-06-19,2026-06,2026,1
NÃO PARÇA,MG - DOMINALOG,RS,Santa Maria,2026-06-30,2026-06,2026,3
NÃO PARÇA,MG - DOMINALOG,RS,Santa Maria,2026-07-01,2026-07,2026,1
NÃO PARÇA,MG - DOMINALOG,RS,Santa Maria,2026-07-07,2026-07,2026,4
NÃO PARÇA,MG - DOMINALOG,RS,Santa Maria,2026-07-08,2026-07,2026,2
NÃO PARÇA,MG - DOMINALOG,RS,Santa Maria,2026-07-22,2026-07,2026,1
NÃO PARÇA,MG - DOMINALOG,RS,Santa Maria,2026-07-28,2026-07,2026,1
NÃO PARÇA,MG - DOMINALOG,RS,Santa Vitoria do Palmar,2026-01-29,2026-01,2026,1
NÃO PARÇA,MG - DOMINALOG,RS,Santa Vitoria do Palmar,2026-03-27,2026-03,2026,1
NÃO PARÇA,MG - DOMINALOG,RS,Santa Vitoria do Palmar,2026-04-02,2026-04,2026,1
NÃO PARÇA,MG - DOMINALOG,RS,Santana do Livramento,2026-01-15,2026-01,2026,1
NÃO PARÇA,MG - DOMINALOG,RS,Santana do Livramento,2026-02-19,2026-02,2026,1
NÃO PARÇA,MG - DOMINALOG,RS,Santana do Livramento,2026-05-06,2026-05,2026,1
NÃO PARÇA,MG - DOMINALOG,RS,Santana do Livramento,2026-05-29,2026-05,2026,2
NÃO PARÇA,MG - DOMINALOG,RS,Santana do Livramento,2026-06-03,2026-06,2026,1
NÃO PARÇA,MG - DOMINALOG,RS,Santiago,2026-05-21,2026-05,2026,1
NÃO PARÇA,MG - DOMINALOG,RS,Santiago,2026-06-03,2026-06,2026,1
NÃO PARÇA,MG - DOMINALOG,RS,Santo Antonio da Patrulha,2026-04-30,2026-04,2026,1
NÃO PARÇA,MG - DOMINALOG,RS,Santo Antonio das Missoes,2026-07-09,2026-07,2026,1
NÃO PARÇA,MG - DOMINALOG,RS,Santo Antonio do Palma,2026-06-18,2026-06,2026,1
NÃO PARÇA,MG - DOMINALOG,RS,Santo Augusto,2026-02-10,2026-02,2026,1
NÃO PARÇA,MG - DOMINALOG,RS,Santo Cristo,2026-06-09,2026-06,2026,1
NÃO PARÇA,MG - DOMINALOG,RS,Santo angelo,2026-01-27,2026-01,2026,1
NÃO PARÇA,MG - DOMINALOG,RS,Santo angelo,2026-02-04,2026-02,2026,1
NÃO PARÇA,MG - DOMINALOG,RS,Santo angelo,2026-03-23,2026-03,2026,1
NÃO PARÇA,MG - DOMINALOG,RS,Santo angelo,2026-04-03,2026-04,2026,1
NÃO PARÇA,MG - DOMINALOG,RS,Santo angelo,2026-06-23,2026-06,2026,1
NÃO PARÇA,MG - DOMINALOG,RS,Sao Borja,2026-04-16,2026-04,2026,2
NÃO PARÇA,MG - DOMINALOG,RS,Sao Gabriel,2026-01-29,2026-01,2026,2
NÃO PARÇA,MG - DOMINALOG,RS,Sao Gabriel,2026-03-17,2026-03,2026,1
NÃO PARÇA,MG - DOMINALOG,RS,Sao Gabriel,2026-05-06,2026-05,2026,1
NÃO PARÇA,MG - DOMINALOG,RS,Sao Gabriel,2026-07-10,2026-07,2026,1
NÃO PARÇA,MG - DOMINALOG,RS,Sao Gabriel,2026-07-27,2026-07,2026,1
NÃO PARÇA,MG - DOMINALOG,RS,Sao Joao do Polesine,2026-04-30,2026-04,2026,1
NÃO PARÇA,MG - DOMINALOG,RS,Sao Jose do Hortencio,2026-05-07,2026-05,2026,1
NÃO PARÇA,MG - DOMINALOG,RS,Sao Jose do Norte,2026-03-17,2026-03,2026,1
NÃO PARÇA,MG - DOMINALOG,RS,Sao Jose do Norte,2026-05-11,2026-05,2026,1
NÃO PARÇA,MG - DOMINALOG,RS,Sao Lourenco do Sul,2026-04-26,2026-04,2026,1
NÃO PARÇA,MG - DOMINALOG,RS,Sarandi,2026-06-01,2026-06,2026,1
NÃO PARÇA,MG - DOMINALOG,RS,Sentinela do Sul,2026-04-16,2026-04,2026,1
NÃO PARÇA,MG - DOMINALOG,RS,Sertao Santana,2026-07-27,2026-07,2026,1
NÃO PARÇA,MG - DOMINALOG,RS,Sobradinho,2026-01-08,2026-01,2026,1
NÃO PARÇA,MG - DOMINALOG,RS,Soledade,2026-02-02,2026-02,2026,1
NÃO PARÇA,MG - DOMINALOG,RS,Soledade,2026-02-25,2026-02,2026,1
NÃO PARÇA,MG - DOMINALOG,RS,Soledade,2026-03-23,2026-03,2026,1
NÃO PARÇA,MG - DOMINALOG,RS,Soledade,2026-04-17,2026-04,2026,1
NÃO PARÇA,MG - DOMINALOG,RS,Soledade,2026-07-21,2026-07,2026,1
NÃO PARÇA,MG - DOMINALOG,RS,Tabai,2026-05-25,2026-05,2026,1
NÃO PARÇA,MG - DOMINALOG,RS,Tapejara,2026-04-06,2026-04,2026,1
NÃO PARÇA,MG - DOMINALOG,RS,Tapejara,2026-04-20,2026-04,2026,1
NÃO PARÇA,MG - DOMINALOG,RS,Tapejara,2026-05-04,2026-05,2026,1
NÃO PARÇA,MG - DOMINALOG,RS,Tapejara,2026-05-09,2026-05,2026,1
NÃO PARÇA,MG - DOMINALOG,RS,Tapejara,2026-06-16,2026-06,2026,1
NÃO PARÇA,MG - DOMINALOG,RS,Tapes,2026-07-24,2026-07,2026,1
NÃO PARÇA,MG - DOMINALOG,RS,Taquari,2026-04-27,2026-04,2026,1
NÃO PARÇA,MG - DOMINALOG,RS,Toropi,2026-04-16,2026-04,2026,2
NÃO PARÇA,MG - DOMINALOG,RS,Tres Cachoeiras,2026-03-31,2026-03,2026,1
NÃO PARÇA,MG - DOMINALOG,RS,Tres Cachoeiras,2026-05-21,2026-05,2026,1
NÃO PARÇA,MG - DOMINALOG,RS,Tres Passos,2026-02-13,2026-02,2026,1
NÃO PARÇA,MG - DOMINALOG,RS,Tres Passos,2026-04-07,2026-04,2026,1
NÃO PARÇA,MG - DOMINALOG,RS,Tres de Maio,2026-03-31,2026-03,2026,1
NÃO PARÇA,MG - DOMINALOG,RS,Tres de Maio,2026-06-11,2026-06,2026,1
NÃO PARÇA,MG - DOMINALOG,RS,Trindade do Sul,2026-06-18,2026-06,2026,1
NÃO PARÇA,MG - DOMINALOG,RS,Triunfo,2026-07-24,2026-07,2026,1
NÃO PARÇA,MG - DOMINALOG,RS,Tucunduva,2026-06-24,2026-06,2026,1
NÃO PARÇA,MG - DOMINALOG,RS,Uruguaiana,2026-01-07,2026-01,2026,1
NÃO PARÇA,MG - DOMINALOG,RS,Uruguaiana,2026-03-17,2026-03,2026,1
NÃO PARÇA,MG - DOMINALOG,RS,Uruguaiana,2026-04-10,2026-04,2026,1
NÃO PARÇA,MG - DOMINALOG,RS,Uruguaiana,2026-05-07,2026-05,2026,1
NÃO PARÇA,MG - DOMINALOG,RS,Uruguaiana,2026-05-21,2026-05,2026,1
NÃO PARÇA,MG - DOMINALOG,RS,Uruguaiana,2026-05-22,2026-05,2026,1
NÃO PARÇA,MG - DOMINALOG,RS,Uruguaiana,2026-05-29,2026-05,2026,1
NÃO PARÇA,MG - DOMINALOG,RS,Uruguaiana,2026-07-17,2026-07,2026,3
NÃO PARÇA,MG - DOMINALOG,RS,Vacaria,2026-02-24,2026-02,2026,1
NÃO PARÇA,MG - DOMINALOG,RS,Vacaria,2026-05-22,2026-05,2026,1
NÃO PARÇA,MG - DOMINALOG,RS,Vale Real,2026-07-09,2026-07,2026,1
NÃO PARÇA,MG - DOMINALOG,RS,Venancio Aires,2026-01-21,2026-01,2026,1
NÃO PARÇA,MG - DOMINALOG,RS,Venancio Aires,2026-02-23,2026-02,2026,1
NÃO PARÇA,MG - DOMINALOG,RS,Venancio Aires,2026-05-26,2026-05,2026,1
NÃO PARÇA,MG - DOMINALOG,RS,Vera Cruz,2026-07-07,2026-07,2026,1
NÃO PARÇA,MG - DOMINALOG,SC,Balneario Picarras,2026-04-13,2026-04,2026,1
NÃO PARÇA,MG - DOMINALOG,SC,Blumenau,2026-04-08,2026-04,2026,1
NÃO PARÇA,MG - DOMINALOG,SC,Chapeco,2026-07-15,2026-07,2026,1
NÃO PARÇA,MG - DOMINALOG,SC,Florianopolis,2026-01-13,2026-01,2026,1
NÃO PARÇA,MG - DOMINALOG,SC,Tijucas,2026-04-14,2026-04,2026,1
NÃO PARÇA,MG - DOMINALOG,SC,Tijucas,2026-06-10,2026-06,2026,1
NÃO PARÇA,MG - DOMINALOG,SE,Amparo de Sao Francisco,2026-04-04,2026-04,2026,1
NÃO PARÇA,MG - DOMINALOG,SE,Aquidaba,2026-02-28,2026-02,2026,1
NÃO PARÇA,MG - DOMINALOG,SE,Aracaju,2026-01-05,2026-01,2026,1
NÃO PARÇA,MG - DOMINALOG,SE,Aracaju,2026-01-06,2026-01,2026,2
NÃO PARÇA,MG - DOMINALOG,SE,Aracaju,2026-01-10,2026-01,2026,1
NÃO PARÇA,MG - DOMINALOG,SE,Aracaju,2026-01-13,2026-01,2026,3
NÃO PARÇA,MG - DOMINALOG,SE,Aracaju,2026-01-29,2026-01,2026,1
NÃO PARÇA,MG - DOMINALOG,SE,Aracaju,2026-02-13,2026-02,2026,1
NÃO PARÇA,MG - DOMINALOG,SE,Aracaju,2026-04-13,2026-04,2026,1
NÃO PARÇA,MG - DOMINALOG,SE,Aracaju,2026-04-15,2026-04,2026,1
NÃO PARÇA,MG - DOMINALOG,SE,Aracaju,2026-04-30,2026-04,2026,1
NÃO PARÇA,MG - DOMINALOG,SE,Aracaju,2026-05-07,2026-05,2026,1
NÃO PARÇA,MG - DOMINALOG,SE,Aracaju,2026-05-20,2026-05,2026,1
NÃO PARÇA,MG - DOMINALOG,SE,Barra dos Coqueiros,2026-01-27,2026-01,2026,1
NÃO PARÇA,MG - DOMINALOG,SE,Barra dos Coqueiros,2026-04-25,2026-04,2026,1
NÃO PARÇA,MG - DOMINALOG,SE,Barra dos Coqueiros,2026-05-12,2026-05,2026,1
NÃO PARÇA,MG - DOMINALOG,SE,Barra dos Coqueiros,2026-06-10,2026-06,2026,1
NÃO PARÇA,MG - DOMINALOG,SE,Boquim,2026-01-19,2026-01,2026,1
NÃO PARÇA,MG - DOMINALOG,SE,Boquim,2026-01-21,2026-01,2026,1
NÃO PARÇA,MG - DOMINALOG,SE,Brejo Grande,2026-02-27,2026-02,2026,1
NÃO PARÇA,MG - DOMINALOG,SE,Campo do Brito,2026-05-04,2026-05,2026,1
NÃO PARÇA,MG - DOMINALOG,SE,Canhoba,2026-06-15,2026-06,2026,1
NÃO PARÇA,MG - DOMINALOG,SE,Capela,2026-02-20,2026-02,2026,1
NÃO PARÇA,MG - DOMINALOG,SE,Carira,2026-03-30,2026-03,2026,1
NÃO PARÇA,MG - DOMINALOG,SE,Frei Paulo,2026-03-19,2026-03,2026,1
NÃO PARÇA,MG - DOMINALOG,SE,Itabaiana,2026-01-08,2026-01,2026,1
NÃO PARÇA,MG - DOMINALOG,SE,Itabaianinha,2026-07-09,2026-07,2026,1
NÃO PARÇA,MG - DOMINALOG,SE,Itaporanga DAjuda,2026-01-19,2026-01,2026,1
NÃO PARÇA,MG - DOMINALOG,SE,Itaporanga DAjuda,2026-02-10,2026-02,2026,1
NÃO PARÇA,MG - DOMINALOG,SE,Japoata,2026-03-11,2026-03,2026,1
NÃO PARÇA,MG - DOMINALOG,SE,Lagarto,2026-07-29,2026-07,2026,1
NÃO PARÇA,MG - DOMINALOG,SE,Neopolis,2026-02-12,2026-02,2026,1
NÃO PARÇA,MG - DOMINALOG,SE,Nossa Senhora do Socorro,2026-01-03,2026-01,2026,1
NÃO PARÇA,MG - DOMINALOG,SE,Pacatuba,2026-04-06,2026-04,2026,1
NÃO PARÇA,MG - DOMINALOG,SE,Poco Verde,2026-03-19,2026-03,2026,1
NÃO PARÇA,MG - DOMINALOG,SE,Poco Verde,2026-05-28,2026-05,2026,1
NÃO PARÇA,MG - DOMINALOG,SE,Sao Domingos,2026-05-04,2026-05,2026,1
NÃO PARÇA,MG - DOMINALOG,SE,Tobias Barreto,2026-03-18,2026-03,2026,1
NÃO PARÇA,MG - DOMINALOG,SE,Umbauba,2026-03-12,2026-03,2026,1
NÃO PARÇA,MG - DOMINALOG,SE,Umbauba,2026-06-06,2026-06,2026,1
NÃO PARÇA,MG-FCB,MG,Natercia,2026-05-28,2026-05,2026,1
NÃO PARÇA,NFC,SP,Caraguatatuba,2026-05-04,2026-05,2026,1
NÃO PARÇA,NFC,SP,Sao Jose dos Campos,2026-04-17,2026-04,2026,1
NÃO PARÇA,NFC,SP,Sao Lourenco da Serra,2026-03-12,2026-03,2026,1
NÃO PARÇA,NOGUEIRA,SP,Arealva,2026-03-13,2026-03,2026,1
NÃO PARÇA,RIO - BULKYLOG,RJ,Angra dos Reis,2026-01-06,2026-01,2026,1
NÃO PARÇA,RIO - BULKYLOG,RJ,Angra dos Reis,2026-01-09,2026-01,2026,3
NÃO PARÇA,RIO - BULKYLOG,RJ,Angra dos Reis,2026-01-30,2026-01,2026,1
NÃO PARÇA,RIO - BULKYLOG,RJ,Angra dos Reis,2026-02-02,2026-02,2026,1
NÃO PARÇA,RIO - BULKYLOG,RJ,Angra dos Reis,2026-02-03,2026-02,2026,1
NÃO PARÇA,RIO - BULKYLOG,RJ,Angra dos Reis,2026-02-11,2026-02,2026,1
NÃO PARÇA,RIO - BULKYLOG,RJ,Angra dos Reis,2026-02-13,2026-02,2026,1
NÃO PARÇA,RIO - BULKYLOG,RJ,Angra dos Reis,2026-03-10,2026-03,2026,1
NÃO PARÇA,RIO - BULKYLOG,RJ,Angra dos Reis,2026-03-23,2026-03,2026,1
NÃO PARÇA,RIO - BULKYLOG,RJ,Angra dos Reis,2026-04-30,2026-04,2026,1
NÃO PARÇA,RIO - BULKYLOG,RJ,Angra dos Reis,2026-05-15,2026-05,2026,3
NÃO PARÇA,RIO - BULKYLOG,RJ,Angra dos Reis,2026-05-19,2026-05,2026,5
NÃO PARÇA,RIO - BULKYLOG,RJ,Angra dos Reis,2026-05-22,2026-05,2026,2
NÃO PARÇA,RIO - BULKYLOG,RJ,Angra dos Reis,2026-05-28,2026-05,2026,2
NÃO PARÇA,RIO - BULKYLOG,RJ,Angra dos Reis,2026-06-09,2026-06,2026,1
NÃO PARÇA,RIO - BULKYLOG,RJ,Angra dos Reis,2026-06-17,2026-06,2026,1
NÃO PARÇA,RIO - BULKYLOG,RJ,Angra dos Reis,2026-06-30,2026-06,2026,1
NÃO PARÇA,RIO - BULKYLOG,RJ,Angra dos Reis,2026-07-13,2026-07,2026,1
NÃO PARÇA,RIO - BULKYLOG,RJ,Angra dos Reis,2026-07-14,2026-07,2026,2
NÃO PARÇA,RIO - BULKYLOG,RJ,Angra dos Reis,2026-07-22,2026-07,2026,1
NÃO PARÇA,RIO - BULKYLOG,RJ,Angra dos Reis,2026-07-29,2026-07,2026,1
NÃO PARÇA,RIO - BULKYLOG,RJ,Areal,2026-02-04,2026-02,2026,2
NÃO PARÇA,RIO - BULKYLOG,RJ,Areal,2026-02-23,2026-02,2026,1
NÃO PARÇA,RIO - BULKYLOG,RJ,Areal,2026-06-17,2026-06,2026,1
NÃO PARÇA,RIO - BULKYLOG,RJ,Nova Iguacu,2026-07-20,2026-07,2026,1
NÃO PARÇA,RIO - BULKYLOG,RJ,Paraiba do Sul,2026-01-05,2026-01,2026,1
NÃO PARÇA,RIO - BULKYLOG,RJ,Paraiba do Sul,2026-01-06,2026-01,2026,1
NÃO PARÇA,RIO - BULKYLOG,RJ,Paraiba do Sul,2026-06-17,2026-06,2026,2
NÃO PARÇA,RIO - BULKYLOG,RJ,Paraiba do Sul,2026-07-16,2026-07,2026,1
NÃO PARÇA,RIO - BULKYLOG,RJ,Paraiba do Sul,2026-07-20,2026-07,2026,1
NÃO PARÇA,RIO - BULKYLOG,RJ,Paraiba do Sul,2026-07-28,2026-07,2026,1
NÃO PARÇA,RIO - BULKYLOG,RJ,Paraty,2026-01-22,2026-01,2026,1
NÃO PARÇA,RIO - BULKYLOG,RJ,Paraty,2026-01-30,2026-01,2026,1
NÃO PARÇA,RIO - BULKYLOG,RJ,Paraty,2026-02-20,2026-02,2026,1
NÃO PARÇA,RIO - BULKYLOG,RJ,Paraty,2026-03-10,2026-03,2026,3
NÃO PARÇA,RIO - BULKYLOG,RJ,Paraty,2026-06-18,2026-06,2026,1
NÃO PARÇA,RIO - BULKYLOG,RJ,Paraty,2026-07-22,2026-07,2026,1
NÃO PARÇA,RIO - BULKYLOG,RJ,Rio das Ostras,2026-07-16,2026-07,2026,1
NÃO PARÇA,RIO - BULKYLOG,RJ,Rio de Janeiro,2026-01-26,2026-01,2026,1
NÃO PARÇA,RIO - BULKYLOG,RJ,Rio de Janeiro,2026-05-20,2026-05,2026,2
NÃO PARÇA,RIO - BULKYLOG,RJ,Rio de Janeiro,2026-07-16,2026-07,2026,1
NÃO PARÇA,RIO - BULKYLOG,RJ,Sao Jose do Vale do Rio Preto,2026-06-17,2026-06,2026,1
NÃO PARÇA,RIO - BULKYLOG,RJ,Tres Rios,2026-02-03,2026-02,2026,1
NÃO PARÇA,RIO - BULKYLOG,RJ,Tres Rios,2026-02-25,2026-02,2026,1
NÃO PARÇA,RIO - BULKYLOG,RJ,Tres Rios,2026-04-09,2026-04,2026,1
NÃO PARÇA,RIO - BULKYLOG,RJ,Tres Rios,2026-05-15,2026-05,2026,3
NÃO PARÇA,RIO - BULKYLOG,RJ,Tres Rios,2026-06-11,2026-06,2026,1
NÃO PARÇA,RIO - BULKYLOG,RJ,Tres Rios,2026-06-17,2026-06,2026,1
NÃO PARÇA,RS - DOMINALOG,PR,Colorado,2026-01-07,2026-01,2026,1
NÃO PARÇA,SALVADOR-BULKY,BA,Camacari,2026-06-29,2026-06,2026,1
NÃO PARÇA,SALVADOR-BULKY,BA,Catu,2026-07-10,2026-07,2026,1
NÃO PARÇA,SALVADOR-BULKY,BA,Salvador,2026-02-03,2026-02,2026,1
NÃO PARÇA,SALVADOR-BULKY,BA,Salvador,2026-04-08,2026-04,2026,1
NÃO PARÇA,SALVADOR-BULKY,BA,Salvador,2026-07-28,2026-07,2026,1
NÃO PARÇA,SALVADOR-BULKY,PE,Santa Cruz do Capibaribe,2026-06-15,2026-06,2026,1
NÃO PARÇA,SIGA,SP,Marilia,2026-02-23,2026-02,2026,1
NÃO PARÇA,SIGA RIBEIRAO,SP,Sao Joaquim da Barra,2026-05-19,2026-05,2026,1
NÃO PARÇA,SJRP - BULKYLOG,RS,Pelotas,2026-07-02,2026-07,2026,1
NÃO PARÇA,TOTAL EXPRESS,DF,Brasilia,2026-04-22,2026-04,2026,1
NÃO PARÇA,TOTAL EXPRESS,RJ,Saquarema,2026-04-27,2026-04,2026,1
NÃO PARÇA,TOTAL EXPRESS,SC,Bombinhas,2026-04-28,2026-04,2026,1
NÃO PARÇA,TOTAL EXPRESS,SP,Sao Paulo,2026-04-20,2026-04,2026,1
NÃO PARÇA,VENKON - MONTE,BA,Itacare,2026-03-23,2026-03,2026,1
NÃO PARÇA,VENKON - NE,BA,Vitoria da Conquista,2026-06-09,2026-06,2026,1
NÃO PARÇA,VENKON - NE,MA,Barreirinhas,2026-03-16,2026-03,2026,1
NÃO PARÇA,VENKON - NE,MA,Sao Joao do Caru,2026-04-01,2026-04,2026,1
NÃO PARÇA,VIANA - BULKY,BA,Cruz das Almas,2026-04-20,2026-04,2026,1
NÃO PARÇA,VIANA - BULKY,ES,Cariacica,2026-01-20,2026-01,2026,1
NÃO PARÇA,VIANA - BULKY,ES,Cariacica,2026-01-23,2026-01,2026,1
NÃO PARÇA,VIANA - BULKY,ES,Cariacica,2026-01-26,2026-01,2026,1
NÃO PARÇA,VIANA - BULKY,ES,Cariacica,2026-02-09,2026-02,2026,2
NÃO PARÇA,VIANA - BULKY,ES,Guarapari,2026-06-16,2026-06,2026,1
NÃO PARÇA,VIANA - BULKY,ES,Santa Maria de Jetiba,2026-07-14,2026-07,2026,1
NÃO PARÇA,VIANA - BULKY,ES,Serra,2026-01-07,2026-01,2026,1
NÃO PARÇA,VIANA - BULKY,ES,Serra,2026-01-12,2026-01,2026,1
NÃO PARÇA,VIANA - BULKY,ES,Serra,2026-01-20,2026-01,2026,2
NÃO PARÇA,VIANA - BULKY,ES,Serra,2026-01-23,2026-01,2026,2
NÃO PARÇA,VIANA - BULKY,ES,Serra,2026-01-26,2026-01,2026,1
NÃO PARÇA,VIANA - BULKY,ES,Serra,2026-01-27,2026-01,2026,1
NÃO PARÇA,VIANA - BULKY,ES,Serra,2026-02-09,2026-02,2026,7
NÃO PARÇA,VIANA - BULKY,ES,Serra,2026-02-19,2026-02,2026,1
NÃO PARÇA,VIANA - BULKY,ES,Viana,2026-02-09,2026-02,2026,1
NÃO PARÇA,VIANA - BULKY,ES,Viana,2026-04-17,2026-04,2026,1
NÃO PARÇA,VIANA - BULKY,ES,Vitoria,2026-01-07,2026-01,2026,1
NÃO PARÇA,VIANA - BULKY,ES,Vitoria,2026-01-23,2026-01,2026,6
NÃO PARÇA,VIANA - BULKY,ES,Vitoria,2026-02-05,2026-02,2026,1
NÃO PARÇA,VIANA - BULKY,ES,Vitoria,2026-02-09,2026-02,2026,3
NÃO PARÇA,VIANA - BULKY,ES,Vitoria,2026-06-10,2026-06,2026,1
NÃO PARÇA,VIANA - BULKY,MA,Sao Luis,2026-04-20,2026-04,2026,1
NÃO PARÇA,VIANA - BULKY,PR,Piraquara,2026-07-27,2026-07,2026,1
NÃO PARÇA,VIANA - BULKY,RJ,Arraial do Cabo,2026-05-19,2026-05,2026,1
NÃO PARÇA,VIANA - BULKY,RJ,Barra Mansa,2026-06-08,2026-06,2026,1
NÃO PARÇA,VIANA - BULKY,RJ,Campos dos Goytacazes,2026-07-06,2026-07,2026,1
NÃO PARÇA,VIANA - BULKY,RJ,Duque de Caxias,2026-05-04,2026-05,2026,1
NÃO PARÇA,VIANA - BULKY,RJ,Petropolis,2026-07-06,2026-07,2026,1
NÃO PARÇA,VIANA - BULKY,RJ,Rio de Janeiro,2026-03-16,2026-03,2026,2
NÃO PARÇA,VIANA - BULKY,RJ,Rio de Janeiro,2026-04-22,2026-04,2026,1
NÃO PARÇA,VIANA - BULKY,RJ,Rio de Janeiro,2026-06-15,2026-06,2026,1
NÃO PARÇA,VIANA - BULKY,RJ,Rio de Janeiro,2026-06-25,2026-06,2026,1
NÃO PARÇA,VIANA - BULKY,RJ,Rio de Janeiro,2026-06-26,2026-06,2026,1
NÃO PARÇA,VIANA - BULKY,RJ,Sao Goncalo,2026-03-20,2026-03,2026,1
NÃO PARÇA,VIANA - BULKY,RN,Natal,2026-07-06,2026-07,2026,1
NÃO PARÇA,VIANA - BULKY,RS,Palmares do Sul,2026-07-27,2026-07,2026,1
NÃO PARÇA,VIANA - BULKY,SP,Cruzeiro,2026-06-29,2026-06,2026,1
NÃO PARÇA,VIANA - BULKY,SP,Espirito Santo do Pinhal,2026-07-22,2026-07,2026,1
NÃO PARÇA,VIANA - BULKY,SP,Jeriquara,2026-07-27,2026-07,2026,1
NÃO PARÇA,VIANA - BULKY,SP,Peruibe,2026-06-29,2026-06,2026,1
NÃO PARÇA,VIANA - BULKY,SP,Sao Paulo,2026-04-20,2026-04,2026,1
NÃO PARÇA,VIANA - BULKY,SP,Sao Paulo,2026-04-27,2026-04,2026,1
NÃO PARÇA,ZUCCO TRANSPORT,MG,Ipatinga,2026-04-14,2026-04,2026,1
NÃO PARÇA,ZUCCO TRANSPORT,MG,Patos de Minas,2026-06-09,2026-06,2026,1
PARÇA,51.202.932 FRAN,SC,Florianopolis,2026-06-23,2026-06,2026,1
PARÇA,51.202.932 FRAN,SC,Florianopolis,2026-06-24,2026-06,2026,3
PARÇA,51.202.932 FRAN,SC,Florianopolis,2026-06-25,2026-06,2026,2
PARÇA,51.202.932 FRAN,SC,Florianopolis,2026-06-26,2026-06,2026,1
PARÇA,51.202.932 FRAN,SC,Florianopolis,2026-06-30,2026-06,2026,2
PARÇA,51.202.932 FRAN,SC,Florianopolis,2026-07-01,2026-07,2026,2
PARÇA,51.202.932 FRAN,SC,Florianopolis,2026-07-04,2026-07,2026,1
PARÇA,51.202.932 FRAN,SC,Florianopolis,2026-07-06,2026-07,2026,4
PARÇA,51.202.932 FRAN,SC,Florianopolis,2026-07-09,2026-07,2026,3
PARÇA,51.202.932 FRAN,SC,Florianopolis,2026-07-10,2026-07,2026,1
PARÇA,51.202.932 FRAN,SC,Florianopolis,2026-07-16,2026-07,2026,2
PARÇA,51.202.932 FRAN,SC,Florianopolis,2026-07-17,2026-07,2026,1
PARÇA,51.202.932 FRAN,SC,Florianopolis,2026-07-21,2026-07,2026,2
PARÇA,51.202.932 FRAN,SC,Florianopolis,2026-07-24,2026-07,2026,2
PARÇA,51.202.932 FRAN,SC,Florianopolis,2026-07-29,2026-07,2026,1
PARÇA,51.202.932 FRAN,SC,Palhoca,2026-06-26,2026-06,2026,1
PARÇA,51.202.932 FRAN,SC,Palhoca,2026-06-29,2026-06,2026,1
PARÇA,51.202.932 FRAN,SC,Palhoca,2026-07-20,2026-07,2026,1
PARÇA,51.202.932 FRAN,SC,Sao Jose,2026-06-25,2026-06,2026,1
PARÇA,51.202.932 FRAN,SC,Sao Jose,2026-06-26,2026-06,2026,1
PARÇA,51.202.932 FRAN,SC,Sao Jose,2026-07-14,2026-07,2026,3
PARÇA,51.202.932 FRAN,SC,Sao Jose,2026-07-16,2026-07,2026,1
PARÇA,51.202.932 FRAN,SC,Sao Jose,2026-07-24,2026-07,2026,1
PARÇA,AGMX OPORTUNIDA,DF,Brasilia,2026-01-07,2026-01,2026,2
PARÇA,AGMX OPORTUNIDA,DF,Brasilia,2026-01-08,2026-01,2026,17
PARÇA,AGMX OPORTUNIDA,DF,Brasilia,2026-01-15,2026-01,2026,2
PARÇA,AGMX OPORTUNIDA,DF,Brasilia,2026-01-21,2026-01,2026,8
PARÇA,AGMX OPORTUNIDA,DF,Brasilia,2026-01-22,2026-01,2026,15
PARÇA,AGMX OPORTUNIDA,DF,Brasilia,2026-01-29,2026-01,2026,13
PARÇA,AGMX OPORTUNIDA,DF,Brasilia,2026-01-30,2026-01,2026,8
PARÇA,AGMX OPORTUNIDA,DF,Brasilia,2026-01-31,2026-01,2026,7
PARÇA,AGMX OPORTUNIDA,DF,Brasilia,2026-02-06,2026-02,2026,8
PARÇA,AGMX OPORTUNIDA,DF,Brasilia,2026-02-11,2026-02,2026,1
PARÇA,AGMX OPORTUNIDA,DF,Brasilia,2026-02-12,2026-02,2026,6
PARÇA,AGMX OPORTUNIDA,DF,Brasilia,2026-02-26,2026-02,2026,1
PARÇA,AGMX OPORTUNIDA,DF,Brasilia,2026-02-27,2026-02,2026,12
PARÇA,AGMX OPORTUNIDA,DF,Brasilia,2026-03-06,2026-03,2026,2
PARÇA,AGMX OPORTUNIDA,DF,Brasilia,2026-03-09,2026-03,2026,3
PARÇA,AGMX OPORTUNIDA,DF,Brasilia,2026-03-10,2026-03,2026,1
PARÇA,AGMX OPORTUNIDA,DF,Brasilia,2026-03-11,2026-03,2026,3
PARÇA,AGMX OPORTUNIDA,DF,Brasilia,2026-03-17,2026-03,2026,2
PARÇA,AGMX OPORTUNIDA,DF,Brasilia,2026-03-18,2026-03,2026,12
PARÇA,AGMX OPORTUNIDA,DF,Brasilia,2026-03-23,2026-03,2026,11
PARÇA,AGMX OPORTUNIDA,DF,Brasilia,2026-03-31,2026-03,2026,10
PARÇA,AGMX OPORTUNIDA,DF,Brasilia,2026-04-01,2026-04,2026,2
PARÇA,AGMX OPORTUNIDA,DF,Brasilia,2026-04-08,2026-04,2026,7
PARÇA,AGMX OPORTUNIDA,DF,Brasilia,2026-04-09,2026-04,2026,1
PARÇA,AGMX OPORTUNIDA,DF,Brasilia,2026-04-13,2026-04,2026,1
PARÇA,AGMX OPORTUNIDA,DF,Brasilia,2026-04-14,2026-04,2026,7
PARÇA,AGMX OPORTUNIDA,DF,Brasilia,2026-04-24,2026-04,2026,7
PARÇA,AGMX OPORTUNIDA,DF,Brasilia,2026-04-28,2026-04,2026,6
PARÇA,AGMX OPORTUNIDA,DF,Brasilia,2026-04-29,2026-04,2026,5
PARÇA,AGMX OPORTUNIDA,DF,Brasilia,2026-05-12,2026-05,2026,7
PARÇA,AGMX OPORTUNIDA,DF,Brasilia,2026-05-15,2026-05,2026,11
PARÇA,AGMX OPORTUNIDA,DF,Brasilia,2026-05-16,2026-05,2026,1
PARÇA,AGMX OPORTUNIDA,DF,Brasilia,2026-05-27,2026-05,2026,12
PARÇA,AGMX OPORTUNIDA,DF,Brasilia,2026-06-02,2026-06,2026,12
PARÇA,AGMX OPORTUNIDA,DF,Brasilia,2026-06-08,2026-06,2026,1
PARÇA,AGMX OPORTUNIDA,DF,Brasilia,2026-06-09,2026-06,2026,7
PARÇA,AGMX OPORTUNIDA,DF,Brasilia,2026-06-10,2026-06,2026,1
PARÇA,AGMX OPORTUNIDA,DF,Brasilia,2026-06-18,2026-06,2026,12
PARÇA,AGMX OPORTUNIDA,DF,Brasilia,2026-06-19,2026-06,2026,4
PARÇA,AGMX OPORTUNIDA,DF,Brasilia,2026-06-26,2026-06,2026,1
PARÇA,AGMX OPORTUNIDA,DF,Brasilia,2026-06-30,2026-06,2026,16
PARÇA,AGMX OPORTUNIDA,DF,Brasilia,2026-07-01,2026-07,2026,2
PARÇA,AGMX OPORTUNIDA,DF,Brasilia,2026-07-14,2026-07,2026,14
PARÇA,AGMX OPORTUNIDA,DF,Brasilia,2026-07-20,2026-07,2026,2
PARÇA,AGMX OPORTUNIDA,DF,Brasilia,2026-07-27,2026-07,2026,1
PARÇA,AGMX OPORTUNIDA,DF,Brasilia,2026-07-28,2026-07,2026,3
PARÇA,AGMX OPORTUNIDA,DF,Brasilia,2026-07-29,2026-07,2026,8
PARÇA,AGMX OPORTUNIDA,GO,Alexania,2026-03-06,2026-03,2026,1
PARÇA,AGMX OPORTUNIDA,GO,Alexania,2026-03-18,2026-03,2026,1
PARÇA,AGMX OPORTUNIDA,GO,Anapolis,2026-01-13,2026-01,2026,1
PARÇA,AGMX OPORTUNIDA,GO,Anapolis,2026-02-27,2026-02,2026,1
PARÇA,AGMX OPORTUNIDA,GO,Anapolis,2026-03-11,2026-03,2026,2
PARÇA,AGMX OPORTUNIDA,GO,Anapolis,2026-03-18,2026-03,2026,1
PARÇA,AGMX OPORTUNIDA,GO,Anapolis,2026-03-23,2026-03,2026,1
PARÇA,AGMX OPORTUNIDA,GO,Anapolis,2026-05-11,2026-05,2026,1
PARÇA,AGMX OPORTUNIDA,GO,Anapolis,2026-05-16,2026-05,2026,2
PARÇA,AGMX OPORTUNIDA,GO,Anapolis,2026-05-18,2026-05,2026,1
PARÇA,AGMX OPORTUNIDA,GO,Anapolis,2026-06-02,2026-06,2026,1
PARÇA,AGMX OPORTUNIDA,GO,Anapolis,2026-06-03,2026-06,2026,1
PARÇA,AGMX OPORTUNIDA,GO,Anapolis,2026-07-01,2026-07,2026,1
PARÇA,AGMX OPORTUNIDA,GO,Anapolis,2026-07-15,2026-07,2026,1
PARÇA,AGMX OPORTUNIDA,GO,Aparecida de Goiania,2026-01-13,2026-01,2026,2
PARÇA,AGMX OPORTUNIDA,GO,Aparecida de Goiania,2026-01-27,2026-01,2026,1
PARÇA,AGMX OPORTUNIDA,GO,Aparecida de Goiania,2026-02-06,2026-02,2026,2
PARÇA,AGMX OPORTUNIDA,GO,Aparecida de Goiania,2026-03-18,2026-03,2026,1
PARÇA,AGMX OPORTUNIDA,GO,Aparecida de Goiania,2026-04-14,2026-04,2026,1
PARÇA,AGMX OPORTUNIDA,GO,Aparecida de Goiania,2026-05-11,2026-05,2026,1
PARÇA,AGMX OPORTUNIDA,GO,Aparecida de Goiania,2026-05-18,2026-05,2026,4
PARÇA,AGMX OPORTUNIDA,GO,Aparecida de Goiania,2026-05-19,2026-05,2026,1
PARÇA,AGMX OPORTUNIDA,GO,Aparecida de Goiania,2026-06-03,2026-06,2026,1
PARÇA,AGMX OPORTUNIDA,GO,Aparecida de Goiania,2026-07-01,2026-07,2026,1
PARÇA,AGMX OPORTUNIDA,GO,Aparecida de Goiania,2026-07-07,2026-07,2026,1
PARÇA,AGMX OPORTUNIDA,GO,Catalao,2026-02-12,2026-02,2026,1
PARÇA,AGMX OPORTUNIDA,GO,Catalao,2026-05-27,2026-05,2026,1
PARÇA,AGMX OPORTUNIDA,GO,Catalao,2026-05-28,2026-05,2026,1
PARÇA,AGMX OPORTUNIDA,GO,Catalao,2026-06-30,2026-06,2026,1
PARÇA,AGMX OPORTUNIDA,GO,Cidade Ocidental,2026-01-21,2026-01,2026,1
PARÇA,AGMX OPORTUNIDA,GO,Cidade Ocidental,2026-01-23,2026-01,2026,1
PARÇA,AGMX OPORTUNIDA,GO,Cidade Ocidental,2026-02-27,2026-02,2026,1
PARÇA,AGMX OPORTUNIDA,GO,Cidade Ocidental,2026-03-17,2026-03,2026,1
PARÇA,AGMX OPORTUNIDA,GO,Cidade Ocidental,2026-03-18,2026-03,2026,1
PARÇA,AGMX OPORTUNIDA,GO,Goiania,2026-01-07,2026-01,2026,1
PARÇA,AGMX OPORTUNIDA,GO,Goiania,2026-01-13,2026-01,2026,13
PARÇA,AGMX OPORTUNIDA,GO,Goiania,2026-01-27,2026-01,2026,9
PARÇA,AGMX OPORTUNIDA,GO,Goiania,2026-01-28,2026-01,2026,1
PARÇA,AGMX OPORTUNIDA,GO,Goiania,2026-02-06,2026-02,2026,4
PARÇA,AGMX OPORTUNIDA,GO,Goiania,2026-02-12,2026-02,2026,1
PARÇA,AGMX OPORTUNIDA,GO,Goiania,2026-02-27,2026-02,2026,3
PARÇA,AGMX OPORTUNIDA,GO,Goiania,2026-03-04,2026-03,2026,2
PARÇA,AGMX OPORTUNIDA,GO,Goiania,2026-03-06,2026-03,2026,2
PARÇA,AGMX OPORTUNIDA,GO,Goiania,2026-03-11,2026-03,2026,4
PARÇA,AGMX OPORTUNIDA,GO,Goiania,2026-03-18,2026-03,2026,3
PARÇA,AGMX OPORTUNIDA,GO,Goiania,2026-03-24,2026-03,2026,2
PARÇA,AGMX OPORTUNIDA,GO,Goiania,2026-04-07,2026-04,2026,8
PARÇA,AGMX OPORTUNIDA,GO,Goiania,2026-04-14,2026-04,2026,3
PARÇA,AGMX OPORTUNIDA,GO,Goiania,2026-04-24,2026-04,2026,3
PARÇA,AGMX OPORTUNIDA,GO,Goiania,2026-04-27,2026-04,2026,1
PARÇA,AGMX OPORTUNIDA,GO,Goiania,2026-05-11,2026-05,2026,3
PARÇA,AGMX OPORTUNIDA,GO,Goiania,2026-05-16,2026-05,2026,1
PARÇA,AGMX OPORTUNIDA,GO,Goiania,2026-05-18,2026-05,2026,2
PARÇA,AGMX OPORTUNIDA,GO,Goiania,2026-05-26,2026-05,2026,3
PARÇA,AGMX OPORTUNIDA,GO,Goiania,2026-05-27,2026-05,2026,1
PARÇA,AGMX OPORTUNIDA,GO,Goiania,2026-06-03,2026-06,2026,3
PARÇA,AGMX OPORTUNIDA,GO,Goiania,2026-06-05,2026-06,2026,1
PARÇA,AGMX OPORTUNIDA,GO,Goiania,2026-06-19,2026-06,2026,2
PARÇA,AGMX OPORTUNIDA,GO,Goiania,2026-07-01,2026-07,2026,4
PARÇA,AGMX OPORTUNIDA,GO,Goiania,2026-07-15,2026-07,2026,4
PARÇA,AGMX OPORTUNIDA,GO,Goiania,2026-07-20,2026-07,2026,1
PARÇA,AGMX OPORTUNIDA,GO,Goiania,2026-07-24,2026-07,2026,1
PARÇA,AGMX OPORTUNIDA,GO,Goiania,2026-07-27,2026-07,2026,1
PARÇA,AGMX OPORTUNIDA,GO,Goiania,2026-07-29,2026-07,2026,3
PARÇA,AGMX OPORTUNIDA,GO,Luziania,2026-02-12,2026-02,2026,1
PARÇA,AGMX OPORTUNIDA,GO,Luziania,2026-03-11,2026-03,2026,1
PARÇA,AGMX OPORTUNIDA,GO,Luziania,2026-04-08,2026-04,2026,1
PARÇA,AGMX OPORTUNIDA,GO,Rio Verde,2026-01-13,2026-01,2026,1
PARÇA,AGMX OPORTUNIDA,GO,Rio Verde,2026-03-11,2026-03,2026,1
PARÇA,AGMX OPORTUNIDA,GO,Rio Verde,2026-04-07,2026-04,2026,1
PARÇA,AGMX OPORTUNIDA,GO,Rio Verde,2026-04-14,2026-04,2026,1
PARÇA,AGMX OPORTUNIDA,GO,Rio Verde,2026-05-11,2026-05,2026,1
PARÇA,AGMX OPORTUNIDA,GO,Rio Verde,2026-05-18,2026-05,2026,2
PARÇA,AGMX OPORTUNIDA,GO,Rio Verde,2026-05-27,2026-05,2026,1
PARÇA,AGMX OPORTUNIDA,GO,Rio Verde,2026-06-03,2026-06,2026,1
PARÇA,AGMX OPORTUNIDA,GO,Rio Verde,2026-06-05,2026-06,2026,1
PARÇA,AGMX OPORTUNIDA,GO,Rio Verde,2026-06-19,2026-06,2026,3
PARÇA,AGMX OPORTUNIDA,GO,Rio Verde,2026-07-16,2026-07,2026,1
PARÇA,AGMX OPORTUNIDA,GO,Rio Verde,2026-07-23,2026-07,2026,1
PARÇA,AGMX OPORTUNIDA,GO,Santo Antonio do Descoberto,2026-02-06,2026-02,2026,1
PARÇA,AGMX OPORTUNIDA,GO,Valparaiso de Goias,2026-01-29,2026-01,2026,1
PARÇA,AGMX OPORTUNIDA,GO,Valparaiso de Goias,2026-02-27,2026-02,2026,1
PARÇA,AGMX OPORTUNIDA,GO,Valparaiso de Goias,2026-05-15,2026-05,2026,1
PARÇA,AGMX OPORTUNIDA,GO,Valparaiso de Goias,2026-06-09,2026-06,2026,1
PARÇA,AGMX OPORTUNIDA,GO,Valparaiso de Goias,2026-07-14,2026-07,2026,1
PARÇA,AGMX OPORTUNIDA,GO,Valparaiso de Goias,2026-07-29,2026-07,2026,1
PARÇA,AGMX OPORTUNIDA,GO,aguas Lindas de Goias,2026-01-22,2026-01,2026,1
PARÇA,AGMX OPORTUNIDA,GO,aguas Lindas de Goias,2026-01-31,2026-01,2026,1
PARÇA,AGMX OPORTUNIDA,GO,aguas Lindas de Goias,2026-03-23,2026-03,2026,2
PARÇA,AGMX OPORTUNIDA,MG,Abadia dos Dourados,2026-05-28,2026-05,2026,1
PARÇA,AGMX OPORTUNIDA,MG,Araguari,2026-01-16,2026-01,2026,1
PARÇA,AGMX OPORTUNIDA,MG,Araguari,2026-05-23,2026-05,2026,3
PARÇA,AGMX OPORTUNIDA,MG,Araguari,2026-06-05,2026-06,2026,1
PARÇA,AGMX OPORTUNIDA,MG,Araguari,2026-06-22,2026-06,2026,1
PARÇA,AGMX OPORTUNIDA,MG,Araxa,2026-02-17,2026-02,2026,1
PARÇA,AGMX OPORTUNIDA,MG,Araxa,2026-03-14,2026-03,2026,1
PARÇA,AGMX OPORTUNIDA,MG,Araxa,2026-05-02,2026-05,2026,1
PARÇA,AGMX OPORTUNIDA,MG,Campos Altos,2026-06-17,2026-06,2026,1
PARÇA,AGMX OPORTUNIDA,MG,Conceicao das Alagoas,2026-05-05,2026-05,2026,1
PARÇA,AGMX OPORTUNIDA,MG,Frutal,2026-03-14,2026-03,2026,1
PARÇA,AGMX OPORTUNIDA,MG,Ibia,2026-03-14,2026-03,2026,1
PARÇA,AGMX OPORTUNIDA,MG,Ibia,2026-07-27,2026-07,2026,1
PARÇA,AGMX OPORTUNIDA,MG,Itapagipe,2026-01-24,2026-01,2026,1
PARÇA,AGMX OPORTUNIDA,MG,Ituiutaba,2026-01-09,2026-01,2026,1
PARÇA,AGMX OPORTUNIDA,MG,Ituiutaba,2026-01-23,2026-01,2026,1
PARÇA,AGMX OPORTUNIDA,MG,Ituiutaba,2026-05-05,2026-05,2026,1
PARÇA,AGMX OPORTUNIDA,MG,Ituiutaba,2026-05-22,2026-05,2026,1
PARÇA,AGMX OPORTUNIDA,MG,Lagoa Formosa,2026-05-23,2026-05,2026,1
PARÇA,AGMX OPORTUNIDA,MG,Lagoa Formosa,2026-06-27,2026-06,2026,1
PARÇA,AGMX OPORTUNIDA,MG,Monte Carmelo,2026-01-05,2026-01,2026,1
PARÇA,AGMX OPORTUNIDA,MG,Monte Carmelo,2026-01-10,2026-01,2026,1
PARÇA,AGMX OPORTUNIDA,MG,Monte Carmelo,2026-03-04,2026-03,2026,1
PARÇA,AGMX OPORTUNIDA,MG,Monte Carmelo,2026-03-31,2026-03,2026,1
PARÇA,AGMX OPORTUNIDA,MG,Montes Claros,2026-01-05,2026-01,2026,1
PARÇA,AGMX OPORTUNIDA,MG,Montes Claros,2026-01-15,2026-01,2026,1
PARÇA,AGMX OPORTUNIDA,MG,Montes Claros,2026-01-21,2026-01,2026,2
PARÇA,AGMX OPORTUNIDA,MG,Montes Claros,2026-01-30,2026-01,2026,1
PARÇA,AGMX OPORTUNIDA,MG,Montes Claros,2026-02-04,2026-02,2026,2
PARÇA,AGMX OPORTUNIDA,MG,Montes Claros,2026-03-06,2026-03,2026,1
PARÇA,AGMX OPORTUNIDA,MG,Montes Claros,2026-03-13,2026-03,2026,2
PARÇA,AGMX OPORTUNIDA,MG,Montes Claros,2026-03-18,2026-03,2026,1
PARÇA,AGMX OPORTUNIDA,MG,Montes Claros,2026-03-26,2026-03,2026,1
PARÇA,AGMX OPORTUNIDA,MG,Montes Claros,2026-04-27,2026-04,2026,1
PARÇA,AGMX OPORTUNIDA,MG,Montes Claros,2026-05-07,2026-05,2026,1
PARÇA,AGMX OPORTUNIDA,MG,Montes Claros,2026-05-11,2026-05,2026,2
PARÇA,AGMX OPORTUNIDA,MG,Montes Claros,2026-05-27,2026-05,2026,1
PARÇA,AGMX OPORTUNIDA,MG,Montes Claros,2026-06-16,2026-06,2026,1
PARÇA,AGMX OPORTUNIDA,MG,Montes Claros,2026-06-20,2026-06,2026,1
PARÇA,AGMX OPORTUNIDA,MG,Montes Claros,2026-07-01,2026-07,2026,1
PARÇA,AGMX OPORTUNIDA,MG,Montes Claros,2026-07-14,2026-07,2026,2
PARÇA,AGMX OPORTUNIDA,MG,Nova Ponte,2026-01-10,2026-01,2026,1
PARÇA,AGMX OPORTUNIDA,MG,Patos de Minas,2026-01-24,2026-01,2026,1
PARÇA,AGMX OPORTUNIDA,MG,Patos de Minas,2026-03-14,2026-03,2026,1
PARÇA,AGMX OPORTUNIDA,MG,Patos de Minas,2026-05-04,2026-05,2026,1
PARÇA,AGMX OPORTUNIDA,MG,Patos de Minas,2026-05-23,2026-05,2026,2
PARÇA,AGMX OPORTUNIDA,MG,Patos de Minas,2026-06-22,2026-06,2026,1
PARÇA,AGMX OPORTUNIDA,MG,Patos de Minas,2026-07-14,2026-07,2026,1
PARÇA,AGMX OPORTUNIDA,MG,Patrocinio,2026-03-07,2026-03,2026,2
PARÇA,AGMX OPORTUNIDA,MG,Patrocinio,2026-07-10,2026-07,2026,1
PARÇA,AGMX OPORTUNIDA,MG,Sao Gotardo,2026-05-02,2026-05,2026,1
PARÇA,AGMX OPORTUNIDA,MG,Sao Gotardo,2026-06-17,2026-06,2026,1
PARÇA,AGMX OPORTUNIDA,MG,Sao Gotardo,2026-07-10,2026-07,2026,1
PARÇA,AGMX OPORTUNIDA,MG,Uberaba,2026-01-24,2026-01,2026,1
PARÇA,AGMX OPORTUNIDA,MG,Uberaba,2026-02-09,2026-02,2026,1
PARÇA,AGMX OPORTUNIDA,MG,Uberaba,2026-03-04,2026-03,2026,1
PARÇA,AGMX OPORTUNIDA,MG,Uberaba,2026-06-05,2026-06,2026,2
PARÇA,AGMX OPORTUNIDA,MG,Uberaba,2026-06-27,2026-06,2026,1
PARÇA,AGMX OPORTUNIDA,MG,Uberaba,2026-07-04,2026-07,2026,2
PARÇA,AGMX OPORTUNIDA,MG,Uberlandia,2026-01-08,2026-01,2026,1
PARÇA,AGMX OPORTUNIDA,MG,Uberlandia,2026-01-12,2026-01,2026,3
PARÇA,AGMX OPORTUNIDA,MG,Uberlandia,2026-01-14,2026-01,2026,2
PARÇA,AGMX OPORTUNIDA,MG,Uberlandia,2026-01-15,2026-01,2026,3
PARÇA,AGMX OPORTUNIDA,MG,Uberlandia,2026-01-21,2026-01,2026,1
PARÇA,AGMX OPORTUNIDA,MG,Uberlandia,2026-01-26,2026-01,2026,3
PARÇA,AGMX OPORTUNIDA,MG,Uberlandia,2026-02-02,2026-02,2026,1
PARÇA,AGMX OPORTUNIDA,MG,Uberlandia,2026-02-06,2026-02,2026,3
PARÇA,AGMX OPORTUNIDA,MG,Uberlandia,2026-02-09,2026-02,2026,1
PARÇA,AGMX OPORTUNIDA,MG,Uberlandia,2026-02-12,2026-02,2026,1
PARÇA,AGMX OPORTUNIDA,MG,Uberlandia,2026-02-19,2026-02,2026,1
PARÇA,AGMX OPORTUNIDA,MG,Uberlandia,2026-02-20,2026-02,2026,1
PARÇA,AGMX OPORTUNIDA,MG,Uberlandia,2026-02-21,2026-02,2026,1
PARÇA,AGMX OPORTUNIDA,MG,Uberlandia,2026-02-23,2026-02,2026,1
PARÇA,AGMX OPORTUNIDA,MG,Uberlandia,2026-02-28,2026-02,2026,1
PARÇA,AGMX OPORTUNIDA,MG,Uberlandia,2026-03-04,2026-03,2026,3
PARÇA,AGMX OPORTUNIDA,MG,Uberlandia,2026-03-06,2026-03,2026,1
PARÇA,AGMX OPORTUNIDA,MG,Uberlandia,2026-03-14,2026-03,2026,3
PARÇA,AGMX OPORTUNIDA,MG,Uberlandia,2026-03-21,2026-03,2026,1
PARÇA,AGMX OPORTUNIDA,MG,Uberlandia,2026-03-31,2026-03,2026,1
PARÇA,AGMX OPORTUNIDA,MG,Uberlandia,2026-04-06,2026-04,2026,2
PARÇA,AGMX OPORTUNIDA,MG,Uberlandia,2026-04-07,2026-04,2026,2
PARÇA,AGMX OPORTUNIDA,MG,Uberlandia,2026-04-14,2026-04,2026,1
PARÇA,AGMX OPORTUNIDA,MG,Uberlandia,2026-04-25,2026-04,2026,1
PARÇA,AGMX OPORTUNIDA,MG,Uberlandia,2026-05-04,2026-05,2026,1
PARÇA,AGMX OPORTUNIDA,MG,Uberlandia,2026-05-08,2026-05,2026,4
PARÇA,AGMX OPORTUNIDA,MG,Uberlandia,2026-05-20,2026-05,2026,1
PARÇA,AGMX OPORTUNIDA,MG,Uberlandia,2026-05-23,2026-05,2026,1
PARÇA,AGMX OPORTUNIDA,MG,Uberlandia,2026-05-25,2026-05,2026,2
PARÇA,AGMX OPORTUNIDA,MG,Uberlandia,2026-05-27,2026-05,2026,1
PARÇA,AGMX OPORTUNIDA,MG,Uberlandia,2026-06-02,2026-06,2026,1
PARÇA,AGMX OPORTUNIDA,MG,Uberlandia,2026-06-03,2026-06,2026,1
PARÇA,AGMX OPORTUNIDA,MG,Uberlandia,2026-06-08,2026-06,2026,1
PARÇA,AGMX OPORTUNIDA,MG,Uberlandia,2026-06-11,2026-06,2026,2
PARÇA,AGMX OPORTUNIDA,MG,Uberlandia,2026-06-20,2026-06,2026,1
PARÇA,AGMX OPORTUNIDA,MG,Uberlandia,2026-06-25,2026-06,2026,1
PARÇA,AGMX OPORTUNIDA,MG,Uberlandia,2026-06-26,2026-06,2026,1
PARÇA,AGMX OPORTUNIDA,MG,Uberlandia,2026-06-30,2026-06,2026,1
PARÇA,AGMX OPORTUNIDA,MG,Uberlandia,2026-07-20,2026-07,2026,1
PARÇA,AGMX OPORTUNIDA,MG,Uberlandia,2026-07-27,2026-07,2026,1
PARÇA,AGMX OPORTUNIDA,SC,Brusque,2026-03-27,2026-03,2026,1
PARÇA,E S L KOSLYK CO,PR,Apucarana,2026-02-06,2026-02,2026,1
PARÇA,E S L KOSLYK CO,PR,Apucarana,2026-03-24,2026-03,2026,1
PARÇA,E S L KOSLYK CO,PR,Apucarana,2026-04-07,2026-04,2026,2
PARÇA,E S L KOSLYK CO,PR,Apucarana,2026-05-12,2026-05,2026,1
PARÇA,E S L KOSLYK CO,PR,Apucarana,2026-06-26,2026-06,2026,1
PARÇA,E S L KOSLYK CO,PR,Apucarana,2026-06-30,2026-06,2026,2
PARÇA,E S L KOSLYK CO,PR,Apucarana,2026-07-16,2026-07,2026,1
PARÇA,E S L KOSLYK CO,PR,Assai,2026-05-18,2026-05,2026,1
PARÇA,E S L KOSLYK CO,PR,Assis Chateaubriand,2026-03-12,2026-03,2026,1
PARÇA,E S L KOSLYK CO,PR,Assis Chateaubriand,2026-06-18,2026-06,2026,1
PARÇA,E S L KOSLYK CO,PR,Assis Chateaubriand,2026-07-02,2026-07,2026,1
PARÇA,E S L KOSLYK CO,PR,Astorga,2026-06-08,2026-06,2026,1
PARÇA,E S L KOSLYK CO,PR,Barbosa Ferraz,2026-05-21,2026-05,2026,1
PARÇA,E S L KOSLYK CO,PR,Bela Vista do Paraiso,2026-04-07,2026-04,2026,1
PARÇA,E S L KOSLYK CO,PR,Bela Vista do Paraiso,2026-05-25,2026-05,2026,1
PARÇA,E S L KOSLYK CO,PR,Borrazopolis,2026-02-27,2026-02,2026,1
PARÇA,E S L KOSLYK CO,PR,Borrazopolis,2026-03-02,2026-03,2026,1
PARÇA,E S L KOSLYK CO,PR,Cambe,2026-01-05,2026-01,2026,1
PARÇA,E S L KOSLYK CO,PR,Cambe,2026-02-06,2026-02,2026,1
PARÇA,E S L KOSLYK CO,PR,Cambe,2026-03-09,2026-03,2026,1
PARÇA,E S L KOSLYK CO,PR,Cambe,2026-03-17,2026-03,2026,1
PARÇA,E S L KOSLYK CO,PR,Cambe,2026-03-31,2026-03,2026,2
PARÇA,E S L KOSLYK CO,PR,Cambe,2026-06-16,2026-06,2026,1
PARÇA,E S L KOSLYK CO,PR,Cambira,2026-04-07,2026-04,2026,1
PARÇA,E S L KOSLYK CO,PR,Campo Mourao,2026-01-07,2026-01,2026,1
PARÇA,E S L KOSLYK CO,PR,Campo Mourao,2026-02-10,2026-02,2026,1
PARÇA,E S L KOSLYK CO,PR,Campo Mourao,2026-03-04,2026-03,2026,1
PARÇA,E S L KOSLYK CO,PR,Campo Mourao,2026-03-12,2026-03,2026,2
PARÇA,E S L KOSLYK CO,PR,Campo Mourao,2026-03-13,2026-03,2026,1
PARÇA,E S L KOSLYK CO,PR,Campo Mourao,2026-04-13,2026-04,2026,1
PARÇA,E S L KOSLYK CO,PR,Campo Mourao,2026-04-14,2026-04,2026,3
PARÇA,E S L KOSLYK CO,PR,Campo Mourao,2026-05-06,2026-05,2026,1
PARÇA,E S L KOSLYK CO,PR,Campo Mourao,2026-06-12,2026-06,2026,1
PARÇA,E S L KOSLYK CO,PR,Campo Mourao,2026-07-08,2026-07,2026,1
PARÇA,E S L KOSLYK CO,PR,Campo Mourao,2026-07-22,2026-07,2026,2
PARÇA,E S L KOSLYK CO,PR,Carambei,2026-02-12,2026-02,2026,1
PARÇA,E S L KOSLYK CO,PR,Carambei,2026-04-29,2026-04,2026,1
PARÇA,E S L KOSLYK CO,PR,Carambei,2026-05-26,2026-05,2026,1
PARÇA,E S L KOSLYK CO,PR,Carambei,2026-06-12,2026-06,2026,1
PARÇA,E S L KOSLYK CO,PR,Carambei,2026-07-02,2026-07,2026,1
PARÇA,E S L KOSLYK CO,PR,Cascavel,2026-01-05,2026-01,2026,1
PARÇA,E S L KOSLYK CO,PR,Cascavel,2026-01-07,2026-01,2026,1
PARÇA,E S L KOSLYK CO,PR,Cascavel,2026-01-19,2026-01,2026,1
PARÇA,E S L KOSLYK CO,PR,Cascavel,2026-01-21,2026-01,2026,1
PARÇA,E S L KOSLYK CO,PR,Cascavel,2026-01-26,2026-01,2026,5
PARÇA,E S L KOSLYK CO,PR,Cascavel,2026-02-10,2026-02,2026,3
PARÇA,E S L KOSLYK CO,PR,Cascavel,2026-03-04,2026-03,2026,2
PARÇA,E S L KOSLYK CO,PR,Cascavel,2026-03-06,2026-03,2026,1
PARÇA,E S L KOSLYK CO,PR,Cascavel,2026-03-24,2026-03,2026,1
PARÇA,E S L KOSLYK CO,PR,Cascavel,2026-04-10,2026-04,2026,1
PARÇA,E S L KOSLYK CO,PR,Cascavel,2026-04-14,2026-04,2026,2
PARÇA,E S L KOSLYK CO,PR,Cascavel,2026-05-05,2026-05,2026,1
PARÇA,E S L KOSLYK CO,PR,Cascavel,2026-05-06,2026-05,2026,1
PARÇA,E S L KOSLYK CO,PR,Cascavel,2026-05-07,2026-05,2026,1
PARÇA,E S L KOSLYK CO,PR,Cascavel,2026-05-19,2026-05,2026,1
PARÇA,E S L KOSLYK CO,PR,Cascavel,2026-05-30,2026-05,2026,1
PARÇA,E S L KOSLYK CO,PR,Cascavel,2026-06-04,2026-06,2026,3
PARÇA,E S L KOSLYK CO,PR,Cascavel,2026-06-18,2026-06,2026,1
PARÇA,E S L KOSLYK CO,PR,Cascavel,2026-07-01,2026-07,2026,1
PARÇA,E S L KOSLYK CO,PR,Cascavel,2026-07-08,2026-07,2026,3
PARÇA,E S L KOSLYK CO,PR,Cascavel,2026-07-15,2026-07,2026,1
PARÇA,E S L KOSLYK CO,PR,Cascavel,2026-07-22,2026-07,2026,2
PARÇA,E S L KOSLYK CO,PR,Castro,2026-01-08,2026-01,2026,2
PARÇA,E S L KOSLYK CO,PR,Castro,2026-01-21,2026-01,2026,1
PARÇA,E S L KOSLYK CO,PR,Castro,2026-03-18,2026-03,2026,1
PARÇA,E S L KOSLYK CO,PR,Centenario do Sul,2026-06-08,2026-06,2026,1
PARÇA,E S L KOSLYK CO,PR,Cianorte,2026-02-12,2026-02,2026,1
PARÇA,E S L KOSLYK CO,PR,Cianorte,2026-03-04,2026-03,2026,1
PARÇA,E S L KOSLYK CO,PR,Cianorte,2026-03-25,2026-03,2026,1
PARÇA,E S L KOSLYK CO,PR,Cianorte,2026-04-12,2026-04,2026,1
PARÇA,E S L KOSLYK CO,PR,Cianorte,2026-05-05,2026-05,2026,1
PARÇA,E S L KOSLYK CO,PR,Cianorte,2026-05-06,2026-05,2026,1
PARÇA,E S L KOSLYK CO,PR,Cianorte,2026-05-26,2026-05,2026,1
PARÇA,E S L KOSLYK CO,PR,Cianorte,2026-07-22,2026-07,2026,3
PARÇA,E S L KOSLYK CO,PR,Colorado,2026-02-05,2026-02,2026,1
PARÇA,E S L KOSLYK CO,PR,Congonhinhas,2026-02-12,2026-02,2026,1
PARÇA,E S L KOSLYK CO,PR,Cornelio Procopio,2026-01-02,2026-01,2026,1
PARÇA,E S L KOSLYK CO,PR,Cornelio Procopio,2026-01-05,2026-01,2026,1
PARÇA,E S L KOSLYK CO,PR,Cornelio Procopio,2026-03-04,2026-03,2026,1
PARÇA,E S L KOSLYK CO,PR,Cornelio Procopio,2026-05-21,2026-05,2026,1
PARÇA,E S L KOSLYK CO,PR,Cornelio Procopio,2026-05-24,2026-05,2026,1
PARÇA,E S L KOSLYK CO,PR,Cornelio Procopio,2026-06-24,2026-06,2026,1
PARÇA,E S L KOSLYK CO,PR,Cornelio Procopio,2026-07-22,2026-07,2026,1
PARÇA,E S L KOSLYK CO,PR,Douradina,2026-05-05,2026-05,2026,1
PARÇA,E S L KOSLYK CO,PR,Faxinal,2026-03-20,2026-03,2026,1
PARÇA,E S L KOSLYK CO,PR,Faxinal,2026-04-19,2026-04,2026,1
PARÇA,E S L KOSLYK CO,PR,Foz do Iguacu,2026-01-02,2026-01,2026,1
PARÇA,E S L KOSLYK CO,PR,Foz do Iguacu,2026-01-07,2026-01,2026,3
PARÇA,E S L KOSLYK CO,PR,Foz do Iguacu,2026-01-21,2026-01,2026,2
PARÇA,E S L KOSLYK CO,PR,Foz do Iguacu,2026-01-26,2026-01,2026,1
PARÇA,E S L KOSLYK CO,PR,Foz do Iguacu,2026-02-12,2026-02,2026,1
PARÇA,E S L KOSLYK CO,PR,Foz do Iguacu,2026-03-12,2026-03,2026,1
PARÇA,E S L KOSLYK CO,PR,Foz do Iguacu,2026-03-24,2026-03,2026,2
PARÇA,E S L KOSLYK CO,PR,Foz do Iguacu,2026-03-25,2026-03,2026,3
PARÇA,E S L KOSLYK CO,PR,Foz do Iguacu,2026-04-14,2026-04,2026,2
PARÇA,E S L KOSLYK CO,PR,Foz do Iguacu,2026-05-06,2026-05,2026,1
PARÇA,E S L KOSLYK CO,PR,Foz do Iguacu,2026-05-17,2026-05,2026,1
PARÇA,E S L KOSLYK CO,PR,Foz do Iguacu,2026-05-24,2026-05,2026,1
PARÇA,E S L KOSLYK CO,PR,Foz do Iguacu,2026-06-18,2026-06,2026,1
PARÇA,E S L KOSLYK CO,PR,Foz do Iguacu,2026-07-02,2026-07,2026,1
PARÇA,E S L KOSLYK CO,PR,Foz do Iguacu,2026-07-07,2026-07,2026,1
PARÇA,E S L KOSLYK CO,PR,Foz do Iguacu,2026-07-09,2026-07,2026,1
PARÇA,E S L KOSLYK CO,PR,Francisco Beltrao,2026-04-28,2026-04,2026,1
PARÇA,E S L KOSLYK CO,PR,Francisco Beltrao,2026-07-22,2026-07,2026,1
PARÇA,E S L KOSLYK CO,PR,Goioere,2026-01-26,2026-01,2026,1
PARÇA,E S L KOSLYK CO,PR,Goioere,2026-05-06,2026-05,2026,1
PARÇA,E S L KOSLYK CO,PR,Guaira,2026-02-13,2026-02,2026,1
PARÇA,E S L KOSLYK CO,PR,Guarapuava,2026-02-10,2026-02,2026,1
PARÇA,E S L KOSLYK CO,PR,Guarapuava,2026-03-04,2026-03,2026,1
PARÇA,E S L KOSLYK CO,PR,Guarapuava,2026-03-25,2026-03,2026,1
PARÇA,E S L KOSLYK CO,PR,Guarapuava,2026-03-27,2026-03,2026,1
PARÇA,E S L KOSLYK CO,PR,Guarapuava,2026-04-24,2026-04,2026,1
PARÇA,E S L KOSLYK CO,PR,Guarapuava,2026-05-04,2026-05,2026,1
PARÇA,E S L KOSLYK CO,PR,Guarapuava,2026-05-21,2026-05,2026,1
PARÇA,E S L KOSLYK CO,PR,Guarapuava,2026-07-17,2026-07,2026,1
PARÇA,E S L KOSLYK CO,PR,Guarapuava,2026-07-22,2026-07,2026,1
PARÇA,E S L KOSLYK CO,PR,Irati,2026-02-06,2026-02,2026,1
PARÇA,E S L KOSLYK CO,PR,Irati,2026-05-21,2026-05,2026,1
PARÇA,E S L KOSLYK CO,PR,Ivaipora,2026-02-13,2026-02,2026,1
PARÇA,E S L KOSLYK CO,PR,Jaboti,2026-01-23,2026-01,2026,1
PARÇA,E S L KOSLYK CO,PR,Jacarezinho,2026-01-08,2026-01,2026,1
PARÇA,E S L KOSLYK CO,PR,Jacarezinho,2026-01-30,2026-01,2026,1
PARÇA,E S L KOSLYK CO,PR,Jacarezinho,2026-03-04,2026-03,2026,2
PARÇA,E S L KOSLYK CO,PR,Jacarezinho,2026-05-19,2026-05,2026,1
PARÇA,E S L KOSLYK CO,PR,Jandaia do Sul,2026-06-10,2026-06,2026,1
PARÇA,E S L KOSLYK CO,PR,Japira,2026-01-21,2026-01,2026,1
PARÇA,E S L KOSLYK CO,PR,Japira,2026-07-22,2026-07,2026,1
PARÇA,E S L KOSLYK CO,PR,Loanda,2026-05-21,2026-05,2026,1
PARÇA,E S L KOSLYK CO,PR,Loanda,2026-07-06,2026-07,2026,1
PARÇA,E S L KOSLYK CO,PR,Lunardelli,2026-01-21,2026-01,2026,1
PARÇA,E S L KOSLYK CO,PR,Mandaguari,2026-01-02,2026-01,2026,1
PARÇA,E S L KOSLYK CO,PR,Matelandia,2026-01-26,2026-01,2026,1
PARÇA,E S L KOSLYK CO,PR,Nova Londrina,2026-01-05,2026-01,2026,1
PARÇA,E S L KOSLYK CO,PR,Nova Londrina,2026-01-09,2026-01,2026,1
PARÇA,E S L KOSLYK CO,PR,Nova Londrina,2026-06-23,2026-06,2026,1
PARÇA,E S L KOSLYK CO,PR,Paranapoema,2026-01-21,2026-01,2026,1
PARÇA,E S L KOSLYK CO,PR,Paranavai,2026-01-10,2026-01,2026,1
PARÇA,E S L KOSLYK CO,PR,Paranavai,2026-02-11,2026-02,2026,1
PARÇA,E S L KOSLYK CO,PR,Paranavai,2026-03-20,2026-03,2026,1
PARÇA,E S L KOSLYK CO,PR,Paranavai,2026-03-23,2026-03,2026,1
PARÇA,E S L KOSLYK CO,PR,Paranavai,2026-05-18,2026-05,2026,1
PARÇA,E S L KOSLYK CO,PR,Paranavai,2026-05-21,2026-05,2026,1
PARÇA,E S L KOSLYK CO,PR,Paranavai,2026-07-14,2026-07,2026,1
PARÇA,E S L KOSLYK CO,PR,Paranavai,2026-07-17,2026-07,2026,2
PARÇA,E S L KOSLYK CO,PR,Perola,2026-02-05,2026-02,2026,1
PARÇA,E S L KOSLYK CO,PR,Perola,2026-04-14,2026-04,2026,1
PARÇA,E S L KOSLYK CO,PR,Pitanga,2026-01-05,2026-01,2026,1
PARÇA,E S L KOSLYK CO,PR,Pitanga,2026-05-26,2026-05,2026,1
PARÇA,E S L KOSLYK CO,PR,Ponta Grossa,2026-01-01,2026-01,2026,1
PARÇA,E S L KOSLYK CO,PR,Ponta Grossa,2026-01-06,2026-01,2026,1
PARÇA,E S L KOSLYK CO,PR,Ponta Grossa,2026-01-08,2026-01,2026,1
PARÇA,E S L KOSLYK CO,PR,Ponta Grossa,2026-01-21,2026-01,2026,1
PARÇA,E S L KOSLYK CO,PR,Ponta Grossa,2026-01-23,2026-01,2026,2
PARÇA,E S L KOSLYK CO,PR,Ponta Grossa,2026-01-26,2026-01,2026,2
PARÇA,E S L KOSLYK CO,PR,Ponta Grossa,2026-02-10,2026-02,2026,1
PARÇA,E S L KOSLYK CO,PR,Ponta Grossa,2026-02-12,2026-02,2026,2
PARÇA,E S L KOSLYK CO,PR,Ponta Grossa,2026-03-04,2026-03,2026,2
PARÇA,E S L KOSLYK CO,PR,Ponta Grossa,2026-03-18,2026-03,2026,3
PARÇA,E S L KOSLYK CO,PR,Ponta Grossa,2026-04-05,2026-04,2026,4
PARÇA,E S L KOSLYK CO,PR,Ponta Grossa,2026-04-17,2026-04,2026,1
PARÇA,E S L KOSLYK CO,PR,Ponta Grossa,2026-04-28,2026-04,2026,1
PARÇA,E S L KOSLYK CO,PR,Ponta Grossa,2026-04-29,2026-04,2026,1
PARÇA,E S L KOSLYK CO,PR,Ponta Grossa,2026-04-30,2026-04,2026,2
PARÇA,E S L KOSLYK CO,PR,Ponta Grossa,2026-06-01,2026-06,2026,2
PARÇA,E S L KOSLYK CO,PR,Ponta Grossa,2026-06-10,2026-06,2026,1
PARÇA,E S L KOSLYK CO,PR,Ponta Grossa,2026-06-14,2026-06,2026,2
PARÇA,E S L KOSLYK CO,PR,Ponta Grossa,2026-06-15,2026-06,2026,1
PARÇA,E S L KOSLYK CO,PR,Ponta Grossa,2026-06-29,2026-06,2026,2
PARÇA,E S L KOSLYK CO,PR,Ponta Grossa,2026-07-01,2026-07,2026,1
PARÇA,E S L KOSLYK CO,PR,Ponta Grossa,2026-07-04,2026-07,2026,1
PARÇA,E S L KOSLYK CO,PR,Ponta Grossa,2026-07-21,2026-07,2026,2
PARÇA,E S L KOSLYK CO,PR,Prado Ferreira,2026-01-14,2026-01,2026,1
PARÇA,E S L KOSLYK CO,PR,Prudentopolis,2026-02-12,2026-02,2026,1
PARÇA,E S L KOSLYK CO,PR,Prudentopolis,2026-03-25,2026-03,2026,1
PARÇA,E S L KOSLYK CO,PR,Reserva,2026-07-07,2026-07,2026,1
PARÇA,E S L KOSLYK CO,PR,Rolandia,2026-01-05,2026-01,2026,1
PARÇA,E S L KOSLYK CO,PR,Rolandia,2026-02-15,2026-02,2026,1
PARÇA,E S L KOSLYK CO,PR,Rolandia,2026-03-04,2026-03,2026,1
PARÇA,E S L KOSLYK CO,PR,Rolandia,2026-06-02,2026-06,2026,1
PARÇA,E S L KOSLYK CO,PR,Rolandia,2026-06-10,2026-06,2026,1
PARÇA,E S L KOSLYK CO,PR,Rolandia,2026-07-24,2026-07,2026,2
PARÇA,E S L KOSLYK CO,PR,Rondon,2026-06-18,2026-06,2026,1
PARÇA,E S L KOSLYK CO,PR,Sabaudia,2026-06-27,2026-06,2026,1
PARÇA,E S L KOSLYK CO,PR,Santo Antonio da Platina,2026-01-08,2026-01,2026,1
PARÇA,E S L KOSLYK CO,PR,Santo Antonio da Platina,2026-03-03,2026-03,2026,1
PARÇA,E S L KOSLYK CO,PR,Santo Antonio da Platina,2026-07-21,2026-07,2026,1
PARÇA,E S L KOSLYK CO,PR,Santo Antonio da Platina,2026-07-22,2026-07,2026,1
PARÇA,E S L KOSLYK CO,PR,Sao Miguel do Iguacu,2026-03-12,2026-03,2026,1
PARÇA,E S L KOSLYK CO,PR,Sarandi,2026-01-09,2026-01,2026,1
PARÇA,E S L KOSLYK CO,PR,Sarandi,2026-01-26,2026-01,2026,1
PARÇA,E S L KOSLYK CO,PR,Sarandi,2026-02-03,2026-02,2026,1
PARÇA,E S L KOSLYK CO,PR,Sarandi,2026-02-10,2026-02,2026,1
PARÇA,E S L KOSLYK CO,PR,Sarandi,2026-02-13,2026-02,2026,1
PARÇA,E S L KOSLYK CO,PR,Sarandi,2026-03-12,2026-03,2026,1
PARÇA,E S L KOSLYK CO,PR,Sarandi,2026-05-01,2026-05,2026,2
PARÇA,E S L KOSLYK CO,PR,Sarandi,2026-05-06,2026-05,2026,1
PARÇA,E S L KOSLYK CO,PR,Sarandi,2026-06-10,2026-06,2026,1
PARÇA,E S L KOSLYK CO,PR,Sarandi,2026-06-16,2026-06,2026,1
PARÇA,E S L KOSLYK CO,PR,Sarandi,2026-07-10,2026-07,2026,1
PARÇA,E S L KOSLYK CO,PR,Sarandi,2026-07-13,2026-07,2026,1
PARÇA,E S L KOSLYK CO,PR,Sarandi,2026-07-17,2026-07,2026,1
PARÇA,E S L KOSLYK CO,PR,Sarandi,2026-07-21,2026-07,2026,1
PARÇA,E S L KOSLYK CO,PR,Siqueira Campos,2026-01-05,2026-01,2026,1
PARÇA,E S L KOSLYK CO,PR,Siqueira Campos,2026-03-03,2026-03,2026,1
PARÇA,E S L KOSLYK CO,PR,Siqueira Campos,2026-06-01,2026-06,2026,1
PARÇA,E S L KOSLYK CO,PR,Telemaco Borba,2026-03-04,2026-03,2026,1
PARÇA,E S L KOSLYK CO,PR,Telemaco Borba,2026-03-18,2026-03,2026,1
PARÇA,E S L KOSLYK CO,PR,Telemaco Borba,2026-05-19,2026-05,2026,1
PARÇA,E S L KOSLYK CO,PR,Telemaco Borba,2026-06-11,2026-06,2026,1
PARÇA,E S L KOSLYK CO,PR,Tibagi,2026-02-13,2026-02,2026,2
PARÇA,E S L KOSLYK CO,PR,Toledo,2026-01-02,2026-01,2026,1
PARÇA,E S L KOSLYK CO,PR,Toledo,2026-01-21,2026-01,2026,1
PARÇA,E S L KOSLYK CO,PR,Toledo,2026-02-10,2026-02,2026,2
PARÇA,E S L KOSLYK CO,PR,Toledo,2026-03-12,2026-03,2026,2
PARÇA,E S L KOSLYK CO,PR,Toledo,2026-03-27,2026-03,2026,1
PARÇA,E S L KOSLYK CO,PR,Toledo,2026-04-14,2026-04,2026,1
PARÇA,E S L KOSLYK CO,PR,Toledo,2026-05-06,2026-05,2026,2
PARÇA,E S L KOSLYK CO,PR,Toledo,2026-06-01,2026-06,2026,1
PARÇA,E S L KOSLYK CO,PR,Toledo,2026-06-04,2026-06,2026,2
PARÇA,E S L KOSLYK CO,PR,Toledo,2026-06-22,2026-06,2026,1
PARÇA,E S L KOSLYK CO,PR,Toledo,2026-07-03,2026-07,2026,2
PARÇA,E S L KOSLYK CO,PR,Umuarama,2026-01-05,2026-01,2026,1
PARÇA,E S L KOSLYK CO,PR,Umuarama,2026-01-07,2026-01,2026,4
PARÇA,E S L KOSLYK CO,PR,Umuarama,2026-02-09,2026-02,2026,1
PARÇA,E S L KOSLYK CO,PR,Umuarama,2026-03-04,2026-03,2026,2
PARÇA,E S L KOSLYK CO,PR,Umuarama,2026-04-14,2026-04,2026,1
PARÇA,E S L KOSLYK CO,PR,Umuarama,2026-05-29,2026-05,2026,1
PARÇA,E S L KOSLYK CO,PR,Umuarama,2026-06-18,2026-06,2026,1
PARÇA,E S L KOSLYK CO,PR,Umuarama,2026-07-22,2026-07,2026,1
PARÇA,E S L KOSLYK CO,PR,Urai,2026-02-05,2026-02,2026,1
PARÇA,ELETROSHOW OUTL,ES,Aracruz,2026-04-17,2026-04,2026,2
PARÇA,ELETROSHOW OUTL,ES,Aracruz,2026-05-13,2026-05,2026,1
PARÇA,ELETROSHOW OUTL,ES,Cariacica,2026-03-31,2026-03,2026,3
PARÇA,ELETROSHOW OUTL,ES,Cariacica,2026-04-15,2026-04,2026,3
PARÇA,ELETROSHOW OUTL,ES,Cariacica,2026-04-30,2026-04,2026,1
PARÇA,ELETROSHOW OUTL,ES,Cariacica,2026-05-12,2026-05,2026,2
PARÇA,ELETROSHOW OUTL,ES,Cariacica,2026-05-15,2026-05,2026,3
PARÇA,ELETROSHOW OUTL,ES,Cariacica,2026-06-02,2026-06,2026,1
PARÇA,ELETROSHOW OUTL,ES,Cariacica,2026-06-10,2026-06,2026,2
PARÇA,ELETROSHOW OUTL,ES,Cariacica,2026-06-18,2026-06,2026,1
PARÇA,ELETROSHOW OUTL,ES,Cariacica,2026-06-26,2026-06,2026,1
PARÇA,ELETROSHOW OUTL,ES,Cariacica,2026-07-10,2026-07,2026,3
PARÇA,ELETROSHOW OUTL,ES,Colatina,2026-04-15,2026-04,2026,2
PARÇA,ELETROSHOW OUTL,ES,Colatina,2026-04-23,2026-04,2026,2
PARÇA,ELETROSHOW OUTL,ES,Colatina,2026-05-29,2026-05,2026,1
PARÇA,ELETROSHOW OUTL,ES,Colatina,2026-06-11,2026-06,2026,2
PARÇA,ELETROSHOW OUTL,ES,Colatina,2026-06-26,2026-06,2026,1
PARÇA,ELETROSHOW OUTL,ES,Colatina,2026-07-15,2026-07,2026,1
PARÇA,ELETROSHOW OUTL,ES,Linhares,2026-05-13,2026-05,2026,2
PARÇA,ELETROSHOW OUTL,ES,Serra,2026-03-12,2026-03,2026,2
PARÇA,ELETROSHOW OUTL,ES,Serra,2026-03-16,2026-03,2026,3
PARÇA,ELETROSHOW OUTL,ES,Serra,2026-03-25,2026-03,2026,1
PARÇA,ELETROSHOW OUTL,ES,Serra,2026-03-26,2026-03,2026,5
PARÇA,ELETROSHOW OUTL,ES,Serra,2026-03-31,2026-03,2026,1
PARÇA,ELETROSHOW OUTL,ES,Serra,2026-04-01,2026-04,2026,1
PARÇA,ELETROSHOW OUTL,ES,Serra,2026-04-06,2026-04,2026,2
PARÇA,ELETROSHOW OUTL,ES,Serra,2026-04-08,2026-04,2026,2
PARÇA,ELETROSHOW OUTL,ES,Serra,2026-04-15,2026-04,2026,1
PARÇA,ELETROSHOW OUTL,ES,Serra,2026-04-17,2026-04,2026,1
PARÇA,ELETROSHOW OUTL,ES,Serra,2026-04-27,2026-04,2026,1
PARÇA,ELETROSHOW OUTL,ES,Serra,2026-04-29,2026-04,2026,5
PARÇA,ELETROSHOW OUTL,ES,Serra,2026-05-15,2026-05,2026,2
PARÇA,ELETROSHOW OUTL,ES,Serra,2026-05-21,2026-05,2026,4
PARÇA,ELETROSHOW OUTL,ES,Serra,2026-05-30,2026-05,2026,1
PARÇA,ELETROSHOW OUTL,ES,Serra,2026-06-02,2026-06,2026,1
PARÇA,ELETROSHOW OUTL,ES,Serra,2026-06-03,2026-06,2026,1
PARÇA,ELETROSHOW OUTL,ES,Serra,2026-06-10,2026-06,2026,2
PARÇA,ELETROSHOW OUTL,ES,Serra,2026-06-18,2026-06,2026,2
PARÇA,ELETROSHOW OUTL,ES,Serra,2026-06-26,2026-06,2026,3
PARÇA,ELETROSHOW OUTL,ES,Serra,2026-07-02,2026-07,2026,3
PARÇA,ELETROSHOW OUTL,ES,Serra,2026-07-10,2026-07,2026,3
PARÇA,ELETROSHOW OUTL,ES,Serra,2026-07-14,2026-07,2026,1
PARÇA,ELETROSHOW OUTL,ES,Serra,2026-07-16,2026-07,2026,5
PARÇA,ELETROSHOW OUTL,ES,Serra,2026-07-22,2026-07,2026,3
PARÇA,ELETROSHOW OUTL,ES,Serra,2026-07-23,2026-07,2026,1
PARÇA,ELETROSHOW OUTL,ES,Viana,2026-06-10,2026-06,2026,1
PARÇA,ELETROSHOW OUTL,ES,Viana,2026-07-22,2026-07,2026,1
PARÇA,ELETROSHOW OUTL,ES,Vila Velha,2026-03-19,2026-03,2026,1
PARÇA,ELETROSHOW OUTL,ES,Vila Velha,2026-03-24,2026-03,2026,1
PARÇA,ELETROSHOW OUTL,ES,Vila Velha,2026-03-31,2026-03,2026,10
PARÇA,ELETROSHOW OUTL,ES,Vila Velha,2026-04-09,2026-04,2026,2
PARÇA,ELETROSHOW OUTL,ES,Vila Velha,2026-04-14,2026-04,2026,1
PARÇA,ELETROSHOW OUTL,ES,Vila Velha,2026-04-15,2026-04,2026,2
PARÇA,ELETROSHOW OUTL,ES,Vila Velha,2026-04-29,2026-04,2026,3
PARÇA,ELETROSHOW OUTL,ES,Vila Velha,2026-05-12,2026-05,2026,3
PARÇA,ELETROSHOW OUTL,ES,Vila Velha,2026-06-02,2026-06,2026,1
PARÇA,ELETROSHOW OUTL,ES,Vila Velha,2026-06-10,2026-06,2026,2
PARÇA,ELETROSHOW OUTL,ES,Vila Velha,2026-06-18,2026-06,2026,4
PARÇA,ELETROSHOW OUTL,ES,Vila Velha,2026-06-26,2026-06,2026,1
PARÇA,ELETROSHOW OUTL,ES,Vila Velha,2026-07-02,2026-07,2026,1
PARÇA,ELETROSHOW OUTL,ES,Vila Velha,2026-07-16,2026-07,2026,5
PARÇA,ELETROSHOW OUTL,ES,Vila Velha,2026-07-22,2026-07,2026,4
PARÇA,ELETROSHOW OUTL,ES,Vitoria,2026-03-09,2026-03,2026,1
PARÇA,ELETROSHOW OUTL,ES,Vitoria,2026-03-16,2026-03,2026,2
PARÇA,ELETROSHOW OUTL,ES,Vitoria,2026-03-24,2026-03,2026,1
PARÇA,ELETROSHOW OUTL,ES,Vitoria,2026-03-30,2026-03,2026,1
PARÇA,ELETROSHOW OUTL,ES,Vitoria,2026-03-31,2026-03,2026,1
PARÇA,ELETROSHOW OUTL,ES,Vitoria,2026-04-01,2026-04,2026,3
PARÇA,ELETROSHOW OUTL,ES,Vitoria,2026-04-09,2026-04,2026,2
PARÇA,ELETROSHOW OUTL,ES,Vitoria,2026-04-29,2026-04,2026,4
PARÇA,ELETROSHOW OUTL,ES,Vitoria,2026-05-21,2026-05,2026,5
PARÇA,ELETROSHOW OUTL,ES,Vitoria,2026-06-02,2026-06,2026,3
PARÇA,ELETROSHOW OUTL,ES,Vitoria,2026-06-05,2026-06,2026,1
PARÇA,ELETROSHOW OUTL,ES,Vitoria,2026-06-10,2026-06,2026,2
PARÇA,ELETROSHOW OUTL,ES,Vitoria,2026-06-18,2026-06,2026,2
PARÇA,ELETROSHOW OUTL,ES,Vitoria,2026-06-26,2026-06,2026,1
PARÇA,ELETROSHOW OUTL,ES,Vitoria,2026-07-10,2026-07,2026,4
PARÇA,ELETROSHOW OUTL,ES,Vitoria,2026-07-14,2026-07,2026,1
PARÇA,ELETROSHOW OUTL,ES,Vitoria,2026-07-16,2026-07,2026,1
PARÇA,ELETROSHOW OUTL,ES,Vitoria,2026-07-22,2026-07,2026,2
PARÇA,JEV TRANSP,SC,Braco do Norte,2026-01-20,2026-01,2026,1
PARÇA,JEV TRANSP,SC,Braco do Norte,2026-02-13,2026-02,2026,1
PARÇA,JEV TRANSP,SC,Garopaba,2026-03-23,2026-03,2026,1
PARÇA,JEV TRANSP,SC,Garopaba,2026-03-27,2026-03,2026,1
PARÇA,JEV TRANSP,SC,Garopaba,2026-05-22,2026-05,2026,1
PARÇA,JEV TRANSP,SC,Garopaba,2026-06-19,2026-06,2026,1
PARÇA,JEV TRANSP,SC,Imarui,2026-01-16,2026-01,2026,1
PARÇA,JEV TRANSP,SC,Imarui,2026-02-12,2026-02,2026,1
PARÇA,JEV TRANSP,SC,Imbituba,2026-01-20,2026-01,2026,1
PARÇA,JEV TRANSP,SC,Imbituba,2026-02-25,2026-02,2026,1
PARÇA,JEV TRANSP,SC,Imbituba,2026-03-16,2026-03,2026,1
PARÇA,JEV TRANSP,SC,Imbituba,2026-03-31,2026-03,2026,1
PARÇA,JEV TRANSP,SC,Imbituba,2026-04-14,2026-04,2026,1
PARÇA,JEV TRANSP,SC,Imbituba,2026-04-22,2026-04,2026,1
PARÇA,JEV TRANSP,SC,Jaguaruna,2026-02-05,2026-02,2026,2
PARÇA,JEV TRANSP,SC,Jaguaruna,2026-05-21,2026-05,2026,1
PARÇA,JEV TRANSP,SC,Jaguaruna,2026-07-23,2026-07,2026,1
PARÇA,JEV TRANSP,SC,Laguna,2026-01-06,2026-01,2026,1
PARÇA,JEV TRANSP,SC,Laguna,2026-01-16,2026-01,2026,1
PARÇA,JEV TRANSP,SC,Laguna,2026-05-07,2026-05,2026,1
PARÇA,JEV TRANSP,SC,Laguna,2026-06-11,2026-06,2026,1
PARÇA,JEV TRANSP,SC,Orleans,2026-05-05,2026-05,2026,1
PARÇA,JEV TRANSP,SC,Paulo Lopes,2026-05-26,2026-05,2026,1
PARÇA,JEV TRANSP,SC,Pescaria Brava,2026-05-07,2026-05,2026,1
PARÇA,JEV TRANSP,SC,Sao Ludgero,2026-02-18,2026-02,2026,1
PARÇA,JEV TRANSP,SC,Sao Ludgero,2026-03-24,2026-03,2026,1
PARÇA,JEV TRANSP,SC,Tubarao,2026-01-08,2026-01,2026,1
PARÇA,JEV TRANSP,SC,Tubarao,2026-01-16,2026-01,2026,1
PARÇA,JEV TRANSP,SC,Tubarao,2026-02-03,2026-02,2026,1
PARÇA,JEV TRANSP,SC,Tubarao,2026-02-11,2026-02,2026,1
PARÇA,JEV TRANSP,SC,Tubarao,2026-02-20,2026-02,2026,1
PARÇA,JEV TRANSP,SC,Tubarao,2026-02-25,2026-02,2026,1
PARÇA,JEV TRANSP,SC,Tubarao,2026-02-26,2026-02,2026,1
PARÇA,JEV TRANSP,SC,Tubarao,2026-04-16,2026-04,2026,1
PARÇA,JEV TRANSP,SC,Tubarao,2026-05-08,2026-05,2026,1
PARÇA,JEV TRANSP,SC,Tubarao,2026-07-07,2026-07,2026,1
PARÇA,JEV TRANSP,SC,Tubarao,2026-07-29,2026-07,2026,1
PARÇA,KMAN MOVEIS,RS,Alvorada,2026-01-20,2026-01,2026,1
PARÇA,KMAN MOVEIS,RS,Alvorada,2026-01-27,2026-01,2026,1
PARÇA,KMAN MOVEIS,RS,Alvorada,2026-02-10,2026-02,2026,1
PARÇA,KMAN MOVEIS,RS,Alvorada,2026-02-24,2026-02,2026,2
PARÇA,KMAN MOVEIS,RS,Alvorada,2026-03-03,2026-03,2026,1
PARÇA,KMAN MOVEIS,RS,Alvorada,2026-03-10,2026-03,2026,1
PARÇA,KMAN MOVEIS,RS,Alvorada,2026-03-17,2026-03,2026,1
PARÇA,KMAN MOVEIS,RS,Alvorada,2026-04-22,2026-04,2026,1
PARÇA,KMAN MOVEIS,RS,Alvorada,2026-05-19,2026-05,2026,1
PARÇA,KMAN MOVEIS,RS,Alvorada,2026-05-26,2026-05,2026,1
PARÇA,KMAN MOVEIS,RS,Alvorada,2026-06-09,2026-06,2026,1
PARÇA,KMAN MOVEIS,RS,Alvorada,2026-07-21,2026-07,2026,1
PARÇA,KMAN MOVEIS,RS,Cachoeirinha,2026-01-14,2026-01,2026,1
PARÇA,KMAN MOVEIS,RS,Cachoeirinha,2026-01-28,2026-01,2026,1
PARÇA,KMAN MOVEIS,RS,Cachoeirinha,2026-03-24,2026-03,2026,1
PARÇA,KMAN MOVEIS,RS,Cachoeirinha,2026-03-25,2026-03,2026,2
PARÇA,KMAN MOVEIS,RS,Cachoeirinha,2026-04-01,2026-04,2026,2
PARÇA,KMAN MOVEIS,RS,Cachoeirinha,2026-05-12,2026-05,2026,1
PARÇA,KMAN MOVEIS,RS,Cachoeirinha,2026-05-19,2026-05,2026,1
PARÇA,KMAN MOVEIS,RS,Campo Bom,2026-03-18,2026-03,2026,1
PARÇA,KMAN MOVEIS,RS,Campo Bom,2026-05-20,2026-05,2026,1
PARÇA,KMAN MOVEIS,RS,Campo Bom,2026-06-24,2026-06,2026,1
PARÇA,KMAN MOVEIS,RS,Campo Bom,2026-07-08,2026-07,2026,1
PARÇA,KMAN MOVEIS,RS,Canoas,2026-01-07,2026-01,2026,1
PARÇA,KMAN MOVEIS,RS,Canoas,2026-01-13,2026-01,2026,2
PARÇA,KMAN MOVEIS,RS,Canoas,2026-01-21,2026-01,2026,1
PARÇA,KMAN MOVEIS,RS,Canoas,2026-01-27,2026-01,2026,1
PARÇA,KMAN MOVEIS,RS,Canoas,2026-02-11,2026-02,2026,1
PARÇA,KMAN MOVEIS,RS,Canoas,2026-02-24,2026-02,2026,1
PARÇA,KMAN MOVEIS,RS,Canoas,2026-03-18,2026-03,2026,2
PARÇA,KMAN MOVEIS,RS,Canoas,2026-03-25,2026-03,2026,2
PARÇA,KMAN MOVEIS,RS,Canoas,2026-04-15,2026-04,2026,1
PARÇA,KMAN MOVEIS,RS,Canoas,2026-04-29,2026-04,2026,1
PARÇA,KMAN MOVEIS,RS,Canoas,2026-05-06,2026-05,2026,1
PARÇA,KMAN MOVEIS,RS,Canoas,2026-05-12,2026-05,2026,1
PARÇA,KMAN MOVEIS,RS,Canoas,2026-05-13,2026-05,2026,2
PARÇA,KMAN MOVEIS,RS,Canoas,2026-05-20,2026-05,2026,2
PARÇA,KMAN MOVEIS,RS,Canoas,2026-06-03,2026-06,2026,1
PARÇA,KMAN MOVEIS,RS,Canoas,2026-06-17,2026-06,2026,1
PARÇA,KMAN MOVEIS,RS,Canoas,2026-06-24,2026-06,2026,2
PARÇA,KMAN MOVEIS,RS,Canoas,2026-07-01,2026-07,2026,4
PARÇA,KMAN MOVEIS,RS,Canoas,2026-07-08,2026-07,2026,1
PARÇA,KMAN MOVEIS,RS,Canoas,2026-07-22,2026-07,2026,2
PARÇA,KMAN MOVEIS,RS,Canoas,2026-07-29,2026-07,2026,2
PARÇA,KMAN MOVEIS,RS,Cidreira,2026-02-16,2026-02,2026,1
PARÇA,KMAN MOVEIS,RS,Dois Irmaos,2026-07-08,2026-07,2026,1
PARÇA,KMAN MOVEIS,RS,Eldorado do Sul,2026-02-04,2026-02,2026,1
PARÇA,KMAN MOVEIS,RS,Eldorado do Sul,2026-03-11,2026-03,2026,1
PARÇA,KMAN MOVEIS,RS,Eldorado do Sul,2026-04-15,2026-04,2026,1
PARÇA,KMAN MOVEIS,RS,Eldorado do Sul,2026-05-27,2026-05,2026,1
PARÇA,KMAN MOVEIS,RS,Esteio,2026-03-11,2026-03,2026,1
PARÇA,KMAN MOVEIS,RS,Esteio,2026-03-18,2026-03,2026,1
PARÇA,KMAN MOVEIS,RS,Esteio,2026-03-25,2026-03,2026,2
PARÇA,KMAN MOVEIS,RS,Esteio,2026-04-01,2026-04,2026,1
PARÇA,KMAN MOVEIS,RS,Esteio,2026-04-15,2026-04,2026,1
PARÇA,KMAN MOVEIS,RS,Esteio,2026-04-23,2026-04,2026,1
PARÇA,KMAN MOVEIS,RS,Esteio,2026-05-27,2026-05,2026,1
PARÇA,KMAN MOVEIS,RS,Esteio,2026-07-01,2026-07,2026,1
PARÇA,KMAN MOVEIS,RS,Esteio,2026-07-22,2026-07,2026,1
PARÇA,KMAN MOVEIS,RS,Esteio,2026-07-29,2026-07,2026,1
PARÇA,KMAN MOVEIS,RS,Gravatai,2026-01-06,2026-01,2026,1
PARÇA,KMAN MOVEIS,RS,Gravatai,2026-01-20,2026-01,2026,1
PARÇA,KMAN MOVEIS,RS,Gravatai,2026-02-25,2026-02,2026,2
PARÇA,KMAN MOVEIS,RS,Gravatai,2026-03-03,2026-03,2026,1
PARÇA,KMAN MOVEIS,RS,Gravatai,2026-03-17,2026-03,2026,1
PARÇA,KMAN MOVEIS,RS,Gravatai,2026-03-24,2026-03,2026,1
PARÇA,KMAN MOVEIS,RS,Gravatai,2026-04-15,2026-04,2026,1
PARÇA,KMAN MOVEIS,RS,Gravatai,2026-04-28,2026-04,2026,1
PARÇA,KMAN MOVEIS,RS,Gravatai,2026-05-05,2026-05,2026,2
PARÇA,KMAN MOVEIS,RS,Gravatai,2026-05-06,2026-05,2026,1
PARÇA,KMAN MOVEIS,RS,Gravatai,2026-05-13,2026-05,2026,1
PARÇA,KMAN MOVEIS,RS,Gravatai,2026-05-19,2026-05,2026,1
PARÇA,KMAN MOVEIS,RS,Gravatai,2026-06-03,2026-06,2026,1
PARÇA,KMAN MOVEIS,RS,Gravatai,2026-06-04,2026-06,2026,1
PARÇA,KMAN MOVEIS,RS,Gravatai,2026-06-10,2026-06,2026,1
PARÇA,KMAN MOVEIS,RS,Gravatai,2026-07-07,2026-07,2026,1
PARÇA,KMAN MOVEIS,RS,Gravatai,2026-07-28,2026-07,2026,1
PARÇA,KMAN MOVEIS,RS,Guaiba,2026-01-20,2026-01,2026,1
PARÇA,KMAN MOVEIS,RS,Guaiba,2026-02-18,2026-02,2026,1
PARÇA,KMAN MOVEIS,RS,Guaiba,2026-03-03,2026-03,2026,1
PARÇA,KMAN MOVEIS,RS,Guaiba,2026-03-18,2026-03,2026,1
PARÇA,KMAN MOVEIS,RS,Igrejinha,2026-05-13,2026-05,2026,1
PARÇA,KMAN MOVEIS,RS,Nova Santa Rita,2026-06-10,2026-06,2026,1
PARÇA,KMAN MOVEIS,RS,Nova Santa Rita,2026-07-29,2026-07,2026,1
PARÇA,KMAN MOVEIS,RS,Novo Hamburgo,2026-01-06,2026-01,2026,1
PARÇA,KMAN MOVEIS,RS,Novo Hamburgo,2026-01-13,2026-01,2026,2
PARÇA,KMAN MOVEIS,RS,Novo Hamburgo,2026-01-16,2026-01,2026,1
PARÇA,KMAN MOVEIS,RS,Novo Hamburgo,2026-01-19,2026-01,2026,1
PARÇA,KMAN MOVEIS,RS,Novo Hamburgo,2026-02-04,2026-02,2026,1
PARÇA,KMAN MOVEIS,RS,Novo Hamburgo,2026-02-11,2026-02,2026,1
PARÇA,KMAN MOVEIS,RS,Novo Hamburgo,2026-03-04,2026-03,2026,2
PARÇA,KMAN MOVEIS,RS,Novo Hamburgo,2026-03-11,2026-03,2026,1
PARÇA,KMAN MOVEIS,RS,Novo Hamburgo,2026-03-18,2026-03,2026,2
PARÇA,KMAN MOVEIS,RS,Novo Hamburgo,2026-03-25,2026-03,2026,1
PARÇA,KMAN MOVEIS,RS,Novo Hamburgo,2026-04-23,2026-04,2026,1
PARÇA,KMAN MOVEIS,RS,Novo Hamburgo,2026-05-06,2026-05,2026,1
PARÇA,KMAN MOVEIS,RS,Novo Hamburgo,2026-05-13,2026-05,2026,1
PARÇA,KMAN MOVEIS,RS,Novo Hamburgo,2026-05-27,2026-05,2026,1
PARÇA,KMAN MOVEIS,RS,Novo Hamburgo,2026-06-16,2026-06,2026,1
PARÇA,KMAN MOVEIS,RS,Novo Hamburgo,2026-07-01,2026-07,2026,2
PARÇA,KMAN MOVEIS,RS,Novo Hamburgo,2026-07-08,2026-07,2026,1
PARÇA,KMAN MOVEIS,RS,Novo Hamburgo,2026-07-22,2026-07,2026,1
PARÇA,KMAN MOVEIS,RS,Parobe,2026-04-29,2026-04,2026,1
PARÇA,KMAN MOVEIS,RS,Parobe,2026-05-13,2026-05,2026,1
PARÇA,KMAN MOVEIS,RS,Portao,2026-03-25,2026-03,2026,1
PARÇA,KMAN MOVEIS,RS,Porto Alegre,2026-01-02,2026-01,2026,1
PARÇA,KMAN MOVEIS,RS,Porto Alegre,2026-01-06,2026-01,2026,5
PARÇA,KMAN MOVEIS,RS,Porto Alegre,2026-01-07,2026-01,2026,3
PARÇA,KMAN MOVEIS,RS,Porto Alegre,2026-01-13,2026-01,2026,6
PARÇA,KMAN MOVEIS,RS,Porto Alegre,2026-01-14,2026-01,2026,4
PARÇA,KMAN MOVEIS,RS,Porto Alegre,2026-01-20,2026-01,2026,5
PARÇA,KMAN MOVEIS,RS,Porto Alegre,2026-01-21,2026-01,2026,2
PARÇA,KMAN MOVEIS,RS,Porto Alegre,2026-01-27,2026-01,2026,8
PARÇA,KMAN MOVEIS,RS,Porto Alegre,2026-01-28,2026-01,2026,2
PARÇA,KMAN MOVEIS,RS,Porto Alegre,2026-02-03,2026-02,2026,4
PARÇA,KMAN MOVEIS,RS,Porto Alegre,2026-02-04,2026-02,2026,1
PARÇA,KMAN MOVEIS,RS,Porto Alegre,2026-02-10,2026-02,2026,5
PARÇA,KMAN MOVEIS,RS,Porto Alegre,2026-02-17,2026-02,2026,3
PARÇA,KMAN MOVEIS,RS,Porto Alegre,2026-02-24,2026-02,2026,5
PARÇA,KMAN MOVEIS,RS,Porto Alegre,2026-03-03,2026-03,2026,3
PARÇA,KMAN MOVEIS,RS,Porto Alegre,2026-03-04,2026-03,2026,2
PARÇA,KMAN MOVEIS,RS,Porto Alegre,2026-03-10,2026-03,2026,5
PARÇA,KMAN MOVEIS,RS,Porto Alegre,2026-03-17,2026-03,2026,5
PARÇA,KMAN MOVEIS,RS,Porto Alegre,2026-03-18,2026-03,2026,2
PARÇA,KMAN MOVEIS,RS,Porto Alegre,2026-03-24,2026-03,2026,7
PARÇA,KMAN MOVEIS,RS,Porto Alegre,2026-03-31,2026-03,2026,12
PARÇA,KMAN MOVEIS,RS,Porto Alegre,2026-04-01,2026-04,2026,1
PARÇA,KMAN MOVEIS,RS,Porto Alegre,2026-04-07,2026-04,2026,5
PARÇA,KMAN MOVEIS,RS,Porto Alegre,2026-04-08,2026-04,2026,3
PARÇA,KMAN MOVEIS,RS,Porto Alegre,2026-04-14,2026-04,2026,11
PARÇA,KMAN MOVEIS,RS,Porto Alegre,2026-04-15,2026-04,2026,4
PARÇA,KMAN MOVEIS,RS,Porto Alegre,2026-04-22,2026-04,2026,7
PARÇA,KMAN MOVEIS,RS,Porto Alegre,2026-04-28,2026-04,2026,7
PARÇA,KMAN MOVEIS,RS,Porto Alegre,2026-05-05,2026-05,2026,4
PARÇA,KMAN MOVEIS,RS,Porto Alegre,2026-05-12,2026-05,2026,9
PARÇA,KMAN MOVEIS,RS,Porto Alegre,2026-05-19,2026-05,2026,8
PARÇA,KMAN MOVEIS,RS,Porto Alegre,2026-05-26,2026-05,2026,5
PARÇA,KMAN MOVEIS,RS,Porto Alegre,2026-06-02,2026-06,2026,13
PARÇA,KMAN MOVEIS,RS,Porto Alegre,2026-06-09,2026-06,2026,5
PARÇA,KMAN MOVEIS,RS,Porto Alegre,2026-06-10,2026-06,2026,1
PARÇA,KMAN MOVEIS,RS,Porto Alegre,2026-06-16,2026-06,2026,9
PARÇA,KMAN MOVEIS,RS,Porto Alegre,2026-06-23,2026-06,2026,9
PARÇA,KMAN MOVEIS,RS,Porto Alegre,2026-06-30,2026-06,2026,10
PARÇA,KMAN MOVEIS,RS,Porto Alegre,2026-07-01,2026-07,2026,1
PARÇA,KMAN MOVEIS,RS,Porto Alegre,2026-07-02,2026-07,2026,1
PARÇA,KMAN MOVEIS,RS,Porto Alegre,2026-07-06,2026-07,2026,1
PARÇA,KMAN MOVEIS,RS,Porto Alegre,2026-07-07,2026-07,2026,5
PARÇA,KMAN MOVEIS,RS,Porto Alegre,2026-07-08,2026-07,2026,1
PARÇA,KMAN MOVEIS,RS,Porto Alegre,2026-07-14,2026-07,2026,10
PARÇA,KMAN MOVEIS,RS,Porto Alegre,2026-07-21,2026-07,2026,12
PARÇA,KMAN MOVEIS,RS,Porto Alegre,2026-07-22,2026-07,2026,1
PARÇA,KMAN MOVEIS,RS,Porto Alegre,2026-07-23,2026-07,2026,3
PARÇA,KMAN MOVEIS,RS,Porto Alegre,2026-07-24,2026-07,2026,2
PARÇA,KMAN MOVEIS,RS,Porto Alegre,2026-07-28,2026-07,2026,4
PARÇA,KMAN MOVEIS,RS,Rolante,2026-03-03,2026-03,2026,1
PARÇA,KMAN MOVEIS,RS,Rolante,2026-03-24,2026-03,2026,1
PARÇA,KMAN MOVEIS,RS,Rolante,2026-05-19,2026-05,2026,1
PARÇA,KMAN MOVEIS,RS,Sao Jeronimo,2026-04-13,2026-04,2026,2
PARÇA,KMAN MOVEIS,RS,Sao Leopoldo,2026-02-04,2026-02,2026,2
PARÇA,KMAN MOVEIS,RS,Sao Leopoldo,2026-02-18,2026-02,2026,3
PARÇA,KMAN MOVEIS,RS,Sao Leopoldo,2026-03-11,2026-03,2026,1
PARÇA,KMAN MOVEIS,RS,Sao Leopoldo,2026-03-25,2026-03,2026,1
PARÇA,KMAN MOVEIS,RS,Sao Leopoldo,2026-04-08,2026-04,2026,3
PARÇA,KMAN MOVEIS,RS,Sao Leopoldo,2026-05-20,2026-05,2026,1
PARÇA,KMAN MOVEIS,RS,Sao Leopoldo,2026-05-27,2026-05,2026,1
PARÇA,KMAN MOVEIS,RS,Sao Leopoldo,2026-06-17,2026-06,2026,1
PARÇA,KMAN MOVEIS,RS,Sao Leopoldo,2026-06-29,2026-06,2026,1
PARÇA,KMAN MOVEIS,RS,Sao Leopoldo,2026-07-08,2026-07,2026,2
PARÇA,KMAN MOVEIS,RS,Sao Leopoldo,2026-07-29,2026-07,2026,1
PARÇA,KMAN MOVEIS,RS,Sapiranga,2026-02-04,2026-02,2026,1
PARÇA,KMAN MOVEIS,RS,Sapiranga,2026-07-22,2026-07,2026,2
PARÇA,KMAN MOVEIS,RS,Sapucaia do Sul,2026-02-11,2026-02,2026,1
PARÇA,KMAN MOVEIS,RS,Sapucaia do Sul,2026-04-01,2026-04,2026,1
PARÇA,KMAN MOVEIS,RS,Sapucaia do Sul,2026-04-23,2026-04,2026,1
PARÇA,KMAN MOVEIS,RS,Sapucaia do Sul,2026-05-06,2026-05,2026,1
PARÇA,KMAN MOVEIS,RS,Sapucaia do Sul,2026-05-13,2026-05,2026,1
PARÇA,KMAN MOVEIS,RS,Sapucaia do Sul,2026-05-27,2026-05,2026,1
PARÇA,KMAN MOVEIS,RS,Sapucaia do Sul,2026-06-16,2026-06,2026,1
PARÇA,KMAN MOVEIS,RS,Sapucaia do Sul,2026-07-08,2026-07,2026,1
PARÇA,KMAN MOVEIS,RS,Viamao,2026-01-13,2026-01,2026,1
PARÇA,KMAN MOVEIS,RS,Viamao,2026-01-20,2026-01,2026,1
PARÇA,KMAN MOVEIS,RS,Viamao,2026-01-26,2026-01,2026,1
PARÇA,KMAN MOVEIS,RS,Viamao,2026-02-03,2026-02,2026,3
PARÇA,KMAN MOVEIS,RS,Viamao,2026-02-10,2026-02,2026,1
PARÇA,KMAN MOVEIS,RS,Viamao,2026-04-01,2026-04,2026,1
PARÇA,KMAN MOVEIS,RS,Viamao,2026-04-14,2026-04,2026,1
PARÇA,KMAN MOVEIS,RS,Viamao,2026-04-22,2026-04,2026,2
PARÇA,KMAN MOVEIS,RS,Viamao,2026-05-26,2026-05,2026,1
PARÇA,KMAN MOVEIS,RS,Viamao,2026-06-02,2026-06,2026,1
PARÇA,KMAN MOVEIS,RS,Viamao,2026-06-03,2026-06,2026,1
PARÇA,KMAN MOVEIS,RS,Viamao,2026-06-16,2026-06,2026,1
PARÇA,KMAN MOVEIS,RS,Viamao,2026-07-07,2026-07,2026,2
PARÇA,KMAN MOVEIS,RS,Viamao,2026-07-21,2026-07,2026,3
PARÇA,LIFE - GERENCIA,PR,Curitiba,2026-01-06,2026-01,2026,1
PARÇA,LIFE - GERENCIA,SC,Palhoca,2026-01-09,2026-01,2026,1
PARÇA,LIFE - GERENCIA,SC,Sao Jose,2026-01-08,2026-01,2026,1
PARÇA,LOGME - TRANSPO,PR,Almirante Tamandare,2026-01-09,2026-01,2026,1
PARÇA,LOGME - TRANSPO,PR,Almirante Tamandare,2026-02-06,2026-02,2026,1
PARÇA,LOGME - TRANSPO,PR,Almirante Tamandare,2026-02-19,2026-02,2026,1
PARÇA,LOGME - TRANSPO,PR,Almirante Tamandare,2026-02-20,2026-02,2026,1
PARÇA,LOGME - TRANSPO,PR,Almirante Tamandare,2026-03-12,2026-03,2026,3
PARÇA,LOGME - TRANSPO,PR,Almirante Tamandare,2026-04-03,2026-04,2026,1
PARÇA,LOGME - TRANSPO,PR,Almirante Tamandare,2026-04-07,2026-04,2026,1
PARÇA,LOGME - TRANSPO,PR,Almirante Tamandare,2026-04-10,2026-04,2026,1
PARÇA,LOGME - TRANSPO,PR,Almirante Tamandare,2026-04-28,2026-04,2026,1
PARÇA,LOGME - TRANSPO,PR,Almirante Tamandare,2026-05-08,2026-05,2026,1
PARÇA,LOGME - TRANSPO,PR,Almirante Tamandare,2026-06-01,2026-06,2026,1
PARÇA,LOGME - TRANSPO,PR,Almirante Tamandare,2026-06-23,2026-06,2026,1
PARÇA,LOGME - TRANSPO,PR,Almirante Tamandare,2026-07-23,2026-07,2026,2
PARÇA,LOGME - TRANSPO,PR,Antonina,2026-02-26,2026-02,2026,1
PARÇA,LOGME - TRANSPO,PR,Antonina,2026-03-18,2026-03,2026,1
PARÇA,LOGME - TRANSPO,PR,Araucaria,2026-01-09,2026-01,2026,1
PARÇA,LOGME - TRANSPO,PR,Araucaria,2026-02-10,2026-02,2026,1
PARÇA,LOGME - TRANSPO,PR,Araucaria,2026-03-20,2026-03,2026,3
PARÇA,LOGME - TRANSPO,PR,Araucaria,2026-04-16,2026-04,2026,1
PARÇA,LOGME - TRANSPO,PR,Araucaria,2026-04-23,2026-04,2026,1
PARÇA,LOGME - TRANSPO,PR,Araucaria,2026-04-24,2026-04,2026,1
PARÇA,LOGME - TRANSPO,PR,Araucaria,2026-05-29,2026-05,2026,2
PARÇA,LOGME - TRANSPO,PR,Araucaria,2026-06-23,2026-06,2026,1
PARÇA,LOGME - TRANSPO,PR,Araucaria,2026-07-03,2026-07,2026,1
PARÇA,LOGME - TRANSPO,PR,Campina Grande do Sul,2026-02-12,2026-02,2026,1
PARÇA,LOGME - TRANSPO,PR,Campina Grande do Sul,2026-03-03,2026-03,2026,1
PARÇA,LOGME - TRANSPO,PR,Campina Grande do Sul,2026-04-17,2026-04,2026,1
PARÇA,LOGME - TRANSPO,PR,Campina Grande do Sul,2026-06-05,2026-06,2026,1
PARÇA,LOGME - TRANSPO,PR,Campina Grande do Sul,2026-06-23,2026-06,2026,1
PARÇA,LOGME - TRANSPO,PR,Campina Grande do Sul,2026-07-27,2026-07,2026,1
PARÇA,LOGME - TRANSPO,PR,Campo Magro,2026-01-27,2026-01,2026,1
PARÇA,LOGME - TRANSPO,PR,Campo Magro,2026-04-21,2026-04,2026,1
PARÇA,LOGME - TRANSPO,PR,Campo Magro,2026-07-28,2026-07,2026,1
PARÇA,LOGME - TRANSPO,PR,Colombo,2026-01-09,2026-01,2026,2
PARÇA,LOGME - TRANSPO,PR,Colombo,2026-01-25,2026-01,2026,1
PARÇA,LOGME - TRANSPO,PR,Colombo,2026-01-30,2026-01,2026,1
PARÇA,LOGME - TRANSPO,PR,Colombo,2026-02-03,2026-02,2026,1
PARÇA,LOGME - TRANSPO,PR,Colombo,2026-02-10,2026-02,2026,1
PARÇA,LOGME - TRANSPO,PR,Colombo,2026-02-20,2026-02,2026,3
PARÇA,LOGME - TRANSPO,PR,Colombo,2026-02-26,2026-02,2026,1
PARÇA,LOGME - TRANSPO,PR,Colombo,2026-03-05,2026-03,2026,1
PARÇA,LOGME - TRANSPO,PR,Colombo,2026-03-19,2026-03,2026,2
PARÇA,LOGME - TRANSPO,PR,Colombo,2026-03-31,2026-03,2026,1
PARÇA,LOGME - TRANSPO,PR,Colombo,2026-04-03,2026-04,2026,1
PARÇA,LOGME - TRANSPO,PR,Colombo,2026-04-11,2026-04,2026,1
PARÇA,LOGME - TRANSPO,PR,Colombo,2026-04-14,2026-04,2026,1
PARÇA,LOGME - TRANSPO,PR,Colombo,2026-04-17,2026-04,2026,1
PARÇA,LOGME - TRANSPO,PR,Colombo,2026-04-21,2026-04,2026,1
PARÇA,LOGME - TRANSPO,PR,Colombo,2026-05-01,2026-05,2026,1
PARÇA,LOGME - TRANSPO,PR,Colombo,2026-05-07,2026-05,2026,2
PARÇA,LOGME - TRANSPO,PR,Colombo,2026-05-15,2026-05,2026,1
PARÇA,LOGME - TRANSPO,PR,Colombo,2026-05-29,2026-05,2026,1
PARÇA,LOGME - TRANSPO,PR,Colombo,2026-06-02,2026-06,2026,2
PARÇA,LOGME - TRANSPO,PR,Colombo,2026-06-09,2026-06,2026,2
PARÇA,LOGME - TRANSPO,PR,Colombo,2026-06-16,2026-06,2026,1
PARÇA,LOGME - TRANSPO,PR,Colombo,2026-06-23,2026-06,2026,1
PARÇA,LOGME - TRANSPO,PR,Colombo,2026-07-03,2026-07,2026,2
PARÇA,LOGME - TRANSPO,PR,Colombo,2026-07-07,2026-07,2026,1
PARÇA,LOGME - TRANSPO,PR,Colombo,2026-07-09,2026-07,2026,1
PARÇA,LOGME - TRANSPO,PR,Colombo,2026-07-17,2026-07,2026,1
PARÇA,LOGME - TRANSPO,PR,Curitiba,2026-01-02,2026-01,2026,1
PARÇA,LOGME - TRANSPO,PR,Curitiba,2026-01-06,2026-01,2026,6
PARÇA,LOGME - TRANSPO,PR,Curitiba,2026-01-08,2026-01,2026,7
PARÇA,LOGME - TRANSPO,PR,Curitiba,2026-01-09,2026-01,2026,14
PARÇA,LOGME - TRANSPO,PR,Curitiba,2026-01-13,2026-01,2026,1
PARÇA,LOGME - TRANSPO,PR,Curitiba,2026-01-14,2026-01,2026,9
PARÇA,LOGME - TRANSPO,PR,Curitiba,2026-01-16,2026-01,2026,3
PARÇA,LOGME - TRANSPO,PR,Curitiba,2026-01-19,2026-01,2026,3
PARÇA,LOGME - TRANSPO,PR,Curitiba,2026-01-20,2026-01,2026,1
PARÇA,LOGME - TRANSPO,PR,Curitiba,2026-01-21,2026-01,2026,8
PARÇA,LOGME - TRANSPO,PR,Curitiba,2026-01-22,2026-01,2026,4
PARÇA,LOGME - TRANSPO,PR,Curitiba,2026-01-23,2026-01,2026,4
PARÇA,LOGME - TRANSPO,PR,Curitiba,2026-01-26,2026-01,2026,1
PARÇA,LOGME - TRANSPO,PR,Curitiba,2026-01-27,2026-01,2026,8
PARÇA,LOGME - TRANSPO,PR,Curitiba,2026-01-29,2026-01,2026,7
PARÇA,LOGME - TRANSPO,PR,Curitiba,2026-01-30,2026-01,2026,6
PARÇA,LOGME - TRANSPO,PR,Curitiba,2026-02-03,2026-02,2026,6
PARÇA,LOGME - TRANSPO,PR,Curitiba,2026-02-05,2026-02,2026,8
PARÇA,LOGME - TRANSPO,PR,Curitiba,2026-02-06,2026-02,2026,5
PARÇA,LOGME - TRANSPO,PR,Curitiba,2026-02-10,2026-02,2026,4
PARÇA,LOGME - TRANSPO,PR,Curitiba,2026-02-12,2026-02,2026,5
PARÇA,LOGME - TRANSPO,PR,Curitiba,2026-02-13,2026-02,2026,4
PARÇA,LOGME - TRANSPO,PR,Curitiba,2026-02-15,2026-02,2026,2
PARÇA,LOGME - TRANSPO,PR,Curitiba,2026-02-19,2026-02,2026,10
PARÇA,LOGME - TRANSPO,PR,Curitiba,2026-02-20,2026-02,2026,4
PARÇA,LOGME - TRANSPO,PR,Curitiba,2026-02-24,2026-02,2026,7
PARÇA,LOGME - TRANSPO,PR,Curitiba,2026-02-26,2026-02,2026,5
PARÇA,LOGME - TRANSPO,PR,Curitiba,2026-02-27,2026-02,2026,5
PARÇA,LOGME - TRANSPO,PR,Curitiba,2026-03-03,2026-03,2026,8
PARÇA,LOGME - TRANSPO,PR,Curitiba,2026-03-05,2026-03,2026,8
PARÇA,LOGME - TRANSPO,PR,Curitiba,2026-03-06,2026-03,2026,3
PARÇA,LOGME - TRANSPO,PR,Curitiba,2026-03-12,2026-03,2026,7
PARÇA,LOGME - TRANSPO,PR,Curitiba,2026-03-13,2026-03,2026,5
PARÇA,LOGME - TRANSPO,PR,Curitiba,2026-03-16,2026-03,2026,1
PARÇA,LOGME - TRANSPO,PR,Curitiba,2026-03-17,2026-03,2026,4
PARÇA,LOGME - TRANSPO,PR,Curitiba,2026-03-19,2026-03,2026,8
PARÇA,LOGME - TRANSPO,PR,Curitiba,2026-03-20,2026-03,2026,11
PARÇA,LOGME - TRANSPO,PR,Curitiba,2026-03-23,2026-03,2026,1
PARÇA,LOGME - TRANSPO,PR,Curitiba,2026-03-24,2026-03,2026,6
PARÇA,LOGME - TRANSPO,PR,Curitiba,2026-03-27,2026-03,2026,3
PARÇA,LOGME - TRANSPO,PR,Curitiba,2026-03-31,2026-03,2026,5
PARÇA,LOGME - TRANSPO,PR,Curitiba,2026-04-02,2026-04,2026,6
PARÇA,LOGME - TRANSPO,PR,Curitiba,2026-04-03,2026-04,2026,1
PARÇA,LOGME - TRANSPO,PR,Curitiba,2026-04-07,2026-04,2026,5
PARÇA,LOGME - TRANSPO,PR,Curitiba,2026-04-10,2026-04,2026,6
PARÇA,LOGME - TRANSPO,PR,Curitiba,2026-04-14,2026-04,2026,6
PARÇA,LOGME - TRANSPO,PR,Curitiba,2026-04-16,2026-04,2026,5
PARÇA,LOGME - TRANSPO,PR,Curitiba,2026-04-17,2026-04,2026,1
PARÇA,LOGME - TRANSPO,PR,Curitiba,2026-04-21,2026-04,2026,9
PARÇA,LOGME - TRANSPO,PR,Curitiba,2026-04-23,2026-04,2026,6
PARÇA,LOGME - TRANSPO,PR,Curitiba,2026-04-24,2026-04,2026,2
PARÇA,LOGME - TRANSPO,PR,Curitiba,2026-04-25,2026-04,2026,1
PARÇA,LOGME - TRANSPO,PR,Curitiba,2026-04-27,2026-04,2026,1
PARÇA,LOGME - TRANSPO,PR,Curitiba,2026-04-28,2026-04,2026,1
PARÇA,LOGME - TRANSPO,PR,Curitiba,2026-05-01,2026-05,2026,2
PARÇA,LOGME - TRANSPO,PR,Curitiba,2026-05-04,2026-05,2026,2
PARÇA,LOGME - TRANSPO,PR,Curitiba,2026-05-05,2026-05,2026,9
PARÇA,LOGME - TRANSPO,PR,Curitiba,2026-05-07,2026-05,2026,8
PARÇA,LOGME - TRANSPO,PR,Curitiba,2026-05-08,2026-05,2026,1
PARÇA,LOGME - TRANSPO,PR,Curitiba,2026-05-11,2026-05,2026,4
PARÇA,LOGME - TRANSPO,PR,Curitiba,2026-05-12,2026-05,2026,8
PARÇA,LOGME - TRANSPO,PR,Curitiba,2026-05-14,2026-05,2026,8
PARÇA,LOGME - TRANSPO,PR,Curitiba,2026-05-15,2026-05,2026,7
PARÇA,LOGME - TRANSPO,PR,Curitiba,2026-05-19,2026-05,2026,11
PARÇA,LOGME - TRANSPO,PR,Curitiba,2026-05-22,2026-05,2026,9
PARÇA,LOGME - TRANSPO,PR,Curitiba,2026-05-26,2026-05,2026,5
PARÇA,LOGME - TRANSPO,PR,Curitiba,2026-05-28,2026-05,2026,1
PARÇA,LOGME - TRANSPO,PR,Curitiba,2026-05-29,2026-05,2026,10
PARÇA,LOGME - TRANSPO,PR,Curitiba,2026-06-01,2026-06,2026,1
PARÇA,LOGME - TRANSPO,PR,Curitiba,2026-06-02,2026-06,2026,7
PARÇA,LOGME - TRANSPO,PR,Curitiba,2026-06-05,2026-06,2026,7
PARÇA,LOGME - TRANSPO,PR,Curitiba,2026-06-09,2026-06,2026,9
PARÇA,LOGME - TRANSPO,PR,Curitiba,2026-06-12,2026-06,2026,4
PARÇA,LOGME - TRANSPO,PR,Curitiba,2026-06-15,2026-06,2026,1
PARÇA,LOGME - TRANSPO,PR,Curitiba,2026-06-16,2026-06,2026,8
PARÇA,LOGME - TRANSPO,PR,Curitiba,2026-06-18,2026-06,2026,1
PARÇA,LOGME - TRANSPO,PR,Curitiba,2026-06-23,2026-06,2026,4
PARÇA,LOGME - TRANSPO,PR,Curitiba,2026-06-26,2026-06,2026,7
PARÇA,LOGME - TRANSPO,PR,Curitiba,2026-06-29,2026-06,2026,2
PARÇA,LOGME - TRANSPO,PR,Curitiba,2026-06-30,2026-06,2026,8
PARÇA,LOGME - TRANSPO,PR,Curitiba,2026-07-03,2026-07,2026,2
PARÇA,LOGME - TRANSPO,PR,Curitiba,2026-07-07,2026-07,2026,7
PARÇA,LOGME - TRANSPO,PR,Curitiba,2026-07-09,2026-07,2026,1
PARÇA,LOGME - TRANSPO,PR,Curitiba,2026-07-10,2026-07,2026,3
PARÇA,LOGME - TRANSPO,PR,Curitiba,2026-07-14,2026-07,2026,8
PARÇA,LOGME - TRANSPO,PR,Curitiba,2026-07-21,2026-07,2026,9
PARÇA,LOGME - TRANSPO,PR,Curitiba,2026-07-23,2026-07,2026,3
PARÇA,LOGME - TRANSPO,PR,Curitiba,2026-07-24,2026-07,2026,1
PARÇA,LOGME - TRANSPO,PR,Curitiba,2026-07-27,2026-07,2026,2
PARÇA,LOGME - TRANSPO,PR,Curitiba,2026-07-28,2026-07,2026,10
PARÇA,LOGME - TRANSPO,PR,Fazenda Rio Grande,2026-01-06,2026-01,2026,3
PARÇA,LOGME - TRANSPO,PR,Fazenda Rio Grande,2026-01-19,2026-01,2026,2
PARÇA,LOGME - TRANSPO,PR,Fazenda Rio Grande,2026-01-21,2026-01,2026,1
PARÇA,LOGME - TRANSPO,PR,Fazenda Rio Grande,2026-01-27,2026-01,2026,1
PARÇA,LOGME - TRANSPO,PR,Fazenda Rio Grande,2026-02-24,2026-02,2026,1
PARÇA,LOGME - TRANSPO,PR,Fazenda Rio Grande,2026-04-14,2026-04,2026,1
PARÇA,LOGME - TRANSPO,PR,Fazenda Rio Grande,2026-04-23,2026-04,2026,1
PARÇA,LOGME - TRANSPO,PR,Fazenda Rio Grande,2026-06-02,2026-06,2026,1
PARÇA,LOGME - TRANSPO,PR,Matinhos,2026-02-03,2026-02,2026,1
PARÇA,LOGME - TRANSPO,PR,Matinhos,2026-05-09,2026-05,2026,1
PARÇA,LOGME - TRANSPO,PR,Matinhos,2026-06-15,2026-06,2026,1
PARÇA,LOGME - TRANSPO,PR,Matinhos,2026-07-09,2026-07,2026,1
PARÇA,LOGME - TRANSPO,PR,Morretes,2026-03-18,2026-03,2026,1
PARÇA,LOGME - TRANSPO,PR,Morretes,2026-03-24,2026-03,2026,1
PARÇA,LOGME - TRANSPO,PR,Morretes,2026-03-31,2026-03,2026,1
PARÇA,LOGME - TRANSPO,PR,Morretes,2026-06-20,2026-06,2026,1
PARÇA,LOGME - TRANSPO,PR,Paranagua,2026-02-03,2026-02,2026,2
PARÇA,LOGME - TRANSPO,PR,Paranagua,2026-02-04,2026-02,2026,1
PARÇA,LOGME - TRANSPO,PR,Paranagua,2026-03-11,2026-03,2026,1
PARÇA,LOGME - TRANSPO,PR,Paranagua,2026-04-11,2026-04,2026,1
PARÇA,LOGME - TRANSPO,PR,Paranagua,2026-04-15,2026-04,2026,1
PARÇA,LOGME - TRANSPO,PR,Paranagua,2026-06-08,2026-06,2026,1
PARÇA,LOGME - TRANSPO,PR,Paranagua,2026-06-20,2026-06,2026,1
PARÇA,LOGME - TRANSPO,PR,Paranagua,2026-06-23,2026-06,2026,1
PARÇA,LOGME - TRANSPO,PR,Paranagua,2026-07-02,2026-07,2026,1
PARÇA,LOGME - TRANSPO,PR,Paranagua,2026-07-16,2026-07,2026,1
PARÇA,LOGME - TRANSPO,PR,Pinhais,2026-01-19,2026-01,2026,1
PARÇA,LOGME - TRANSPO,PR,Pinhais,2026-01-22,2026-01,2026,1
PARÇA,LOGME - TRANSPO,PR,Pinhais,2026-01-23,2026-01,2026,2
PARÇA,LOGME - TRANSPO,PR,Pinhais,2026-01-30,2026-01,2026,1
PARÇA,LOGME - TRANSPO,PR,Pinhais,2026-02-10,2026-02,2026,2
PARÇA,LOGME - TRANSPO,PR,Pinhais,2026-03-20,2026-03,2026,1
PARÇA,LOGME - TRANSPO,PR,Pinhais,2026-03-24,2026-03,2026,2
PARÇA,LOGME - TRANSPO,PR,Pinhais,2026-03-31,2026-03,2026,2
PARÇA,LOGME - TRANSPO,PR,Pinhais,2026-04-03,2026-04,2026,1
PARÇA,LOGME - TRANSPO,PR,Pinhais,2026-04-16,2026-04,2026,1
PARÇA,LOGME - TRANSPO,PR,Pinhais,2026-04-17,2026-04,2026,1
PARÇA,LOGME - TRANSPO,PR,Pinhais,2026-04-25,2026-04,2026,1
PARÇA,LOGME - TRANSPO,PR,Pinhais,2026-05-05,2026-05,2026,1
PARÇA,LOGME - TRANSPO,PR,Pinhais,2026-06-12,2026-06,2026,1
PARÇA,LOGME - TRANSPO,PR,Pinhais,2026-06-23,2026-06,2026,1
PARÇA,LOGME - TRANSPO,PR,Pinhais,2026-07-23,2026-07,2026,2
PARÇA,LOGME - TRANSPO,PR,Piraquara,2026-01-07,2026-01,2026,1
PARÇA,LOGME - TRANSPO,PR,Piraquara,2026-01-08,2026-01,2026,1
PARÇA,LOGME - TRANSPO,PR,Piraquara,2026-01-09,2026-01,2026,1
PARÇA,LOGME - TRANSPO,PR,Piraquara,2026-01-14,2026-01,2026,1
PARÇA,LOGME - TRANSPO,PR,Piraquara,2026-02-03,2026-02,2026,1
PARÇA,LOGME - TRANSPO,PR,Piraquara,2026-02-12,2026-02,2026,1
PARÇA,LOGME - TRANSPO,PR,Piraquara,2026-02-24,2026-02,2026,1
PARÇA,LOGME - TRANSPO,PR,Piraquara,2026-03-12,2026-03,2026,1
PARÇA,LOGME - TRANSPO,PR,Piraquara,2026-04-07,2026-04,2026,3
PARÇA,LOGME - TRANSPO,PR,Piraquara,2026-04-28,2026-04,2026,1
PARÇA,LOGME - TRANSPO,PR,Piraquara,2026-06-23,2026-06,2026,1
PARÇA,LOGME - TRANSPO,PR,Piraquara,2026-07-07,2026-07,2026,1
PARÇA,LOGME - TRANSPO,PR,Piraquara,2026-07-09,2026-07,2026,1
PARÇA,LOGME - TRANSPO,PR,Quatro Barras,2026-01-16,2026-01,2026,1
PARÇA,LOGME - TRANSPO,PR,Quatro Barras,2026-01-30,2026-01,2026,1
PARÇA,LOGME - TRANSPO,PR,Quatro Barras,2026-02-26,2026-02,2026,1
PARÇA,LOGME - TRANSPO,PR,Quatro Barras,2026-03-03,2026-03,2026,1
PARÇA,LOGME - TRANSPO,PR,Quatro Barras,2026-04-23,2026-04,2026,1
PARÇA,LOGME - TRANSPO,PR,Quatro Barras,2026-06-18,2026-06,2026,1
PARÇA,LOGME - TRANSPO,PR,Quatro Barras,2026-06-30,2026-06,2026,1
PARÇA,LOGME - TRANSPO,PR,Sao Jose dos Pinhais,2026-01-08,2026-01,2026,1
PARÇA,LOGME - TRANSPO,PR,Sao Jose dos Pinhais,2026-01-09,2026-01,2026,2
PARÇA,LOGME - TRANSPO,PR,Sao Jose dos Pinhais,2026-01-14,2026-01,2026,1
PARÇA,LOGME - TRANSPO,PR,Sao Jose dos Pinhais,2026-01-16,2026-01,2026,2
PARÇA,LOGME - TRANSPO,PR,Sao Jose dos Pinhais,2026-01-19,2026-01,2026,1
PARÇA,LOGME - TRANSPO,PR,Sao Jose dos Pinhais,2026-01-22,2026-01,2026,1
PARÇA,LOGME - TRANSPO,PR,Sao Jose dos Pinhais,2026-02-03,2026-02,2026,2
PARÇA,LOGME - TRANSPO,PR,Sao Jose dos Pinhais,2026-02-06,2026-02,2026,3
PARÇA,LOGME - TRANSPO,PR,Sao Jose dos Pinhais,2026-02-20,2026-02,2026,2
PARÇA,LOGME - TRANSPO,PR,Sao Jose dos Pinhais,2026-03-05,2026-03,2026,1
PARÇA,LOGME - TRANSPO,PR,Sao Jose dos Pinhais,2026-03-13,2026-03,2026,1
PARÇA,LOGME - TRANSPO,PR,Sao Jose dos Pinhais,2026-03-17,2026-03,2026,3
PARÇA,LOGME - TRANSPO,PR,Sao Jose dos Pinhais,2026-03-19,2026-03,2026,1
PARÇA,LOGME - TRANSPO,PR,Sao Jose dos Pinhais,2026-03-20,2026-03,2026,2
PARÇA,LOGME - TRANSPO,PR,Sao Jose dos Pinhais,2026-03-31,2026-03,2026,1
PARÇA,LOGME - TRANSPO,PR,Sao Jose dos Pinhais,2026-04-07,2026-04,2026,1
PARÇA,LOGME - TRANSPO,PR,Sao Jose dos Pinhais,2026-04-10,2026-04,2026,1
PARÇA,LOGME - TRANSPO,PR,Sao Jose dos Pinhais,2026-04-17,2026-04,2026,1
PARÇA,LOGME - TRANSPO,PR,Sao Jose dos Pinhais,2026-04-23,2026-04,2026,1
PARÇA,LOGME - TRANSPO,PR,Sao Jose dos Pinhais,2026-05-05,2026-05,2026,1
PARÇA,LOGME - TRANSPO,PR,Sao Jose dos Pinhais,2026-05-11,2026-05,2026,1
PARÇA,LOGME - TRANSPO,PR,Sao Jose dos Pinhais,2026-05-12,2026-05,2026,3
PARÇA,LOGME - TRANSPO,PR,Sao Jose dos Pinhais,2026-05-14,2026-05,2026,1
PARÇA,LOGME - TRANSPO,PR,Sao Jose dos Pinhais,2026-05-22,2026-05,2026,4
PARÇA,LOGME - TRANSPO,PR,Sao Jose dos Pinhais,2026-05-26,2026-05,2026,3
PARÇA,LOGME - TRANSPO,PR,Sao Jose dos Pinhais,2026-05-29,2026-05,2026,2
PARÇA,LOGME - TRANSPO,PR,Sao Jose dos Pinhais,2026-06-02,2026-06,2026,1
PARÇA,LOGME - TRANSPO,PR,Sao Jose dos Pinhais,2026-06-05,2026-06,2026,3
PARÇA,LOGME - TRANSPO,PR,Sao Jose dos Pinhais,2026-06-12,2026-06,2026,3
PARÇA,LOGME - TRANSPO,PR,Sao Jose dos Pinhais,2026-06-16,2026-06,2026,1
PARÇA,LOGME - TRANSPO,PR,Sao Jose dos Pinhais,2026-07-03,2026-07,2026,1
PARÇA,LOGME - TRANSPO,PR,Sao Jose dos Pinhais,2026-07-07,2026-07,2026,2
PARÇA,LOGME - TRANSPO,PR,Sao Jose dos Pinhais,2026-07-14,2026-07,2026,1
PARÇA,LOGME - TRANSPO,PR,Sao Jose dos Pinhais,2026-07-17,2026-07,2026,1
PARÇA,LOGME - TRANSPO,PR,Sao Jose dos Pinhais,2026-07-23,2026-07,2026,1
PARÇA,LOGME - TRANSPO,PR,Sao Jose dos Pinhais,2026-07-24,2026-07,2026,1
PARÇA,LOGME - TRANSPO,PR,Sao Jose dos Pinhais,2026-07-28,2026-07,2026,1
PARÇA,LOGME - TRANSPO,SC,Balneario Camboriu,2026-01-08,2026-01,2026,3
PARÇA,LOGME - TRANSPO,SC,Balneario Camboriu,2026-01-15,2026-01,2026,3
PARÇA,LOGME - TRANSPO,SC,Balneario Camboriu,2026-01-22,2026-01,2026,2
PARÇA,LOGME - TRANSPO,SC,Balneario Camboriu,2026-01-29,2026-01,2026,1
PARÇA,LOGME - TRANSPO,SC,Balneario Camboriu,2026-02-05,2026-02,2026,1
PARÇA,LOGME - TRANSPO,SC,Blumenau,2026-01-08,2026-01,2026,1
PARÇA,LOGME - TRANSPO,SC,Blumenau,2026-01-15,2026-01,2026,1
PARÇA,LOGME - TRANSPO,SC,Blumenau,2026-01-22,2026-01,2026,1
PARÇA,LOGME - TRANSPO,SC,Blumenau,2026-01-29,2026-01,2026,1
PARÇA,LOGME - TRANSPO,SC,Blumenau,2026-02-05,2026-02,2026,1
PARÇA,LOGME - TRANSPO,SC,Blumenau,2026-02-12,2026-02,2026,1
PARÇA,LOGME - TRANSPO,SC,Bombinhas,2026-01-08,2026-01,2026,3
PARÇA,LOGME - TRANSPO,SC,Brusque,2026-01-06,2026-01,2026,2
PARÇA,LOGME - TRANSPO,SC,Brusque,2026-01-22,2026-01,2026,1
PARÇA,LOGME - TRANSPO,SC,Brusque,2026-01-24,2026-01,2026,1
PARÇA,LOGME - TRANSPO,SC,Brusque,2026-01-29,2026-01,2026,2
PARÇA,LOGME - TRANSPO,SC,Brusque,2026-01-31,2026-01,2026,1
PARÇA,LOGME - TRANSPO,SC,Brusque,2026-02-05,2026-02,2026,2
PARÇA,LOGME - TRANSPO,SC,Brusque,2026-02-12,2026-02,2026,3
PARÇA,LOGME - TRANSPO,SC,Camboriu,2026-01-08,2026-01,2026,1
PARÇA,LOGME - TRANSPO,SC,Camboriu,2026-01-15,2026-01,2026,1
PARÇA,LOGME - TRANSPO,SC,Camboriu,2026-01-29,2026-01,2026,1
PARÇA,LOGME - TRANSPO,SC,Camboriu,2026-02-12,2026-02,2026,1
PARÇA,LOGME - TRANSPO,SC,Florianopolis,2026-01-08,2026-01,2026,5
PARÇA,LOGME - TRANSPO,SC,Florianopolis,2026-01-09,2026-01,2026,1
PARÇA,LOGME - TRANSPO,SC,Florianopolis,2026-01-15,2026-01,2026,8
PARÇA,LOGME - TRANSPO,SC,Florianopolis,2026-01-22,2026-01,2026,8
PARÇA,LOGME - TRANSPO,SC,Florianopolis,2026-01-23,2026-01,2026,1
PARÇA,LOGME - TRANSPO,SC,Florianopolis,2026-01-27,2026-01,2026,1
PARÇA,LOGME - TRANSPO,SC,Florianopolis,2026-01-29,2026-01,2026,6
PARÇA,LOGME - TRANSPO,SC,Florianopolis,2026-02-05,2026-02,2026,4
PARÇA,LOGME - TRANSPO,SC,Florianopolis,2026-02-12,2026-02,2026,6
PARÇA,LOGME - TRANSPO,SC,Itajai,2026-01-09,2026-01,2026,1
PARÇA,LOGME - TRANSPO,SC,Itajai,2026-01-15,2026-01,2026,1
PARÇA,LOGME - TRANSPO,SC,Itajai,2026-01-22,2026-01,2026,3
PARÇA,LOGME - TRANSPO,SC,Itajai,2026-01-31,2026-01,2026,1
PARÇA,LOGME - TRANSPO,SC,Itapema,2026-01-22,2026-01,2026,1
PARÇA,LOGME - TRANSPO,SC,Itapema,2026-01-29,2026-01,2026,1
PARÇA,LOGME - TRANSPO,SC,Navegantes,2026-01-08,2026-01,2026,1
PARÇA,LOGME - TRANSPO,SC,Navegantes,2026-01-22,2026-01,2026,1
PARÇA,LOGME - TRANSPO,SC,Navegantes,2026-01-29,2026-01,2026,1
PARÇA,LOGME - TRANSPO,SC,Palhoca,2026-01-15,2026-01,2026,3
PARÇA,LOGME - TRANSPO,SC,Palhoca,2026-01-22,2026-01,2026,3
PARÇA,LOGME - TRANSPO,SC,Palhoca,2026-02-05,2026-02,2026,1
PARÇA,LOGME - TRANSPO,SC,Palhoca,2026-02-12,2026-02,2026,1
PARÇA,LOGME - TRANSPO,SC,Penha,2026-01-22,2026-01,2026,1
PARÇA,LOGME - TRANSPO,SC,Penha,2026-01-29,2026-01,2026,1
PARÇA,LOGME - TRANSPO,SC,Penha,2026-02-05,2026-02,2026,1
PARÇA,LOGME - TRANSPO,SC,Porto Belo,2026-02-05,2026-02,2026,1
PARÇA,LOGME - TRANSPO,SC,Sao Jose,2026-01-08,2026-01,2026,2
PARÇA,LOGME - TRANSPO,SC,Sao Jose,2026-01-09,2026-01,2026,1
PARÇA,LOGME - TRANSPO,SC,Sao Jose,2026-01-12,2026-01,2026,1
PARÇA,LOGME - TRANSPO,SC,Sao Jose,2026-01-22,2026-01,2026,1
PARÇA,LOGME - TRANSPO,SC,Sao Jose,2026-01-29,2026-01,2026,2
PARÇA,LOGME - TRANSPO,SC,Sao Jose,2026-02-05,2026-02,2026,5
PARÇA,LOGME - TRANSPO,SC,Sao Jose,2026-02-12,2026-02,2026,1
PARÇA,LOGME - TRANSPO,SC,Sao Jose,2026-02-26,2026-02,2026,2
PARÇA,LOGME - TRANSPO,SC,Tijucas,2026-01-15,2026-01,2026,1
PARÇA,LOGME - TRANSPO,SP,Agudos,2026-05-08,2026-05,2026,1
PARÇA,LOGME - TRANSPO,SP,Agudos,2026-07-14,2026-07,2026,1
PARÇA,LOGME - TRANSPO,SP,Araraquara,2026-03-17,2026-03,2026,1
PARÇA,LOGME - TRANSPO,SP,Araraquara,2026-03-24,2026-03,2026,1
PARÇA,LOGME - TRANSPO,SP,Araraquara,2026-04-09,2026-04,2026,3
PARÇA,LOGME - TRANSPO,SP,Araraquara,2026-04-10,2026-04,2026,1
PARÇA,LOGME - TRANSPO,SP,Araraquara,2026-04-14,2026-04,2026,1
PARÇA,LOGME - TRANSPO,SP,Araraquara,2026-04-23,2026-04,2026,1
PARÇA,LOGME - TRANSPO,SP,Araraquara,2026-04-29,2026-04,2026,3
PARÇA,LOGME - TRANSPO,SP,Araraquara,2026-05-07,2026-05,2026,2
PARÇA,LOGME - TRANSPO,SP,Araraquara,2026-05-14,2026-05,2026,1
PARÇA,LOGME - TRANSPO,SP,Araraquara,2026-05-22,2026-05,2026,1
PARÇA,LOGME - TRANSPO,SP,Araraquara,2026-05-28,2026-05,2026,2
PARÇA,LOGME - TRANSPO,SP,Araraquara,2026-06-05,2026-06,2026,3
PARÇA,LOGME - TRANSPO,SP,Araraquara,2026-06-12,2026-06,2026,2
PARÇA,LOGME - TRANSPO,SP,Araraquara,2026-06-25,2026-06,2026,3
PARÇA,LOGME - TRANSPO,SP,Araraquara,2026-07-02,2026-07,2026,3
PARÇA,LOGME - TRANSPO,SP,Araraquara,2026-07-16,2026-07,2026,3
PARÇA,LOGME - TRANSPO,SP,Bariri,2026-03-24,2026-03,2026,1
PARÇA,LOGME - TRANSPO,SP,Bariri,2026-05-07,2026-05,2026,1
PARÇA,LOGME - TRANSPO,SP,Bariri,2026-06-25,2026-06,2026,2
PARÇA,LOGME - TRANSPO,SP,Barra Bonita,2026-04-29,2026-04,2026,1
PARÇA,LOGME - TRANSPO,SP,Barra Bonita,2026-06-02,2026-06,2026,1
PARÇA,LOGME - TRANSPO,SP,Barra Bonita,2026-07-14,2026-07,2026,1
PARÇA,LOGME - TRANSPO,SP,Bauru,2026-03-17,2026-03,2026,1
PARÇA,LOGME - TRANSPO,SP,Bauru,2026-03-26,2026-03,2026,6
PARÇA,LOGME - TRANSPO,SP,Bauru,2026-04-08,2026-04,2026,1
PARÇA,LOGME - TRANSPO,SP,Bauru,2026-04-24,2026-04,2026,6
PARÇA,LOGME - TRANSPO,SP,Bauru,2026-04-30,2026-04,2026,5
PARÇA,LOGME - TRANSPO,SP,Bauru,2026-05-08,2026-05,2026,2
PARÇA,LOGME - TRANSPO,SP,Bauru,2026-05-15,2026-05,2026,1
PARÇA,LOGME - TRANSPO,SP,Bauru,2026-05-26,2026-05,2026,2
PARÇA,LOGME - TRANSPO,SP,Bauru,2026-06-23,2026-06,2026,3
PARÇA,LOGME - TRANSPO,SP,Bauru,2026-07-01,2026-07,2026,3
PARÇA,LOGME - TRANSPO,SP,Bauru,2026-07-07,2026-07,2026,4
PARÇA,LOGME - TRANSPO,SP,Bauru,2026-07-14,2026-07,2026,5
PARÇA,LOGME - TRANSPO,SP,Bauru,2026-07-21,2026-07,2026,1
PARÇA,LOGME - TRANSPO,SP,Bauru,2026-07-28,2026-07,2026,2
PARÇA,LOGME - TRANSPO,SP,Bernardino de Campos,2026-06-05,2026-06,2026,1
PARÇA,LOGME - TRANSPO,SP,Boa Esperanca do Sul,2026-04-09,2026-04,2026,1
PARÇA,LOGME - TRANSPO,SP,Boa Esperanca do Sul,2026-06-05,2026-06,2026,1
PARÇA,LOGME - TRANSPO,SP,Boa Esperanca do Sul,2026-06-25,2026-06,2026,1
PARÇA,LOGME - TRANSPO,SP,Botucatu,2026-03-17,2026-03,2026,1
PARÇA,LOGME - TRANSPO,SP,Botucatu,2026-04-08,2026-04,2026,3
PARÇA,LOGME - TRANSPO,SP,Botucatu,2026-05-26,2026-05,2026,1
PARÇA,LOGME - TRANSPO,SP,Botucatu,2026-06-02,2026-06,2026,2
PARÇA,LOGME - TRANSPO,SP,Botucatu,2026-06-23,2026-06,2026,1
PARÇA,LOGME - TRANSPO,SP,Botucatu,2026-07-01,2026-07,2026,1
PARÇA,LOGME - TRANSPO,SP,Botucatu,2026-07-14,2026-07,2026,1
PARÇA,LOGME - TRANSPO,SP,Botucatu,2026-07-28,2026-07,2026,3
PARÇA,LOGME - TRANSPO,SP,Dourado,2026-04-09,2026-04,2026,1
PARÇA,LOGME - TRANSPO,SP,Duartina,2026-05-27,2026-05,2026,1
PARÇA,LOGME - TRANSPO,SP,Duartina,2026-06-30,2026-06,2026,1
PARÇA,LOGME - TRANSPO,SP,Espirito Santo do Turvo,2026-04-25,2026-04,2026,1
PARÇA,LOGME - TRANSPO,SP,Ibate,2026-05-14,2026-05,2026,2
PARÇA,LOGME - TRANSPO,SP,Ibate,2026-06-25,2026-06,2026,1
PARÇA,LOGME - TRANSPO,SP,Igaracu do Tiete,2026-03-24,2026-03,2026,1
PARÇA,LOGME - TRANSPO,SP,Igaracu do Tiete,2026-04-29,2026-04,2026,1
PARÇA,LOGME - TRANSPO,SP,Igaracu do Tiete,2026-05-26,2026-05,2026,1
PARÇA,LOGME - TRANSPO,SP,Jau,2026-03-31,2026-03,2026,2
PARÇA,LOGME - TRANSPO,SP,Jau,2026-04-23,2026-04,2026,1
PARÇA,LOGME - TRANSPO,SP,Jau,2026-04-29,2026-04,2026,1
PARÇA,LOGME - TRANSPO,SP,Jau,2026-07-02,2026-07,2026,1
PARÇA,LOGME - TRANSPO,SP,Lencois Paulista,2026-03-17,2026-03,2026,2
PARÇA,LOGME - TRANSPO,SP,Lencois Paulista,2026-04-08,2026-04,2026,1
PARÇA,LOGME - TRANSPO,SP,Lencois Paulista,2026-05-15,2026-05,2026,1
PARÇA,LOGME - TRANSPO,SP,Lencois Paulista,2026-06-02,2026-06,2026,1
PARÇA,LOGME - TRANSPO,SP,Lencois Paulista,2026-07-01,2026-07,2026,1
PARÇA,LOGME - TRANSPO,SP,Lencois Paulista,2026-07-14,2026-07,2026,1
PARÇA,LOGME - TRANSPO,SP,Lencois Paulista,2026-07-28,2026-07,2026,2
PARÇA,LOGME - TRANSPO,SP,Macatuba,2026-03-26,2026-03,2026,1
PARÇA,LOGME - TRANSPO,SP,Ourinhos,2026-03-17,2026-03,2026,2
PARÇA,LOGME - TRANSPO,SP,Ourinhos,2026-04-16,2026-04,2026,1
PARÇA,LOGME - TRANSPO,SP,Ourinhos,2026-04-25,2026-04,2026,2
PARÇA,LOGME - TRANSPO,SP,Ourinhos,2026-06-05,2026-06,2026,1
PARÇA,LOGME - TRANSPO,SP,Ourinhos,2026-06-26,2026-06,2026,1
PARÇA,LOGME - TRANSPO,SP,Ourinhos,2026-07-20,2026-07,2026,1
PARÇA,LOGME - TRANSPO,SP,Ourinhos,2026-07-29,2026-07,2026,3
PARÇA,LOGME - TRANSPO,SP,Pederneiras,2026-05-22,2026-05,2026,1
PARÇA,LOGME - TRANSPO,SP,Pederneiras,2026-06-05,2026-06,2026,1
PARÇA,LOGME - TRANSPO,SP,Presidente Alves,2026-03-28,2026-03,2026,1
PARÇA,LOGME - TRANSPO,SP,Santa Cruz do Rio Pardo,2026-07-20,2026-07,2026,1
PARÇA,LOGME - TRANSPO,SP,Sao Carlos,2026-03-17,2026-03,2026,1
PARÇA,LOGME - TRANSPO,SP,Sao Carlos,2026-03-24,2026-03,2026,3
PARÇA,LOGME - TRANSPO,SP,Sao Carlos,2026-03-31,2026-03,2026,4
PARÇA,LOGME - TRANSPO,SP,Sao Carlos,2026-04-09,2026-04,2026,2
PARÇA,LOGME - TRANSPO,SP,Sao Carlos,2026-04-14,2026-04,2026,5
PARÇA,LOGME - TRANSPO,SP,Sao Carlos,2026-04-23,2026-04,2026,5
PARÇA,LOGME - TRANSPO,SP,Sao Carlos,2026-04-29,2026-04,2026,4
PARÇA,LOGME - TRANSPO,SP,Sao Carlos,2026-05-07,2026-05,2026,2
PARÇA,LOGME - TRANSPO,SP,Sao Carlos,2026-05-08,2026-05,2026,1
PARÇA,LOGME - TRANSPO,SP,Sao Carlos,2026-05-14,2026-05,2026,2
PARÇA,LOGME - TRANSPO,SP,Sao Carlos,2026-05-22,2026-05,2026,4
PARÇA,LOGME - TRANSPO,SP,Sao Carlos,2026-05-28,2026-05,2026,2
PARÇA,LOGME - TRANSPO,SP,Sao Carlos,2026-06-05,2026-06,2026,4
PARÇA,LOGME - TRANSPO,SP,Sao Carlos,2026-06-12,2026-06,2026,1
PARÇA,LOGME - TRANSPO,SP,Sao Carlos,2026-06-25,2026-06,2026,3
PARÇA,LOGME - TRANSPO,SP,Sao Carlos,2026-07-02,2026-07,2026,4
PARÇA,LOGME - TRANSPO,SP,Sao Carlos,2026-07-07,2026-07,2026,1
PARÇA,LOGME - TRANSPO,SP,Sao Carlos,2026-07-16,2026-07,2026,3
PARÇA,LOGME - TRANSPO,SP,Sao Manuel,2026-04-24,2026-04,2026,1
PARÇA,LOGME - TRANSPO,SP,Sao Manuel,2026-06-23,2026-06,2026,2
PARÇA,LOGME - TRANSPO,SP,Sao Manuel,2026-07-21,2026-07,2026,1
PARÇA,MEGA MULTI OUTL,SP,Assis,2026-01-06,2026-01,2026,1
PARÇA,MEGA MULTI OUTL,SP,Assis,2026-01-12,2026-01,2026,1
PARÇA,MEGA MULTI OUTL,SP,Assis,2026-02-26,2026-02,2026,2
PARÇA,MEGA MULTI OUTL,SP,Assis,2026-04-14,2026-04,2026,1
PARÇA,MEGA MULTI OUTL,SP,Assis,2026-05-04,2026-05,2026,1
PARÇA,MEGA MULTI OUTL,SP,Assis,2026-05-12,2026-05,2026,1
PARÇA,MEGA MULTI OUTL,SP,Assis,2026-05-22,2026-05,2026,2
PARÇA,MEGA MULTI OUTL,SP,Assis,2026-06-11,2026-06,2026,2
PARÇA,MEGA MULTI OUTL,SP,Assis,2026-06-17,2026-06,2026,2
PARÇA,MEGA MULTI OUTL,SP,Assis,2026-07-13,2026-07,2026,4
PARÇA,MEGA MULTI OUTL,SP,Assis,2026-07-28,2026-07,2026,3
PARÇA,MEGA MULTI OUTL,SP,Candido Mota,2026-02-04,2026-02,2026,1
PARÇA,MEGA MULTI OUTL,SP,Candido Mota,2026-03-17,2026-03,2026,1
PARÇA,MEGA MULTI OUTL,SP,Candido Mota,2026-05-12,2026-05,2026,2
PARÇA,MEGA MULTI OUTL,SP,Ibirarema,2026-05-04,2026-05,2026,1
PARÇA,MEGA MULTI OUTL,SP,Ibirarema,2026-05-29,2026-05,2026,1
PARÇA,MEGA MULTI OUTL,SP,Ibirarema,2026-06-11,2026-06,2026,1
PARÇA,MEGA MULTI OUTL,SP,Ibirarema,2026-07-01,2026-07,2026,1
PARÇA,MEGA MULTI OUTL,SP,Marilia,2026-01-07,2026-01,2026,3
PARÇA,MEGA MULTI OUTL,SP,Marilia,2026-01-14,2026-01,2026,3
PARÇA,MEGA MULTI OUTL,SP,Marilia,2026-01-21,2026-01,2026,2
PARÇA,MEGA MULTI OUTL,SP,Marilia,2026-01-28,2026-01,2026,3
PARÇA,MEGA MULTI OUTL,SP,Marilia,2026-02-05,2026-02,2026,2
PARÇA,MEGA MULTI OUTL,SP,Marilia,2026-02-20,2026-02,2026,2
PARÇA,MEGA MULTI OUTL,SP,Marilia,2026-03-09,2026-03,2026,2
PARÇA,MEGA MULTI OUTL,SP,Marilia,2026-03-20,2026-03,2026,4
PARÇA,MEGA MULTI OUTL,SP,Marilia,2026-04-02,2026-04,2026,5
PARÇA,MEGA MULTI OUTL,SP,Marilia,2026-04-10,2026-04,2026,2
PARÇA,MEGA MULTI OUTL,SP,Marilia,2026-04-24,2026-04,2026,1
PARÇA,MEGA MULTI OUTL,SP,Marilia,2026-05-08,2026-05,2026,2
PARÇA,MEGA MULTI OUTL,SP,Marilia,2026-05-14,2026-05,2026,1
PARÇA,MEGA MULTI OUTL,SP,Marilia,2026-05-21,2026-05,2026,2
PARÇA,MEGA MULTI OUTL,SP,Marilia,2026-06-09,2026-06,2026,1
PARÇA,MEGA MULTI OUTL,SP,Marilia,2026-06-10,2026-06,2026,2
PARÇA,MEGA MULTI OUTL,SP,Marilia,2026-06-24,2026-06,2026,4
PARÇA,MEGA MULTI OUTL,SP,Marilia,2026-07-02,2026-07,2026,3
PARÇA,MEGA MULTI OUTL,SP,Marilia,2026-07-06,2026-07,2026,3
PARÇA,MEGA MULTI OUTL,SP,Marilia,2026-07-17,2026-07,2026,3
PARÇA,MEGA MULTI OUTL,SP,Marilia,2026-07-24,2026-07,2026,4
PARÇA,MEGA MULTI OUTL,SP,Ourinhos,2026-01-20,2026-01,2026,1
PARÇA,MEGA MULTI OUTL,SP,Ourinhos,2026-02-12,2026-02,2026,1
PARÇA,MEGA MULTI OUTL,SP,Ourinhos,2026-02-26,2026-02,2026,2
PARÇA,MEGA MULTI OUTL,SP,Paraguacu Paulista,2026-01-06,2026-01,2026,1
PARÇA,MEGA MULTI OUTL,SP,Paraguacu Paulista,2026-03-06,2026-03,2026,1
PARÇA,MEGA MULTI OUTL,SP,Paraguacu Paulista,2026-03-24,2026-03,2026,1
PARÇA,MEGA MULTI OUTL,SP,Paraguacu Paulista,2026-06-09,2026-06,2026,1
PARÇA,MEGA MULTI OUTL,SP,Paraguacu Paulista,2026-06-11,2026-06,2026,1
PARÇA,MEGA MULTI OUTL,SP,Paraguacu Paulista,2026-07-01,2026-07,2026,1
PARÇA,MEGA MULTI OUTL,SP,Pirapozinho,2026-02-06,2026-02,2026,1
PARÇA,MEGA MULTI OUTL,SP,Pirapozinho,2026-05-15,2026-05,2026,3
PARÇA,MEGA MULTI OUTL,SP,Pirapozinho,2026-06-12,2026-06,2026,1
PARÇA,MEGA MULTI OUTL,SP,Pirapozinho,2026-06-22,2026-06,2026,2
PARÇA,MEGA MULTI OUTL,SP,Pompeia,2026-02-20,2026-02,2026,1
PARÇA,MEGA MULTI OUTL,SP,Pompeia,2026-03-09,2026-03,2026,1
PARÇA,MEGA MULTI OUTL,SP,Pompeia,2026-06-18,2026-06,2026,1
PARÇA,MEGA MULTI OUTL,SP,Presidente Prudente,2026-01-03,2026-01,2026,1
PARÇA,MEGA MULTI OUTL,SP,Presidente Prudente,2026-01-08,2026-01,2026,2
PARÇA,MEGA MULTI OUTL,SP,Presidente Prudente,2026-01-17,2026-01,2026,2
PARÇA,MEGA MULTI OUTL,SP,Presidente Prudente,2026-01-31,2026-01,2026,1
PARÇA,MEGA MULTI OUTL,SP,Presidente Prudente,2026-02-06,2026-02,2026,2
PARÇA,MEGA MULTI OUTL,SP,Presidente Prudente,2026-02-19,2026-02,2026,3
PARÇA,MEGA MULTI OUTL,SP,Presidente Prudente,2026-03-02,2026-03,2026,4
PARÇA,MEGA MULTI OUTL,SP,Presidente Prudente,2026-03-16,2026-03,2026,1
PARÇA,MEGA MULTI OUTL,SP,Presidente Prudente,2026-04-08,2026-04,2026,5
PARÇA,MEGA MULTI OUTL,SP,Presidente Prudente,2026-04-22,2026-04,2026,3
PARÇA,MEGA MULTI OUTL,SP,Presidente Prudente,2026-05-06,2026-05,2026,5
PARÇA,MEGA MULTI OUTL,SP,Presidente Prudente,2026-05-15,2026-05,2026,1
PARÇA,MEGA MULTI OUTL,SP,Presidente Prudente,2026-05-18,2026-05,2026,1
PARÇA,MEGA MULTI OUTL,SP,Presidente Prudente,2026-05-20,2026-05,2026,1
PARÇA,MEGA MULTI OUTL,SP,Presidente Prudente,2026-05-22,2026-05,2026,1
PARÇA,MEGA MULTI OUTL,SP,Presidente Prudente,2026-05-27,2026-05,2026,3
PARÇA,MEGA MULTI OUTL,SP,Presidente Prudente,2026-06-05,2026-06,2026,4
PARÇA,MEGA MULTI OUTL,SP,Presidente Prudente,2026-06-12,2026-06,2026,2
PARÇA,MEGA MULTI OUTL,SP,Presidente Prudente,2026-06-22,2026-06,2026,1
PARÇA,MEGA MULTI OUTL,SP,Presidente Prudente,2026-07-16,2026-07,2026,3
PARÇA,MEGA MULTI OUTL,SP,Presidente Prudente,2026-07-22,2026-07,2026,3
PARÇA,MEGA MULTI OUTL,SP,Presidente Prudente,2026-07-27,2026-07,2026,3
PARÇA,MEGA MULTI OUTL,SP,Quata,2026-06-12,2026-06,2026,1
PARÇA,MEGA MULTI OUTL,SP,Quata,2026-07-28,2026-07,2026,1
PARÇA,MEGA MULTI OUTL,SP,Rancharia,2026-03-06,2026-03,2026,1
PARÇA,MEGA MULTI OUTL,SP,Rancharia,2026-03-27,2026-03,2026,1
PARÇA,MEGA MULTI OUTL,SP,Rancharia,2026-04-08,2026-04,2026,1
PARÇA,MEGA MULTI OUTL,SP,Rancharia,2026-04-22,2026-04,2026,1
PARÇA,MEGA MULTI OUTL,SP,Rancharia,2026-06-26,2026-06,2026,1
PARÇA,MEGA MULTI OUTL,SP,Salto Grande,2026-05-29,2026-05,2026,1
PARÇA,MEGA MULTI OUTL,SP,Tarabai,2026-04-22,2026-04,2026,1
PARÇA,MEGA MULTI OUTL,SP,Taruma,2026-03-04,2026-03,2026,1
PARÇA,MEGA MULTI OUTL,SP,Tupa,2026-01-13,2026-01,2026,1
PARÇA,MEGA MULTI OUTL,SP,Tupa,2026-02-24,2026-02,2026,1
PARÇA,MEGA MULTI OUTL,SP,Tupa,2026-03-27,2026-03,2026,1
PARÇA,MEGA MULTI OUTL,SP,Tupa,2026-06-30,2026-06,2026,1
PARÇA,MEGA MULTI OUTL,SP,Tupa,2026-07-14,2026-07,2026,2
PARÇA,MOVEIS CAMILO L,MG,Alfenas,2026-05-12,2026-05,2026,1
PARÇA,MOVEIS CAMILO L,MG,Botelhos,2026-05-25,2026-05,2026,1
PARÇA,MOVEIS CAMILO L,MG,Cabo Verde,2026-07-17,2026-07,2026,1
PARÇA,MOVEIS CAMILO L,MG,Congonhal,2026-02-13,2026-02,2026,1
PARÇA,MOVEIS CAMILO L,MG,Jacutinga,2026-02-23,2026-02,2026,1
PARÇA,MOVEIS CAMILO L,MG,Machado,2026-03-12,2026-03,2026,2
PARÇA,MOVEIS CAMILO L,MG,Machado,2026-04-23,2026-04,2026,1
PARÇA,MOVEIS CAMILO L,MG,Muzambinho,2026-02-20,2026-02,2026,2
PARÇA,MOVEIS CAMILO L,MG,Poco Fundo,2026-03-12,2026-03,2026,1
PARÇA,MOVEIS CAMILO L,MG,Pocos de Caldas,2026-02-18,2026-02,2026,2
PARÇA,MOVEIS CAMILO L,MG,Pocos de Caldas,2026-02-26,2026-02,2026,1
PARÇA,MOVEIS CAMILO L,MG,Pocos de Caldas,2026-03-07,2026-03,2026,1
PARÇA,MOVEIS CAMILO L,MG,Pocos de Caldas,2026-03-10,2026-03,2026,1
PARÇA,MOVEIS CAMILO L,MG,Pocos de Caldas,2026-03-28,2026-03,2026,1
PARÇA,MOVEIS CAMILO L,MG,Pocos de Caldas,2026-04-20,2026-04,2026,1
PARÇA,MOVEIS CAMILO L,MG,Pocos de Caldas,2026-04-28,2026-04,2026,1
PARÇA,MOVEIS CAMILO L,MG,Pocos de Caldas,2026-04-29,2026-04,2026,1
PARÇA,MOVEIS CAMILO L,MG,Pocos de Caldas,2026-05-14,2026-05,2026,1
PARÇA,MOVEIS CAMILO L,MG,Pocos de Caldas,2026-05-18,2026-05,2026,1
PARÇA,MOVEIS CAMILO L,MG,Pocos de Caldas,2026-06-10,2026-06,2026,1
PARÇA,MOVEIS CAMILO L,MG,Pouso Alegre,2026-02-09,2026-02,2026,1
PARÇA,MOVEIS CAMILO L,MG,Pouso Alegre,2026-02-13,2026-02,2026,1
PARÇA,MOVEIS CAMILO L,MG,Pouso Alegre,2026-03-04,2026-03,2026,2
PARÇA,MOVEIS CAMILO L,MG,Pouso Alegre,2026-04-30,2026-04,2026,2
PARÇA,MOVEIS CAMILO L,MG,Pouso Alegre,2026-07-23,2026-07,2026,1
PARÇA,MOVEIS CAMILO L,MG,Varginha,2026-02-20,2026-02,2026,1
PARÇA,MOVEIS CAMILO L,MG,Varginha,2026-03-12,2026-03,2026,2
PARÇA,MOVEIS CAMILO L,MG,Varginha,2026-03-30,2026-03,2026,1
PARÇA,MOVEIS CAMILO L,MG,Varginha,2026-04-23,2026-04,2026,3
PARÇA,MOVEIS CAMILO L,MG,Varginha,2026-05-12,2026-05,2026,1
PARÇA,MOVEIS CAMILO L,MG,Varginha,2026-06-15,2026-06,2026,1
PARÇA,MOVEIS CAMILO L,SP,Aguai,2026-07-21,2026-07,2026,1
PARÇA,MOVEIS CAMILO L,SP,Caconde,2026-06-24,2026-06,2026,1
PARÇA,MOVEIS CAMILO L,SP,Divinolandia,2026-04-15,2026-04,2026,1
PARÇA,MOVEIS CAMILO L,SP,Espirito Santo do Pinhal,2026-02-13,2026-02,2026,1
PARÇA,MOVEIS CAMILO L,SP,Espirito Santo do Pinhal,2026-03-17,2026-03,2026,1
PARÇA,MOVEIS CAMILO L,SP,Espirito Santo do Pinhal,2026-04-15,2026-04,2026,1
PARÇA,MOVEIS CAMILO L,SP,Espirito Santo do Pinhal,2026-05-28,2026-05,2026,1
PARÇA,MOVEIS CAMILO L,SP,Espirito Santo do Pinhal,2026-07-15,2026-07,2026,1
PARÇA,MOVEIS CAMILO L,SP,Espirito Santo do Pinhal,2026-07-21,2026-07,2026,1
PARÇA,MOVEIS CAMILO L,SP,Mococa,2026-06-24,2026-06,2026,1
PARÇA,MOVEIS CAMILO L,SP,Mococa,2026-07-15,2026-07,2026,1
PARÇA,MOVEIS CAMILO L,SP,Mogi Guacu,2026-05-28,2026-05,2026,1
PARÇA,MOVEIS CAMILO L,SP,Mogi Guacu,2026-06-09,2026-06,2026,2
PARÇA,MOVEIS CAMILO L,SP,Mogi Guacu,2026-07-15,2026-07,2026,2
PARÇA,MOVEIS CAMILO L,SP,Mogi Guacu,2026-07-21,2026-07,2026,1
PARÇA,MOVEIS CAMILO L,SP,Mogi Mirim,2026-06-09,2026-06,2026,1
PARÇA,MOVEIS CAMILO L,SP,Mogi Mirim,2026-06-17,2026-06,2026,1
PARÇA,MOVEIS CAMILO L,SP,Mogi Mirim,2026-06-24,2026-06,2026,2
PARÇA,MOVEIS CAMILO L,SP,Mogi Mirim,2026-07-01,2026-07,2026,2
PARÇA,MOVEIS CAMILO L,SP,Mogi Mirim,2026-07-15,2026-07,2026,3
PARÇA,MOVEIS CAMILO L,SP,Mogi Mirim,2026-07-21,2026-07,2026,2
PARÇA,MOVEIS CAMILO L,SP,Sao Joao da Boa Vista,2026-03-04,2026-03,2026,1
PARÇA,MOVEIS CAMILO L,SP,Sao Joao da Boa Vista,2026-03-25,2026-03,2026,1
PARÇA,MOVEIS CAMILO L,SP,Sao Joao da Boa Vista,2026-04-15,2026-04,2026,1
PARÇA,MOVEIS CAMILO L,SP,Sao Joao da Boa Vista,2026-05-28,2026-05,2026,1
PARÇA,MOVEIS CAMILO L,SP,Sao Joao da Boa Vista,2026-06-09,2026-06,2026,2
PARÇA,MOVEIS CAMILO L,SP,Sao Joao da Boa Vista,2026-06-17,2026-06,2026,1
PARÇA,MOVEIS CAMILO L,SP,Sao Jose do Rio Pardo,2026-05-21,2026-05,2026,1
PARÇA,MOVEIS CAMILO L,SP,Sao Jose do Rio Pardo,2026-07-17,2026-07,2026,1
PARÇA,MOVEIS CAMILO L,SP,Vargem Grande do Sul,2026-03-04,2026-03,2026,1
PARÇA,MOVEIS CAMILO L,SP,Vargem Grande do Sul,2026-05-21,2026-05,2026,2
PARÇA,MOVEIS CAMILO L,SP,Vargem Grande do Sul,2026-06-17,2026-06,2026,1
PARÇA,MOVEIS CAMILO L,SP,aguas da Prata,2026-02-23,2026-02,2026,1
PARÇA,MOVEL SERVICE,RJ,Angra dos Reis,2026-05-14,2026-05,2026,1
PARÇA,MOVEL SERVICE,RJ,Araruama,2026-01-12,2026-01,2026,1
PARÇA,MOVEL SERVICE,RJ,Araruama,2026-01-25,2026-01,2026,2
PARÇA,MOVEL SERVICE,RJ,Araruama,2026-02-02,2026-02,2026,1
PARÇA,MOVEL SERVICE,RJ,Araruama,2026-02-12,2026-02,2026,1
PARÇA,MOVEL SERVICE,RJ,Araruama,2026-03-05,2026-03,2026,1
PARÇA,MOVEL SERVICE,RJ,Araruama,2026-03-19,2026-03,2026,2
PARÇA,MOVEL SERVICE,RJ,Araruama,2026-03-24,2026-03,2026,1
PARÇA,MOVEL SERVICE,RJ,Araruama,2026-03-25,2026-03,2026,2
PARÇA,MOVEL SERVICE,RJ,Araruama,2026-03-26,2026-03,2026,1
PARÇA,MOVEL SERVICE,RJ,Araruama,2026-04-14,2026-04,2026,1
PARÇA,MOVEL SERVICE,RJ,Araruama,2026-04-29,2026-04,2026,1
PARÇA,MOVEL SERVICE,RJ,Araruama,2026-05-23,2026-05,2026,1
PARÇA,MOVEL SERVICE,RJ,Araruama,2026-05-30,2026-05,2026,3
PARÇA,MOVEL SERVICE,RJ,Araruama,2026-06-02,2026-06,2026,1
PARÇA,MOVEL SERVICE,RJ,Araruama,2026-06-12,2026-06,2026,1
PARÇA,MOVEL SERVICE,RJ,Araruama,2026-06-15,2026-06,2026,1
PARÇA,MOVEL SERVICE,RJ,Araruama,2026-07-01,2026-07,2026,1
PARÇA,MOVEL SERVICE,RJ,Araruama,2026-07-03,2026-07,2026,1
PARÇA,MOVEL SERVICE,RJ,Araruama,2026-07-16,2026-07,2026,2
PARÇA,MOVEL SERVICE,RJ,Armacao dos Buzios,2026-01-23,2026-01,2026,1
PARÇA,MOVEL SERVICE,RJ,Armacao dos Buzios,2026-02-02,2026-02,2026,1
PARÇA,MOVEL SERVICE,RJ,Armacao dos Buzios,2026-02-09,2026-02,2026,1
PARÇA,MOVEL SERVICE,RJ,Armacao dos Buzios,2026-02-20,2026-02,2026,1
PARÇA,MOVEL SERVICE,RJ,Armacao dos Buzios,2026-03-12,2026-03,2026,1
PARÇA,MOVEL SERVICE,RJ,Armacao dos Buzios,2026-05-29,2026-05,2026,1
PARÇA,MOVEL SERVICE,RJ,Armacao dos Buzios,2026-06-23,2026-06,2026,1
PARÇA,MOVEL SERVICE,RJ,Armacao dos Buzios,2026-07-08,2026-07,2026,1
PARÇA,MOVEL SERVICE,RJ,Arraial do Cabo,2026-02-11,2026-02,2026,1
PARÇA,MOVEL SERVICE,RJ,Arraial do Cabo,2026-03-20,2026-03,2026,1
PARÇA,MOVEL SERVICE,RJ,Arraial do Cabo,2026-06-25,2026-06,2026,1
PARÇA,MOVEL SERVICE,RJ,Arraial do Cabo,2026-07-01,2026-07,2026,1
PARÇA,MOVEL SERVICE,RJ,Barra Mansa,2026-01-10,2026-01,2026,1
PARÇA,MOVEL SERVICE,RJ,Barra Mansa,2026-01-24,2026-01,2026,2
PARÇA,MOVEL SERVICE,RJ,Barra Mansa,2026-02-02,2026-02,2026,1
PARÇA,MOVEL SERVICE,RJ,Barra Mansa,2026-03-10,2026-03,2026,2
PARÇA,MOVEL SERVICE,RJ,Barra Mansa,2026-03-24,2026-03,2026,1
PARÇA,MOVEL SERVICE,RJ,Barra Mansa,2026-04-03,2026-04,2026,1
PARÇA,MOVEL SERVICE,RJ,Barra Mansa,2026-04-20,2026-04,2026,1
PARÇA,MOVEL SERVICE,RJ,Barra Mansa,2026-06-30,2026-06,2026,2
PARÇA,MOVEL SERVICE,RJ,Barra Mansa,2026-07-13,2026-07,2026,1
PARÇA,MOVEL SERVICE,RJ,Barra Mansa,2026-07-17,2026-07,2026,2
PARÇA,MOVEL SERVICE,RJ,Barra do Pirai,2026-01-24,2026-01,2026,2
PARÇA,MOVEL SERVICE,RJ,Barra do Pirai,2026-02-02,2026-02,2026,2
PARÇA,MOVEL SERVICE,RJ,Barra do Pirai,2026-02-12,2026-02,2026,1
PARÇA,MOVEL SERVICE,RJ,Barra do Pirai,2026-03-10,2026-03,2026,1
PARÇA,MOVEL SERVICE,RJ,Barra do Pirai,2026-03-20,2026-03,2026,2
PARÇA,MOVEL SERVICE,RJ,Barra do Pirai,2026-04-20,2026-04,2026,1
PARÇA,MOVEL SERVICE,RJ,Barra do Pirai,2026-06-10,2026-06,2026,2
PARÇA,MOVEL SERVICE,RJ,Barra do Pirai,2026-06-28,2026-06,2026,1
PARÇA,MOVEL SERVICE,RJ,Barra do Pirai,2026-07-13,2026-07,2026,1
PARÇA,MOVEL SERVICE,RJ,Barra do Pirai,2026-07-17,2026-07,2026,1
PARÇA,MOVEL SERVICE,RJ,Belford Roxo,2026-01-08,2026-01,2026,1
PARÇA,MOVEL SERVICE,RJ,Belford Roxo,2026-01-19,2026-01,2026,1
PARÇA,MOVEL SERVICE,RJ,Belford Roxo,2026-01-20,2026-01,2026,1
PARÇA,MOVEL SERVICE,RJ,Belford Roxo,2026-02-03,2026-02,2026,1
PARÇA,MOVEL SERVICE,RJ,Belford Roxo,2026-02-06,2026-02,2026,1
PARÇA,MOVEL SERVICE,RJ,Belford Roxo,2026-02-10,2026-02,2026,1
PARÇA,MOVEL SERVICE,RJ,Belford Roxo,2026-02-18,2026-02,2026,1
PARÇA,MOVEL SERVICE,RJ,Belford Roxo,2026-02-19,2026-02,2026,1
PARÇA,MOVEL SERVICE,RJ,Belford Roxo,2026-02-25,2026-02,2026,1
PARÇA,MOVEL SERVICE,RJ,Belford Roxo,2026-02-27,2026-02,2026,1
PARÇA,MOVEL SERVICE,RJ,Belford Roxo,2026-03-04,2026-03,2026,1
PARÇA,MOVEL SERVICE,RJ,Belford Roxo,2026-03-10,2026-03,2026,1
PARÇA,MOVEL SERVICE,RJ,Belford Roxo,2026-03-17,2026-03,2026,1
PARÇA,MOVEL SERVICE,RJ,Belford Roxo,2026-03-26,2026-03,2026,1
PARÇA,MOVEL SERVICE,RJ,Belford Roxo,2026-04-07,2026-04,2026,1
PARÇA,MOVEL SERVICE,RJ,Belford Roxo,2026-04-17,2026-04,2026,1
PARÇA,MOVEL SERVICE,RJ,Belford Roxo,2026-04-19,2026-04,2026,1
PARÇA,MOVEL SERVICE,RJ,Belford Roxo,2026-04-28,2026-04,2026,1
PARÇA,MOVEL SERVICE,RJ,Belford Roxo,2026-05-04,2026-05,2026,1
PARÇA,MOVEL SERVICE,RJ,Belford Roxo,2026-05-06,2026-05,2026,1
PARÇA,MOVEL SERVICE,RJ,Belford Roxo,2026-05-22,2026-05,2026,2
PARÇA,MOVEL SERVICE,RJ,Belford Roxo,2026-06-25,2026-06,2026,1
PARÇA,MOVEL SERVICE,RJ,Belford Roxo,2026-06-30,2026-06,2026,1
PARÇA,MOVEL SERVICE,RJ,Belford Roxo,2026-07-06,2026-07,2026,2
PARÇA,MOVEL SERVICE,RJ,Belford Roxo,2026-07-08,2026-07,2026,2
PARÇA,MOVEL SERVICE,RJ,Belford Roxo,2026-07-09,2026-07,2026,1
PARÇA,MOVEL SERVICE,RJ,Belford Roxo,2026-07-20,2026-07,2026,1
PARÇA,MOVEL SERVICE,RJ,Belford Roxo,2026-07-21,2026-07,2026,1
PARÇA,MOVEL SERVICE,RJ,Bom Jardim,2026-02-19,2026-02,2026,1
PARÇA,MOVEL SERVICE,RJ,Bom Jardim,2026-07-02,2026-07,2026,1
PARÇA,MOVEL SERVICE,RJ,Cabo Frio,2026-01-14,2026-01,2026,1
PARÇA,MOVEL SERVICE,RJ,Cabo Frio,2026-01-15,2026-01,2026,2
PARÇA,MOVEL SERVICE,RJ,Cabo Frio,2026-01-22,2026-01,2026,1
PARÇA,MOVEL SERVICE,RJ,Cabo Frio,2026-01-24,2026-01,2026,1
PARÇA,MOVEL SERVICE,RJ,Cabo Frio,2026-01-27,2026-01,2026,3
PARÇA,MOVEL SERVICE,RJ,Cabo Frio,2026-01-28,2026-01,2026,1
PARÇA,MOVEL SERVICE,RJ,Cabo Frio,2026-02-10,2026-02,2026,1
PARÇA,MOVEL SERVICE,RJ,Cabo Frio,2026-02-12,2026-02,2026,1
PARÇA,MOVEL SERVICE,RJ,Cabo Frio,2026-02-19,2026-02,2026,1
PARÇA,MOVEL SERVICE,RJ,Cabo Frio,2026-02-26,2026-02,2026,1
PARÇA,MOVEL SERVICE,RJ,Cabo Frio,2026-03-05,2026-03,2026,2
PARÇA,MOVEL SERVICE,RJ,Cabo Frio,2026-03-12,2026-03,2026,1
PARÇA,MOVEL SERVICE,RJ,Cabo Frio,2026-03-16,2026-03,2026,2
PARÇA,MOVEL SERVICE,RJ,Cabo Frio,2026-03-20,2026-03,2026,1
PARÇA,MOVEL SERVICE,RJ,Cabo Frio,2026-03-27,2026-03,2026,2
PARÇA,MOVEL SERVICE,RJ,Cabo Frio,2026-04-01,2026-04,2026,1
PARÇA,MOVEL SERVICE,RJ,Cabo Frio,2026-04-08,2026-04,2026,1
PARÇA,MOVEL SERVICE,RJ,Cabo Frio,2026-04-09,2026-04,2026,1
PARÇA,MOVEL SERVICE,RJ,Cabo Frio,2026-04-10,2026-04,2026,1
PARÇA,MOVEL SERVICE,RJ,Cabo Frio,2026-05-29,2026-05,2026,1
PARÇA,MOVEL SERVICE,RJ,Cabo Frio,2026-06-11,2026-06,2026,1
PARÇA,MOVEL SERVICE,RJ,Cabo Frio,2026-06-17,2026-06,2026,1
PARÇA,MOVEL SERVICE,RJ,Cabo Frio,2026-06-18,2026-06,2026,1
PARÇA,MOVEL SERVICE,RJ,Cabo Frio,2026-06-25,2026-06,2026,1
PARÇA,MOVEL SERVICE,RJ,Cabo Frio,2026-07-01,2026-07,2026,1
PARÇA,MOVEL SERVICE,RJ,Cabo Frio,2026-07-04,2026-07,2026,1
PARÇA,MOVEL SERVICE,RJ,Cabo Frio,2026-07-06,2026-07,2026,1
PARÇA,MOVEL SERVICE,RJ,Cabo Frio,2026-07-09,2026-07,2026,1
PARÇA,MOVEL SERVICE,RJ,Cabo Frio,2026-07-19,2026-07,2026,1
PARÇA,MOVEL SERVICE,RJ,Cabo Frio,2026-07-24,2026-07,2026,1
PARÇA,MOVEL SERVICE,RJ,Cabo Frio,2026-07-27,2026-07,2026,1
PARÇA,MOVEL SERVICE,RJ,Cachoeiras de Macacu,2026-01-08,2026-01,2026,1
PARÇA,MOVEL SERVICE,RJ,Cachoeiras de Macacu,2026-02-02,2026-02,2026,1
PARÇA,MOVEL SERVICE,RJ,Cachoeiras de Macacu,2026-04-20,2026-04,2026,1
PARÇA,MOVEL SERVICE,RJ,Cachoeiras de Macacu,2026-04-29,2026-04,2026,1
PARÇA,MOVEL SERVICE,RJ,Cachoeiras de Macacu,2026-05-23,2026-05,2026,1
PARÇA,MOVEL SERVICE,RJ,Cachoeiras de Macacu,2026-06-04,2026-06,2026,3
PARÇA,MOVEL SERVICE,RJ,Cachoeiras de Macacu,2026-07-01,2026-07,2026,1
PARÇA,MOVEL SERVICE,RJ,Campos dos Goytacazes,2026-01-07,2026-01,2026,1
PARÇA,MOVEL SERVICE,RJ,Campos dos Goytacazes,2026-01-12,2026-01,2026,5
PARÇA,MOVEL SERVICE,RJ,Campos dos Goytacazes,2026-01-13,2026-01,2026,1
PARÇA,MOVEL SERVICE,RJ,Campos dos Goytacazes,2026-01-30,2026-01,2026,4
PARÇA,MOVEL SERVICE,RJ,Campos dos Goytacazes,2026-02-17,2026-02,2026,4
PARÇA,MOVEL SERVICE,RJ,Campos dos Goytacazes,2026-03-03,2026-03,2026,5
PARÇA,MOVEL SERVICE,RJ,Campos dos Goytacazes,2026-03-13,2026-03,2026,3
PARÇA,MOVEL SERVICE,RJ,Campos dos Goytacazes,2026-03-16,2026-03,2026,1
PARÇA,MOVEL SERVICE,RJ,Campos dos Goytacazes,2026-04-16,2026-04,2026,2
PARÇA,MOVEL SERVICE,RJ,Campos dos Goytacazes,2026-06-08,2026-06,2026,4
PARÇA,MOVEL SERVICE,RJ,Campos dos Goytacazes,2026-06-17,2026-06,2026,2
PARÇA,MOVEL SERVICE,RJ,Campos dos Goytacazes,2026-06-18,2026-06,2026,1
PARÇA,MOVEL SERVICE,RJ,Campos dos Goytacazes,2026-06-25,2026-06,2026,3
PARÇA,MOVEL SERVICE,RJ,Campos dos Goytacazes,2026-06-26,2026-06,2026,1
PARÇA,MOVEL SERVICE,RJ,Campos dos Goytacazes,2026-06-28,2026-06,2026,1
PARÇA,MOVEL SERVICE,RJ,Campos dos Goytacazes,2026-07-09,2026-07,2026,3
PARÇA,MOVEL SERVICE,RJ,Campos dos Goytacazes,2026-07-22,2026-07,2026,6
PARÇA,MOVEL SERVICE,RJ,Carapebus,2026-02-17,2026-02,2026,1
PARÇA,MOVEL SERVICE,RJ,Carmo,2026-01-12,2026-01,2026,1
PARÇA,MOVEL SERVICE,RJ,Carmo,2026-06-10,2026-06,2026,1
PARÇA,MOVEL SERVICE,RJ,Casimiro de Abreu,2026-01-16,2026-01,2026,1
PARÇA,MOVEL SERVICE,RJ,Casimiro de Abreu,2026-01-30,2026-01,2026,1
PARÇA,MOVEL SERVICE,RJ,Casimiro de Abreu,2026-03-13,2026-03,2026,2
PARÇA,MOVEL SERVICE,RJ,Casimiro de Abreu,2026-04-23,2026-04,2026,1
PARÇA,MOVEL SERVICE,RJ,Casimiro de Abreu,2026-06-13,2026-06,2026,3
PARÇA,MOVEL SERVICE,RJ,Casimiro de Abreu,2026-07-16,2026-07,2026,1
PARÇA,MOVEL SERVICE,RJ,Cordeiro,2026-02-20,2026-02,2026,1
PARÇA,MOVEL SERVICE,RJ,Cordeiro,2026-04-14,2026-04,2026,1
PARÇA,MOVEL SERVICE,RJ,Cordeiro,2026-06-12,2026-06,2026,1
PARÇA,MOVEL SERVICE,RJ,Duas Barras,2026-06-03,2026-06,2026,1
PARÇA,MOVEL SERVICE,RJ,Duas Barras,2026-07-02,2026-07,2026,1
PARÇA,MOVEL SERVICE,RJ,Duque de Caxias,2026-01-05,2026-01,2026,1
PARÇA,MOVEL SERVICE,RJ,Duque de Caxias,2026-01-07,2026-01,2026,1
PARÇA,MOVEL SERVICE,RJ,Duque de Caxias,2026-01-10,2026-01,2026,2
PARÇA,MOVEL SERVICE,RJ,Duque de Caxias,2026-01-13,2026-01,2026,1
PARÇA,MOVEL SERVICE,RJ,Duque de Caxias,2026-01-21,2026-01,2026,1
PARÇA,MOVEL SERVICE,RJ,Duque de Caxias,2026-01-28,2026-01,2026,1
PARÇA,MOVEL SERVICE,RJ,Duque de Caxias,2026-02-03,2026-02,2026,1
PARÇA,MOVEL SERVICE,RJ,Duque de Caxias,2026-02-04,2026-02,2026,1
PARÇA,MOVEL SERVICE,RJ,Duque de Caxias,2026-02-05,2026-02,2026,1
PARÇA,MOVEL SERVICE,RJ,Duque de Caxias,2026-02-06,2026-02,2026,1
PARÇA,MOVEL SERVICE,RJ,Duque de Caxias,2026-02-07,2026-02,2026,1
PARÇA,MOVEL SERVICE,RJ,Duque de Caxias,2026-02-09,2026-02,2026,1
PARÇA,MOVEL SERVICE,RJ,Duque de Caxias,2026-02-10,2026-02,2026,1
PARÇA,MOVEL SERVICE,RJ,Duque de Caxias,2026-02-13,2026-02,2026,1
PARÇA,MOVEL SERVICE,RJ,Duque de Caxias,2026-02-18,2026-02,2026,1
PARÇA,MOVEL SERVICE,RJ,Duque de Caxias,2026-02-19,2026-02,2026,3
PARÇA,MOVEL SERVICE,RJ,Duque de Caxias,2026-02-20,2026-02,2026,2
PARÇA,MOVEL SERVICE,RJ,Duque de Caxias,2026-02-26,2026-02,2026,1
PARÇA,MOVEL SERVICE,RJ,Duque de Caxias,2026-02-27,2026-02,2026,2
PARÇA,MOVEL SERVICE,RJ,Duque de Caxias,2026-03-06,2026-03,2026,1
PARÇA,MOVEL SERVICE,RJ,Duque de Caxias,2026-03-11,2026-03,2026,2
PARÇA,MOVEL SERVICE,RJ,Duque de Caxias,2026-03-16,2026-03,2026,1
PARÇA,MOVEL SERVICE,RJ,Duque de Caxias,2026-03-23,2026-03,2026,1
PARÇA,MOVEL SERVICE,RJ,Duque de Caxias,2026-03-26,2026-03,2026,3
PARÇA,MOVEL SERVICE,RJ,Duque de Caxias,2026-03-27,2026-03,2026,1
PARÇA,MOVEL SERVICE,RJ,Duque de Caxias,2026-03-30,2026-03,2026,1
PARÇA,MOVEL SERVICE,RJ,Duque de Caxias,2026-03-31,2026-03,2026,1
PARÇA,MOVEL SERVICE,RJ,Duque de Caxias,2026-04-01,2026-04,2026,1
PARÇA,MOVEL SERVICE,RJ,Duque de Caxias,2026-04-02,2026-04,2026,2
PARÇA,MOVEL SERVICE,RJ,Duque de Caxias,2026-04-07,2026-04,2026,1
PARÇA,MOVEL SERVICE,RJ,Duque de Caxias,2026-04-14,2026-04,2026,2
PARÇA,MOVEL SERVICE,RJ,Duque de Caxias,2026-04-15,2026-04,2026,2
PARÇA,MOVEL SERVICE,RJ,Duque de Caxias,2026-04-19,2026-04,2026,1
PARÇA,MOVEL SERVICE,RJ,Duque de Caxias,2026-04-20,2026-04,2026,1
PARÇA,MOVEL SERVICE,RJ,Duque de Caxias,2026-04-21,2026-04,2026,1
PARÇA,MOVEL SERVICE,RJ,Duque de Caxias,2026-04-28,2026-04,2026,1
PARÇA,MOVEL SERVICE,RJ,Duque de Caxias,2026-04-29,2026-04,2026,1
PARÇA,MOVEL SERVICE,RJ,Duque de Caxias,2026-05-02,2026-05,2026,1
PARÇA,MOVEL SERVICE,RJ,Duque de Caxias,2026-05-04,2026-05,2026,1
PARÇA,MOVEL SERVICE,RJ,Duque de Caxias,2026-05-08,2026-05,2026,1
PARÇA,MOVEL SERVICE,RJ,Duque de Caxias,2026-05-09,2026-05,2026,1
PARÇA,MOVEL SERVICE,RJ,Duque de Caxias,2026-05-23,2026-05,2026,1
PARÇA,MOVEL SERVICE,RJ,Duque de Caxias,2026-05-27,2026-05,2026,1
PARÇA,MOVEL SERVICE,RJ,Duque de Caxias,2026-05-28,2026-05,2026,1
PARÇA,MOVEL SERVICE,RJ,Duque de Caxias,2026-05-29,2026-05,2026,3
PARÇA,MOVEL SERVICE,RJ,Duque de Caxias,2026-06-03,2026-06,2026,1
PARÇA,MOVEL SERVICE,RJ,Duque de Caxias,2026-06-05,2026-06,2026,1
PARÇA,MOVEL SERVICE,RJ,Duque de Caxias,2026-06-08,2026-06,2026,1
PARÇA,MOVEL SERVICE,RJ,Duque de Caxias,2026-06-09,2026-06,2026,1
PARÇA,MOVEL SERVICE,RJ,Duque de Caxias,2026-06-11,2026-06,2026,1
PARÇA,MOVEL SERVICE,RJ,Duque de Caxias,2026-06-25,2026-06,2026,1
PARÇA,MOVEL SERVICE,RJ,Duque de Caxias,2026-06-26,2026-06,2026,1
PARÇA,MOVEL SERVICE,RJ,Duque de Caxias,2026-07-01,2026-07,2026,2
PARÇA,MOVEL SERVICE,RJ,Duque de Caxias,2026-07-02,2026-07,2026,2
PARÇA,MOVEL SERVICE,RJ,Duque de Caxias,2026-07-03,2026-07,2026,1
PARÇA,MOVEL SERVICE,RJ,Duque de Caxias,2026-07-08,2026-07,2026,1
PARÇA,MOVEL SERVICE,RJ,Duque de Caxias,2026-07-10,2026-07,2026,2
PARÇA,MOVEL SERVICE,RJ,Duque de Caxias,2026-07-16,2026-07,2026,1
PARÇA,MOVEL SERVICE,RJ,Duque de Caxias,2026-07-28,2026-07,2026,1
PARÇA,MOVEL SERVICE,RJ,Guapimirim,2026-07-15,2026-07,2026,1
PARÇA,MOVEL SERVICE,RJ,Iguaba Grande,2026-03-25,2026-03,2026,1
PARÇA,MOVEL SERVICE,RJ,Iguaba Grande,2026-04-14,2026-04,2026,1
PARÇA,MOVEL SERVICE,RJ,Iguaba Grande,2026-05-29,2026-05,2026,1
PARÇA,MOVEL SERVICE,RJ,Iguaba Grande,2026-06-24,2026-06,2026,2
PARÇA,MOVEL SERVICE,RJ,Itaborai,2026-01-08,2026-01,2026,2
PARÇA,MOVEL SERVICE,RJ,Itaborai,2026-01-22,2026-01,2026,1
PARÇA,MOVEL SERVICE,RJ,Itaborai,2026-02-03,2026-02,2026,1
PARÇA,MOVEL SERVICE,RJ,Itaborai,2026-02-20,2026-02,2026,1
PARÇA,MOVEL SERVICE,RJ,Itaborai,2026-02-26,2026-02,2026,1
PARÇA,MOVEL SERVICE,RJ,Itaborai,2026-03-11,2026-03,2026,1
PARÇA,MOVEL SERVICE,RJ,Itaborai,2026-04-28,2026-04,2026,2
PARÇA,MOVEL SERVICE,RJ,Itaborai,2026-05-05,2026-05,2026,1
PARÇA,MOVEL SERVICE,RJ,Itaborai,2026-05-12,2026-05,2026,2
PARÇA,MOVEL SERVICE,RJ,Itaborai,2026-05-26,2026-05,2026,1
PARÇA,MOVEL SERVICE,RJ,Itaborai,2026-07-02,2026-07,2026,1
PARÇA,MOVEL SERVICE,RJ,Itaborai,2026-07-13,2026-07,2026,1
PARÇA,MOVEL SERVICE,RJ,Itaborai,2026-07-17,2026-07,2026,2
PARÇA,MOVEL SERVICE,RJ,Itaguai,2026-01-05,2026-01,2026,2
PARÇA,MOVEL SERVICE,RJ,Itaguai,2026-01-25,2026-01,2026,1
PARÇA,MOVEL SERVICE,RJ,Itaguai,2026-02-04,2026-02,2026,1
PARÇA,MOVEL SERVICE,RJ,Itaguai,2026-02-06,2026-02,2026,1
PARÇA,MOVEL SERVICE,RJ,Itaguai,2026-02-11,2026-02,2026,2
PARÇA,MOVEL SERVICE,RJ,Itaguai,2026-02-12,2026-02,2026,1
PARÇA,MOVEL SERVICE,RJ,Itaguai,2026-03-04,2026-03,2026,1
PARÇA,MOVEL SERVICE,RJ,Itaguai,2026-03-17,2026-03,2026,1
PARÇA,MOVEL SERVICE,RJ,Itaguai,2026-04-08,2026-04,2026,2
PARÇA,MOVEL SERVICE,RJ,Itaguai,2026-04-14,2026-04,2026,1
PARÇA,MOVEL SERVICE,RJ,Itaguai,2026-04-17,2026-04,2026,2
PARÇA,MOVEL SERVICE,RJ,Itaguai,2026-05-28,2026-05,2026,1
PARÇA,MOVEL SERVICE,RJ,Itaguai,2026-06-12,2026-06,2026,1
PARÇA,MOVEL SERVICE,RJ,Itaguai,2026-06-18,2026-06,2026,2
PARÇA,MOVEL SERVICE,RJ,Itaguai,2026-07-01,2026-07,2026,2
PARÇA,MOVEL SERVICE,RJ,Itaguai,2026-07-03,2026-07,2026,1
PARÇA,MOVEL SERVICE,RJ,Itaguai,2026-07-07,2026-07,2026,1
PARÇA,MOVEL SERVICE,RJ,Itaguai,2026-07-16,2026-07,2026,1
PARÇA,MOVEL SERVICE,RJ,Itaguai,2026-07-28,2026-07,2026,2
PARÇA,MOVEL SERVICE,RJ,Itaperuna,2026-03-03,2026-03,2026,1
PARÇA,MOVEL SERVICE,RJ,Itaperuna,2026-07-09,2026-07,2026,2
PARÇA,MOVEL SERVICE,RJ,Itatiaia,2026-01-10,2026-01,2026,1
PARÇA,MOVEL SERVICE,RJ,Itatiaia,2026-07-13,2026-07,2026,1
PARÇA,MOVEL SERVICE,RJ,Japeri,2026-01-10,2026-01,2026,1
PARÇA,MOVEL SERVICE,RJ,Japeri,2026-01-20,2026-01,2026,1
PARÇA,MOVEL SERVICE,RJ,Japeri,2026-02-02,2026-02,2026,1
PARÇA,MOVEL SERVICE,RJ,Japeri,2026-02-05,2026-02,2026,1
PARÇA,MOVEL SERVICE,RJ,Japeri,2026-03-23,2026-03,2026,1
PARÇA,MOVEL SERVICE,RJ,Japeri,2026-03-26,2026-03,2026,1
PARÇA,MOVEL SERVICE,RJ,Japeri,2026-04-15,2026-04,2026,1
PARÇA,MOVEL SERVICE,RJ,Japeri,2026-06-18,2026-06,2026,2
PARÇA,MOVEL SERVICE,RJ,Japeri,2026-07-02,2026-07,2026,1
PARÇA,MOVEL SERVICE,RJ,Japeri,2026-07-15,2026-07,2026,2
PARÇA,MOVEL SERVICE,RJ,Japeri,2026-07-16,2026-07,2026,1
PARÇA,MOVEL SERVICE,RJ,Macae,2026-01-12,2026-01,2026,1
PARÇA,MOVEL SERVICE,RJ,Macae,2026-01-15,2026-01,2026,1
PARÇA,MOVEL SERVICE,RJ,Macae,2026-01-16,2026-01,2026,6
PARÇA,MOVEL SERVICE,RJ,Macae,2026-01-30,2026-01,2026,2
PARÇA,MOVEL SERVICE,RJ,Macae,2026-02-17,2026-02,2026,5
PARÇA,MOVEL SERVICE,RJ,Macae,2026-03-04,2026-03,2026,2
PARÇA,MOVEL SERVICE,RJ,Macae,2026-03-13,2026-03,2026,2
PARÇA,MOVEL SERVICE,RJ,Macae,2026-04-16,2026-04,2026,6
PARÇA,MOVEL SERVICE,RJ,Macae,2026-06-08,2026-06,2026,1
PARÇA,MOVEL SERVICE,RJ,Macae,2026-06-09,2026-06,2026,4
PARÇA,MOVEL SERVICE,RJ,Macae,2026-06-25,2026-06,2026,2
PARÇA,MOVEL SERVICE,RJ,Macae,2026-07-09,2026-07,2026,5
PARÇA,MOVEL SERVICE,RJ,Macae,2026-07-27,2026-07,2026,3
PARÇA,MOVEL SERVICE,RJ,Mage,2026-02-02,2026-02,2026,1
PARÇA,MOVEL SERVICE,RJ,Mage,2026-02-03,2026-02,2026,1
PARÇA,MOVEL SERVICE,RJ,Mage,2026-02-05,2026-02,2026,1
PARÇA,MOVEL SERVICE,RJ,Mage,2026-02-06,2026-02,2026,1
PARÇA,MOVEL SERVICE,RJ,Mage,2026-02-26,2026-02,2026,1
PARÇA,MOVEL SERVICE,RJ,Mage,2026-02-27,2026-02,2026,1
PARÇA,MOVEL SERVICE,RJ,Mage,2026-02-28,2026-02,2026,1
PARÇA,MOVEL SERVICE,RJ,Mage,2026-03-25,2026-03,2026,1
PARÇA,MOVEL SERVICE,RJ,Mage,2026-03-26,2026-03,2026,2
PARÇA,MOVEL SERVICE,RJ,Mage,2026-03-29,2026-03,2026,2
PARÇA,MOVEL SERVICE,RJ,Mage,2026-04-01,2026-04,2026,1
PARÇA,MOVEL SERVICE,RJ,Mage,2026-04-02,2026-04,2026,1
PARÇA,MOVEL SERVICE,RJ,Mage,2026-04-10,2026-04,2026,1
PARÇA,MOVEL SERVICE,RJ,Mage,2026-04-24,2026-04,2026,1
PARÇA,MOVEL SERVICE,RJ,Mage,2026-05-19,2026-05,2026,1
PARÇA,MOVEL SERVICE,RJ,Mage,2026-06-18,2026-06,2026,1
PARÇA,MOVEL SERVICE,RJ,Mage,2026-07-28,2026-07,2026,2
PARÇA,MOVEL SERVICE,RJ,Mangaratiba,2026-01-13,2026-01,2026,1
PARÇA,MOVEL SERVICE,RJ,Mangaratiba,2026-01-29,2026-01,2026,1
PARÇA,MOVEL SERVICE,RJ,Mangaratiba,2026-05-06,2026-05,2026,1
PARÇA,MOVEL SERVICE,RJ,Mangaratiba,2026-05-26,2026-05,2026,3
PARÇA,MOVEL SERVICE,RJ,Mangaratiba,2026-06-15,2026-06,2026,1
PARÇA,MOVEL SERVICE,RJ,Mangaratiba,2026-07-02,2026-07,2026,1
PARÇA,MOVEL SERVICE,RJ,Mangaratiba,2026-07-18,2026-07,2026,1
PARÇA,MOVEL SERVICE,RJ,Marica,2026-01-02,2026-01,2026,1
PARÇA,MOVEL SERVICE,RJ,Marica,2026-01-06,2026-01,2026,1
PARÇA,MOVEL SERVICE,RJ,Marica,2026-01-21,2026-01,2026,1
PARÇA,MOVEL SERVICE,RJ,Marica,2026-01-26,2026-01,2026,1
PARÇA,MOVEL SERVICE,RJ,Marica,2026-01-29,2026-01,2026,1
PARÇA,MOVEL SERVICE,RJ,Marica,2026-02-09,2026-02,2026,1
PARÇA,MOVEL SERVICE,RJ,Marica,2026-02-24,2026-02,2026,1
PARÇA,MOVEL SERVICE,RJ,Marica,2026-03-11,2026-03,2026,1
PARÇA,MOVEL SERVICE,RJ,Marica,2026-03-16,2026-03,2026,1
PARÇA,MOVEL SERVICE,RJ,Marica,2026-04-06,2026-04,2026,1
PARÇA,MOVEL SERVICE,RJ,Marica,2026-04-09,2026-04,2026,1
PARÇA,MOVEL SERVICE,RJ,Marica,2026-04-15,2026-04,2026,1
PARÇA,MOVEL SERVICE,RJ,Marica,2026-04-23,2026-04,2026,1
PARÇA,MOVEL SERVICE,RJ,Marica,2026-04-24,2026-04,2026,1
PARÇA,MOVEL SERVICE,RJ,Marica,2026-04-28,2026-04,2026,1
PARÇA,MOVEL SERVICE,RJ,Marica,2026-05-26,2026-05,2026,3
PARÇA,MOVEL SERVICE,RJ,Marica,2026-06-03,2026-06,2026,3
PARÇA,MOVEL SERVICE,RJ,Marica,2026-06-16,2026-06,2026,1
PARÇA,MOVEL SERVICE,RJ,Marica,2026-06-24,2026-06,2026,2
PARÇA,MOVEL SERVICE,RJ,Marica,2026-06-25,2026-06,2026,1
PARÇA,MOVEL SERVICE,RJ,Marica,2026-07-02,2026-07,2026,2
PARÇA,MOVEL SERVICE,RJ,Marica,2026-07-13,2026-07,2026,2
PARÇA,MOVEL SERVICE,RJ,Marica,2026-07-22,2026-07,2026,1
PARÇA,MOVEL SERVICE,RJ,Marica,2026-07-27,2026-07,2026,1
PARÇA,MOVEL SERVICE,RJ,Mendes,2026-06-10,2026-06,2026,1
PARÇA,MOVEL SERVICE,RJ,Mendes,2026-06-26,2026-06,2026,1
PARÇA,MOVEL SERVICE,RJ,Mesquita,2026-01-05,2026-01,2026,1
PARÇA,MOVEL SERVICE,RJ,Mesquita,2026-01-09,2026-01,2026,1
PARÇA,MOVEL SERVICE,RJ,Mesquita,2026-01-13,2026-01,2026,1
PARÇA,MOVEL SERVICE,RJ,Mesquita,2026-01-14,2026-01,2026,1
PARÇA,MOVEL SERVICE,RJ,Mesquita,2026-01-17,2026-01,2026,1
PARÇA,MOVEL SERVICE,RJ,Mesquita,2026-01-22,2026-01,2026,1
PARÇA,MOVEL SERVICE,RJ,Mesquita,2026-01-29,2026-01,2026,1
PARÇA,MOVEL SERVICE,RJ,Mesquita,2026-01-31,2026-01,2026,1
PARÇA,MOVEL SERVICE,RJ,Mesquita,2026-02-16,2026-02,2026,1
PARÇA,MOVEL SERVICE,RJ,Mesquita,2026-04-14,2026-04,2026,1
PARÇA,MOVEL SERVICE,RJ,Mesquita,2026-04-28,2026-04,2026,1
PARÇA,MOVEL SERVICE,RJ,Mesquita,2026-05-29,2026-05,2026,1
PARÇA,MOVEL SERVICE,RJ,Mesquita,2026-07-02,2026-07,2026,1
PARÇA,MOVEL SERVICE,RJ,Mesquita,2026-07-06,2026-07,2026,1
PARÇA,MOVEL SERVICE,RJ,Mesquita,2026-07-09,2026-07,2026,1
PARÇA,MOVEL SERVICE,RJ,Mesquita,2026-07-13,2026-07,2026,1
PARÇA,MOVEL SERVICE,RJ,Mesquita,2026-07-15,2026-07,2026,1
PARÇA,MOVEL SERVICE,RJ,Miguel Pereira,2026-02-12,2026-02,2026,1
PARÇA,MOVEL SERVICE,RJ,Miguel Pereira,2026-03-10,2026-03,2026,1
PARÇA,MOVEL SERVICE,RJ,Miracema,2026-04-16,2026-04,2026,1
PARÇA,MOVEL SERVICE,RJ,Miracema,2026-06-10,2026-06,2026,1
PARÇA,MOVEL SERVICE,RJ,Nilopolis,2026-01-02,2026-01,2026,1
PARÇA,MOVEL SERVICE,RJ,Nilopolis,2026-01-08,2026-01,2026,1
PARÇA,MOVEL SERVICE,RJ,Nilopolis,2026-01-12,2026-01,2026,1
PARÇA,MOVEL SERVICE,RJ,Nilopolis,2026-01-16,2026-01,2026,1
PARÇA,MOVEL SERVICE,RJ,Nilopolis,2026-01-28,2026-01,2026,1
PARÇA,MOVEL SERVICE,RJ,Nilopolis,2026-02-04,2026-02,2026,1
PARÇA,MOVEL SERVICE,RJ,Nilopolis,2026-03-27,2026-03,2026,1
PARÇA,MOVEL SERVICE,RJ,Nilopolis,2026-03-30,2026-03,2026,1
PARÇA,MOVEL SERVICE,RJ,Nilopolis,2026-04-04,2026-04,2026,1
PARÇA,MOVEL SERVICE,RJ,Nilopolis,2026-04-14,2026-04,2026,1
PARÇA,MOVEL SERVICE,RJ,Nilopolis,2026-04-15,2026-04,2026,1
PARÇA,MOVEL SERVICE,RJ,Nilopolis,2026-04-17,2026-04,2026,1
PARÇA,MOVEL SERVICE,RJ,Nilopolis,2026-04-23,2026-04,2026,1
PARÇA,MOVEL SERVICE,RJ,Nilopolis,2026-04-29,2026-04,2026,1
PARÇA,MOVEL SERVICE,RJ,Nilopolis,2026-07-08,2026-07,2026,1
PARÇA,MOVEL SERVICE,RJ,Nilopolis,2026-07-09,2026-07,2026,2
PARÇA,MOVEL SERVICE,RJ,Niteroi,2026-01-02,2026-01,2026,4
PARÇA,MOVEL SERVICE,RJ,Niteroi,2026-01-06,2026-01,2026,3
PARÇA,MOVEL SERVICE,RJ,Niteroi,2026-01-07,2026-01,2026,1
PARÇA,MOVEL SERVICE,RJ,Niteroi,2026-01-08,2026-01,2026,1
PARÇA,MOVEL SERVICE,RJ,Niteroi,2026-01-13,2026-01,2026,2
PARÇA,MOVEL SERVICE,RJ,Niteroi,2026-01-14,2026-01,2026,2
PARÇA,MOVEL SERVICE,RJ,Niteroi,2026-01-21,2026-01,2026,3
PARÇA,MOVEL SERVICE,RJ,Niteroi,2026-01-22,2026-01,2026,4
PARÇA,MOVEL SERVICE,RJ,Niteroi,2026-01-23,2026-01,2026,1
PARÇA,MOVEL SERVICE,RJ,Niteroi,2026-01-26,2026-01,2026,5
PARÇA,MOVEL SERVICE,RJ,Niteroi,2026-01-29,2026-01,2026,1
PARÇA,MOVEL SERVICE,RJ,Niteroi,2026-01-30,2026-01,2026,1
PARÇA,MOVEL SERVICE,RJ,Niteroi,2026-02-03,2026-02,2026,3
PARÇA,MOVEL SERVICE,RJ,Niteroi,2026-02-09,2026-02,2026,1
PARÇA,MOVEL SERVICE,RJ,Niteroi,2026-02-10,2026-02,2026,1
PARÇA,MOVEL SERVICE,RJ,Niteroi,2026-02-11,2026-02,2026,2
PARÇA,MOVEL SERVICE,RJ,Niteroi,2026-02-13,2026-02,2026,1
PARÇA,MOVEL SERVICE,RJ,Niteroi,2026-02-19,2026-02,2026,1
PARÇA,MOVEL SERVICE,RJ,Niteroi,2026-02-20,2026-02,2026,2
PARÇA,MOVEL SERVICE,RJ,Niteroi,2026-02-24,2026-02,2026,4
PARÇA,MOVEL SERVICE,RJ,Niteroi,2026-02-26,2026-02,2026,3
PARÇA,MOVEL SERVICE,RJ,Niteroi,2026-02-27,2026-02,2026,1
PARÇA,MOVEL SERVICE,RJ,Niteroi,2026-03-13,2026-03,2026,2
PARÇA,MOVEL SERVICE,RJ,Niteroi,2026-03-19,2026-03,2026,4
PARÇA,MOVEL SERVICE,RJ,Niteroi,2026-04-01,2026-04,2026,6
PARÇA,MOVEL SERVICE,RJ,Niteroi,2026-04-09,2026-04,2026,5
PARÇA,MOVEL SERVICE,RJ,Niteroi,2026-04-10,2026-04,2026,1
PARÇA,MOVEL SERVICE,RJ,Niteroi,2026-04-13,2026-04,2026,3
PARÇA,MOVEL SERVICE,RJ,Niteroi,2026-04-15,2026-04,2026,4
PARÇA,MOVEL SERVICE,RJ,Niteroi,2026-04-23,2026-04,2026,2
PARÇA,MOVEL SERVICE,RJ,Niteroi,2026-04-24,2026-04,2026,2
PARÇA,MOVEL SERVICE,RJ,Niteroi,2026-04-28,2026-04,2026,4
PARÇA,MOVEL SERVICE,RJ,Niteroi,2026-05-12,2026-05,2026,1
PARÇA,MOVEL SERVICE,RJ,Niteroi,2026-05-15,2026-05,2026,1
PARÇA,MOVEL SERVICE,RJ,Niteroi,2026-05-19,2026-05,2026,2
PARÇA,MOVEL SERVICE,RJ,Niteroi,2026-05-21,2026-05,2026,2
PARÇA,MOVEL SERVICE,RJ,Niteroi,2026-05-26,2026-05,2026,4
PARÇA,MOVEL SERVICE,RJ,Niteroi,2026-06-03,2026-06,2026,4
PARÇA,MOVEL SERVICE,RJ,Niteroi,2026-06-06,2026-06,2026,2
PARÇA,MOVEL SERVICE,RJ,Niteroi,2026-06-11,2026-06,2026,2
PARÇA,MOVEL SERVICE,RJ,Niteroi,2026-06-16,2026-06,2026,2
PARÇA,MOVEL SERVICE,RJ,Niteroi,2026-06-24,2026-06,2026,12
PARÇA,MOVEL SERVICE,RJ,Niteroi,2026-06-25,2026-06,2026,1
PARÇA,MOVEL SERVICE,RJ,Niteroi,2026-06-26,2026-06,2026,2
PARÇA,MOVEL SERVICE,RJ,Niteroi,2026-06-30,2026-06,2026,1
PARÇA,MOVEL SERVICE,RJ,Niteroi,2026-07-01,2026-07,2026,1
PARÇA,MOVEL SERVICE,RJ,Niteroi,2026-07-02,2026-07,2026,3
PARÇA,MOVEL SERVICE,RJ,Niteroi,2026-07-07,2026-07,2026,5
PARÇA,MOVEL SERVICE,RJ,Niteroi,2026-07-13,2026-07,2026,3
PARÇA,MOVEL SERVICE,RJ,Niteroi,2026-07-17,2026-07,2026,4
PARÇA,MOVEL SERVICE,RJ,Niteroi,2026-07-22,2026-07,2026,3
PARÇA,MOVEL SERVICE,RJ,Niteroi,2026-07-27,2026-07,2026,2
PARÇA,MOVEL SERVICE,RJ,Nova Friburgo,2026-01-09,2026-01,2026,3
PARÇA,MOVEL SERVICE,RJ,Nova Friburgo,2026-01-16,2026-01,2026,2
PARÇA,MOVEL SERVICE,RJ,Nova Friburgo,2026-01-27,2026-01,2026,4
PARÇA,MOVEL SERVICE,RJ,Nova Friburgo,2026-02-05,2026-02,2026,2
PARÇA,MOVEL SERVICE,RJ,Nova Friburgo,2026-02-14,2026-02,2026,1
PARÇA,MOVEL SERVICE,RJ,Nova Friburgo,2026-02-19,2026-02,2026,3
PARÇA,MOVEL SERVICE,RJ,Nova Friburgo,2026-02-28,2026-02,2026,2
PARÇA,MOVEL SERVICE,RJ,Nova Friburgo,2026-03-14,2026-03,2026,1
PARÇA,MOVEL SERVICE,RJ,Nova Friburgo,2026-04-01,2026-04,2026,1
PARÇA,MOVEL SERVICE,RJ,Nova Friburgo,2026-04-02,2026-04,2026,1
PARÇA,MOVEL SERVICE,RJ,Nova Friburgo,2026-04-14,2026-04,2026,1
PARÇA,MOVEL SERVICE,RJ,Nova Friburgo,2026-04-18,2026-04,2026,1
PARÇA,MOVEL SERVICE,RJ,Nova Friburgo,2026-04-24,2026-04,2026,1
PARÇA,MOVEL SERVICE,RJ,Nova Friburgo,2026-06-10,2026-06,2026,1
PARÇA,MOVEL SERVICE,RJ,Nova Friburgo,2026-06-13,2026-06,2026,1
PARÇA,MOVEL SERVICE,RJ,Nova Friburgo,2026-06-30,2026-06,2026,2
PARÇA,MOVEL SERVICE,RJ,Nova Friburgo,2026-07-01,2026-07,2026,1
PARÇA,MOVEL SERVICE,RJ,Nova Friburgo,2026-07-15,2026-07,2026,3
PARÇA,MOVEL SERVICE,RJ,Nova Friburgo,2026-07-16,2026-07,2026,1
PARÇA,MOVEL SERVICE,RJ,Nova Friburgo,2026-07-24,2026-07,2026,3
PARÇA,MOVEL SERVICE,RJ,Nova Iguacu,2026-01-02,2026-01,2026,1
PARÇA,MOVEL SERVICE,RJ,Nova Iguacu,2026-01-03,2026-01,2026,2
PARÇA,MOVEL SERVICE,RJ,Nova Iguacu,2026-01-08,2026-01,2026,1
PARÇA,MOVEL SERVICE,RJ,Nova Iguacu,2026-01-15,2026-01,2026,1
PARÇA,MOVEL SERVICE,RJ,Nova Iguacu,2026-01-16,2026-01,2026,1
PARÇA,MOVEL SERVICE,RJ,Nova Iguacu,2026-01-21,2026-01,2026,1
PARÇA,MOVEL SERVICE,RJ,Nova Iguacu,2026-01-22,2026-01,2026,2
PARÇA,MOVEL SERVICE,RJ,Nova Iguacu,2026-01-26,2026-01,2026,1
PARÇA,MOVEL SERVICE,RJ,Nova Iguacu,2026-02-02,2026-02,2026,1
PARÇA,MOVEL SERVICE,RJ,Nova Iguacu,2026-02-04,2026-02,2026,1
PARÇA,MOVEL SERVICE,RJ,Nova Iguacu,2026-02-07,2026-02,2026,2
PARÇA,MOVEL SERVICE,RJ,Nova Iguacu,2026-02-11,2026-02,2026,2
PARÇA,MOVEL SERVICE,RJ,Nova Iguacu,2026-02-19,2026-02,2026,1
PARÇA,MOVEL SERVICE,RJ,Nova Iguacu,2026-02-20,2026-02,2026,1
PARÇA,MOVEL SERVICE,RJ,Nova Iguacu,2026-02-25,2026-02,2026,1
PARÇA,MOVEL SERVICE,RJ,Nova Iguacu,2026-02-26,2026-02,2026,4
PARÇA,MOVEL SERVICE,RJ,Nova Iguacu,2026-03-06,2026-03,2026,2
PARÇA,MOVEL SERVICE,RJ,Nova Iguacu,2026-03-17,2026-03,2026,1
PARÇA,MOVEL SERVICE,RJ,Nova Iguacu,2026-03-18,2026-03,2026,2
PARÇA,MOVEL SERVICE,RJ,Nova Iguacu,2026-03-20,2026-03,2026,1
PARÇA,MOVEL SERVICE,RJ,Nova Iguacu,2026-03-26,2026-03,2026,3
PARÇA,MOVEL SERVICE,RJ,Nova Iguacu,2026-03-31,2026-03,2026,1
PARÇA,MOVEL SERVICE,RJ,Nova Iguacu,2026-04-04,2026-04,2026,1
PARÇA,MOVEL SERVICE,RJ,Nova Iguacu,2026-04-07,2026-04,2026,1
PARÇA,MOVEL SERVICE,RJ,Nova Iguacu,2026-04-09,2026-04,2026,2
PARÇA,MOVEL SERVICE,RJ,Nova Iguacu,2026-04-10,2026-04,2026,3
PARÇA,MOVEL SERVICE,RJ,Nova Iguacu,2026-04-15,2026-04,2026,2
PARÇA,MOVEL SERVICE,RJ,Nova Iguacu,2026-04-16,2026-04,2026,2
PARÇA,MOVEL SERVICE,RJ,Nova Iguacu,2026-04-19,2026-04,2026,1
PARÇA,MOVEL SERVICE,RJ,Nova Iguacu,2026-04-28,2026-04,2026,1
PARÇA,MOVEL SERVICE,RJ,Nova Iguacu,2026-05-06,2026-05,2026,4
PARÇA,MOVEL SERVICE,RJ,Nova Iguacu,2026-05-07,2026-05,2026,3
PARÇA,MOVEL SERVICE,RJ,Nova Iguacu,2026-05-09,2026-05,2026,1
PARÇA,MOVEL SERVICE,RJ,Nova Iguacu,2026-05-14,2026-05,2026,1
PARÇA,MOVEL SERVICE,RJ,Nova Iguacu,2026-05-15,2026-05,2026,1
PARÇA,MOVEL SERVICE,RJ,Nova Iguacu,2026-05-19,2026-05,2026,1
PARÇA,MOVEL SERVICE,RJ,Nova Iguacu,2026-05-22,2026-05,2026,1
PARÇA,MOVEL SERVICE,RJ,Nova Iguacu,2026-05-29,2026-05,2026,1
PARÇA,MOVEL SERVICE,RJ,Nova Iguacu,2026-06-01,2026-06,2026,1
PARÇA,MOVEL SERVICE,RJ,Nova Iguacu,2026-06-02,2026-06,2026,3
PARÇA,MOVEL SERVICE,RJ,Nova Iguacu,2026-06-24,2026-06,2026,2
PARÇA,MOVEL SERVICE,RJ,Nova Iguacu,2026-06-25,2026-06,2026,3
PARÇA,MOVEL SERVICE,RJ,Nova Iguacu,2026-06-30,2026-06,2026,3
PARÇA,MOVEL SERVICE,RJ,Nova Iguacu,2026-07-02,2026-07,2026,2
PARÇA,MOVEL SERVICE,RJ,Nova Iguacu,2026-07-09,2026-07,2026,2
PARÇA,MOVEL SERVICE,RJ,Nova Iguacu,2026-07-14,2026-07,2026,2
PARÇA,MOVEL SERVICE,RJ,Nova Iguacu,2026-07-16,2026-07,2026,1
PARÇA,MOVEL SERVICE,RJ,Nova Iguacu,2026-07-22,2026-07,2026,2
PARÇA,MOVEL SERVICE,RJ,Paracambi,2026-04-16,2026-04,2026,1
PARÇA,MOVEL SERVICE,RJ,Paracambi,2026-06-10,2026-06,2026,2
PARÇA,MOVEL SERVICE,RJ,Paracambi,2026-06-30,2026-06,2026,1
PARÇA,MOVEL SERVICE,RJ,Paracambi,2026-07-01,2026-07,2026,1
PARÇA,MOVEL SERVICE,RJ,Paracambi,2026-07-18,2026-07,2026,1
PARÇA,MOVEL SERVICE,RJ,Paty do Alferes,2026-01-10,2026-01,2026,1
PARÇA,MOVEL SERVICE,RJ,Paty do Alferes,2026-02-12,2026-02,2026,1
PARÇA,MOVEL SERVICE,RJ,Paty do Alferes,2026-03-20,2026-03,2026,1
PARÇA,MOVEL SERVICE,RJ,Petropolis,2026-01-09,2026-01,2026,1
PARÇA,MOVEL SERVICE,RJ,Petropolis,2026-01-16,2026-01,2026,1
PARÇA,MOVEL SERVICE,RJ,Petropolis,2026-01-27,2026-01,2026,1
PARÇA,MOVEL SERVICE,RJ,Petropolis,2026-02-05,2026-02,2026,2
PARÇA,MOVEL SERVICE,RJ,Petropolis,2026-02-13,2026-02,2026,2
PARÇA,MOVEL SERVICE,RJ,Petropolis,2026-02-27,2026-02,2026,3
PARÇA,MOVEL SERVICE,RJ,Petropolis,2026-03-06,2026-03,2026,1
PARÇA,MOVEL SERVICE,RJ,Petropolis,2026-03-11,2026-03,2026,1
PARÇA,MOVEL SERVICE,RJ,Petropolis,2026-03-14,2026-03,2026,2
PARÇA,MOVEL SERVICE,RJ,Petropolis,2026-03-25,2026-03,2026,2
PARÇA,MOVEL SERVICE,RJ,Petropolis,2026-03-26,2026-03,2026,2
PARÇA,MOVEL SERVICE,RJ,Petropolis,2026-04-10,2026-04,2026,6
PARÇA,MOVEL SERVICE,RJ,Petropolis,2026-04-20,2026-04,2026,1
PARÇA,MOVEL SERVICE,RJ,Petropolis,2026-04-24,2026-04,2026,1
PARÇA,MOVEL SERVICE,RJ,Petropolis,2026-04-30,2026-04,2026,2
PARÇA,MOVEL SERVICE,RJ,Petropolis,2026-05-08,2026-05,2026,1
PARÇA,MOVEL SERVICE,RJ,Petropolis,2026-06-05,2026-06,2026,4
PARÇA,MOVEL SERVICE,RJ,Petropolis,2026-06-08,2026-06,2026,3
PARÇA,MOVEL SERVICE,RJ,Petropolis,2026-06-09,2026-06,2026,1
PARÇA,MOVEL SERVICE,RJ,Petropolis,2026-06-24,2026-06,2026,2
PARÇA,MOVEL SERVICE,RJ,Petropolis,2026-06-25,2026-06,2026,1
PARÇA,MOVEL SERVICE,RJ,Petropolis,2026-07-01,2026-07,2026,1
PARÇA,MOVEL SERVICE,RJ,Petropolis,2026-07-23,2026-07,2026,1
PARÇA,MOVEL SERVICE,RJ,Petropolis,2026-07-24,2026-07,2026,3
PARÇA,MOVEL SERVICE,RJ,Petropolis,2026-07-28,2026-07,2026,2
PARÇA,MOVEL SERVICE,RJ,Pinheiral,2026-02-02,2026-02,2026,1
PARÇA,MOVEL SERVICE,RJ,Pinheiral,2026-06-28,2026-06,2026,1
PARÇA,MOVEL SERVICE,RJ,Pirai,2026-01-22,2026-01,2026,1
PARÇA,MOVEL SERVICE,RJ,Pirai,2026-06-10,2026-06,2026,2
PARÇA,MOVEL SERVICE,RJ,Porto Real,2026-04-02,2026-04,2026,1
PARÇA,MOVEL SERVICE,RJ,Quatis,2026-01-10,2026-01,2026,1
PARÇA,MOVEL SERVICE,RJ,Quatis,2026-07-13,2026-07,2026,1
PARÇA,MOVEL SERVICE,RJ,Queimados,2026-01-05,2026-01,2026,1
PARÇA,MOVEL SERVICE,RJ,Queimados,2026-01-10,2026-01,2026,1
PARÇA,MOVEL SERVICE,RJ,Queimados,2026-01-20,2026-01,2026,2
PARÇA,MOVEL SERVICE,RJ,Queimados,2026-02-05,2026-02,2026,1
PARÇA,MOVEL SERVICE,RJ,Queimados,2026-03-19,2026-03,2026,1
PARÇA,MOVEL SERVICE,RJ,Queimados,2026-04-14,2026-04,2026,1
PARÇA,MOVEL SERVICE,RJ,Queimados,2026-05-06,2026-05,2026,1
PARÇA,MOVEL SERVICE,RJ,Queimados,2026-05-14,2026-05,2026,1
PARÇA,MOVEL SERVICE,RJ,Queimados,2026-05-22,2026-05,2026,1
PARÇA,MOVEL SERVICE,RJ,Queimados,2026-06-02,2026-06,2026,1
PARÇA,MOVEL SERVICE,RJ,Queimados,2026-06-10,2026-06,2026,1
PARÇA,MOVEL SERVICE,RJ,Queimados,2026-07-02,2026-07,2026,4
PARÇA,MOVEL SERVICE,RJ,Queimados,2026-07-06,2026-07,2026,1
PARÇA,MOVEL SERVICE,RJ,Queimados,2026-07-07,2026-07,2026,1
PARÇA,MOVEL SERVICE,RJ,Resende,2026-01-24,2026-01,2026,3
PARÇA,MOVEL SERVICE,RJ,Resende,2026-02-02,2026-02,2026,3
PARÇA,MOVEL SERVICE,RJ,Resende,2026-02-12,2026-02,2026,1
PARÇA,MOVEL SERVICE,RJ,Resende,2026-03-21,2026-03,2026,2
PARÇA,MOVEL SERVICE,RJ,Resende,2026-04-20,2026-04,2026,1
PARÇA,MOVEL SERVICE,RJ,Resende,2026-05-04,2026-05,2026,1
PARÇA,MOVEL SERVICE,RJ,Resende,2026-05-06,2026-05,2026,1
PARÇA,MOVEL SERVICE,RJ,Resende,2026-05-15,2026-05,2026,2
PARÇA,MOVEL SERVICE,RJ,Resende,2026-06-01,2026-06,2026,1
PARÇA,MOVEL SERVICE,RJ,Resende,2026-06-05,2026-06,2026,2
PARÇA,MOVEL SERVICE,RJ,Resende,2026-06-06,2026-06,2026,2
PARÇA,MOVEL SERVICE,RJ,Resende,2026-07-10,2026-07,2026,2
PARÇA,MOVEL SERVICE,RJ,Resende,2026-07-16,2026-07,2026,1
PARÇA,MOVEL SERVICE,RJ,Resende,2026-07-17,2026-07,2026,2
PARÇA,MOVEL SERVICE,RJ,Rio Bonito,2026-01-12,2026-01,2026,1
PARÇA,MOVEL SERVICE,RJ,Rio Bonito,2026-01-16,2026-01,2026,1
PARÇA,MOVEL SERVICE,RJ,Rio Bonito,2026-03-13,2026-03,2026,2
PARÇA,MOVEL SERVICE,RJ,Rio Bonito,2026-05-10,2026-05,2026,1
PARÇA,MOVEL SERVICE,RJ,Rio Bonito,2026-06-10,2026-06,2026,1
PARÇA,MOVEL SERVICE,RJ,Rio Bonito,2026-06-13,2026-06,2026,1
PARÇA,MOVEL SERVICE,RJ,Rio Claro,2026-03-10,2026-03,2026,1
PARÇA,MOVEL SERVICE,RJ,Rio das Ostras,2026-01-24,2026-01,2026,1
PARÇA,MOVEL SERVICE,RJ,Rio das Ostras,2026-02-02,2026-02,2026,2
PARÇA,MOVEL SERVICE,RJ,Rio das Ostras,2026-02-12,2026-02,2026,1
PARÇA,MOVEL SERVICE,RJ,Rio das Ostras,2026-02-19,2026-02,2026,1
PARÇA,MOVEL SERVICE,RJ,Rio das Ostras,2026-03-11,2026-03,2026,1
PARÇA,MOVEL SERVICE,RJ,Rio das Ostras,2026-03-18,2026-03,2026,1
PARÇA,MOVEL SERVICE,RJ,Rio das Ostras,2026-03-19,2026-03,2026,2
PARÇA,MOVEL SERVICE,RJ,Rio das Ostras,2026-04-17,2026-04,2026,1
PARÇA,MOVEL SERVICE,RJ,Rio das Ostras,2026-04-18,2026-04,2026,4
PARÇA,MOVEL SERVICE,RJ,Rio das Ostras,2026-05-05,2026-05,2026,1
PARÇA,MOVEL SERVICE,RJ,Rio das Ostras,2026-05-06,2026-05,2026,1
PARÇA,MOVEL SERVICE,RJ,Rio das Ostras,2026-05-08,2026-05,2026,1
PARÇA,MOVEL SERVICE,RJ,Rio das Ostras,2026-05-15,2026-05,2026,1
PARÇA,MOVEL SERVICE,RJ,Rio das Ostras,2026-06-16,2026-06,2026,1
PARÇA,MOVEL SERVICE,RJ,Rio das Ostras,2026-06-20,2026-06,2026,2
PARÇA,MOVEL SERVICE,RJ,Rio das Ostras,2026-06-23,2026-06,2026,1
PARÇA,MOVEL SERVICE,RJ,Rio das Ostras,2026-06-24,2026-06,2026,1
PARÇA,MOVEL SERVICE,RJ,Rio das Ostras,2026-07-07,2026-07,2026,1
PARÇA,MOVEL SERVICE,RJ,Rio das Ostras,2026-07-09,2026-07,2026,1
PARÇA,MOVEL SERVICE,RJ,Rio das Ostras,2026-07-14,2026-07,2026,1
PARÇA,MOVEL SERVICE,RJ,Rio das Ostras,2026-07-19,2026-07,2026,1
PARÇA,MOVEL SERVICE,RJ,Rio de Janeiro,2026-01-02,2026-01,2026,1
PARÇA,MOVEL SERVICE,RJ,Rio de Janeiro,2026-01-05,2026-01,2026,7
PARÇA,MOVEL SERVICE,RJ,Rio de Janeiro,2026-01-06,2026-01,2026,11
PARÇA,MOVEL SERVICE,RJ,Rio de Janeiro,2026-01-07,2026-01,2026,8
PARÇA,MOVEL SERVICE,RJ,Rio de Janeiro,2026-01-08,2026-01,2026,6
PARÇA,MOVEL SERVICE,RJ,Rio de Janeiro,2026-01-09,2026-01,2026,4
PARÇA,MOVEL SERVICE,RJ,Rio de Janeiro,2026-01-10,2026-01,2026,8
PARÇA,MOVEL SERVICE,RJ,Rio de Janeiro,2026-01-12,2026-01,2026,4
PARÇA,MOVEL SERVICE,RJ,Rio de Janeiro,2026-01-13,2026-01,2026,8
PARÇA,MOVEL SERVICE,RJ,Rio de Janeiro,2026-01-14,2026-01,2026,18
PARÇA,MOVEL SERVICE,RJ,Rio de Janeiro,2026-01-15,2026-01,2026,7
PARÇA,MOVEL SERVICE,RJ,Rio de Janeiro,2026-01-16,2026-01,2026,5
PARÇA,MOVEL SERVICE,RJ,Rio de Janeiro,2026-01-17,2026-01,2026,4
PARÇA,MOVEL SERVICE,RJ,Rio de Janeiro,2026-01-19,2026-01,2026,4
PARÇA,MOVEL SERVICE,RJ,Rio de Janeiro,2026-01-20,2026-01,2026,8
PARÇA,MOVEL SERVICE,RJ,Rio de Janeiro,2026-01-21,2026-01,2026,6
PARÇA,MOVEL SERVICE,RJ,Rio de Janeiro,2026-01-22,2026-01,2026,6
PARÇA,MOVEL SERVICE,RJ,Rio de Janeiro,2026-01-23,2026-01,2026,7
PARÇA,MOVEL SERVICE,RJ,Rio de Janeiro,2026-01-24,2026-01,2026,2
PARÇA,MOVEL SERVICE,RJ,Rio de Janeiro,2026-01-25,2026-01,2026,4
PARÇA,MOVEL SERVICE,RJ,Rio de Janeiro,2026-01-26,2026-01,2026,9
PARÇA,MOVEL SERVICE,RJ,Rio de Janeiro,2026-01-27,2026-01,2026,9
PARÇA,MOVEL SERVICE,RJ,Rio de Janeiro,2026-01-28,2026-01,2026,7
PARÇA,MOVEL SERVICE,RJ,Rio de Janeiro,2026-01-29,2026-01,2026,7
PARÇA,MOVEL SERVICE,RJ,Rio de Janeiro,2026-01-30,2026-01,2026,4
PARÇA,MOVEL SERVICE,RJ,Rio de Janeiro,2026-01-31,2026-01,2026,1
PARÇA,MOVEL SERVICE,RJ,Rio de Janeiro,2026-02-02,2026-02,2026,9
PARÇA,MOVEL SERVICE,RJ,Rio de Janeiro,2026-02-03,2026-02,2026,6
PARÇA,MOVEL SERVICE,RJ,Rio de Janeiro,2026-02-04,2026-02,2026,18
PARÇA,MOVEL SERVICE,RJ,Rio de Janeiro,2026-02-05,2026-02,2026,7
PARÇA,MOVEL SERVICE,RJ,Rio de Janeiro,2026-02-06,2026-02,2026,13
PARÇA,MOVEL SERVICE,RJ,Rio de Janeiro,2026-02-07,2026-02,2026,4
PARÇA,MOVEL SERVICE,RJ,Rio de Janeiro,2026-02-08,2026-02,2026,1
PARÇA,MOVEL SERVICE,RJ,Rio de Janeiro,2026-02-09,2026-02,2026,6
PARÇA,MOVEL SERVICE,RJ,Rio de Janeiro,2026-02-10,2026-02,2026,6
PARÇA,MOVEL SERVICE,RJ,Rio de Janeiro,2026-02-11,2026-02,2026,4
PARÇA,MOVEL SERVICE,RJ,Rio de Janeiro,2026-02-12,2026-02,2026,6
PARÇA,MOVEL SERVICE,RJ,Rio de Janeiro,2026-02-13,2026-02,2026,6
PARÇA,MOVEL SERVICE,RJ,Rio de Janeiro,2026-02-14,2026-02,2026,1
PARÇA,MOVEL SERVICE,RJ,Rio de Janeiro,2026-02-16,2026-02,2026,2
PARÇA,MOVEL SERVICE,RJ,Rio de Janeiro,2026-02-17,2026-02,2026,1
PARÇA,MOVEL SERVICE,RJ,Rio de Janeiro,2026-02-18,2026-02,2026,5
PARÇA,MOVEL SERVICE,RJ,Rio de Janeiro,2026-02-19,2026-02,2026,6
PARÇA,MOVEL SERVICE,RJ,Rio de Janeiro,2026-02-20,2026-02,2026,5
PARÇA,MOVEL SERVICE,RJ,Rio de Janeiro,2026-02-21,2026-02,2026,3
PARÇA,MOVEL SERVICE,RJ,Rio de Janeiro,2026-02-23,2026-02,2026,1
PARÇA,MOVEL SERVICE,RJ,Rio de Janeiro,2026-02-24,2026-02,2026,7
PARÇA,MOVEL SERVICE,RJ,Rio de Janeiro,2026-02-25,2026-02,2026,2
PARÇA,MOVEL SERVICE,RJ,Rio de Janeiro,2026-02-26,2026-02,2026,12
PARÇA,MOVEL SERVICE,RJ,Rio de Janeiro,2026-02-27,2026-02,2026,7
PARÇA,MOVEL SERVICE,RJ,Rio de Janeiro,2026-03-02,2026-03,2026,4
PARÇA,MOVEL SERVICE,RJ,Rio de Janeiro,2026-03-03,2026-03,2026,4
PARÇA,MOVEL SERVICE,RJ,Rio de Janeiro,2026-03-04,2026-03,2026,9
PARÇA,MOVEL SERVICE,RJ,Rio de Janeiro,2026-03-05,2026-03,2026,2
PARÇA,MOVEL SERVICE,RJ,Rio de Janeiro,2026-03-06,2026-03,2026,5
PARÇA,MOVEL SERVICE,RJ,Rio de Janeiro,2026-03-10,2026-03,2026,10
PARÇA,MOVEL SERVICE,RJ,Rio de Janeiro,2026-03-11,2026-03,2026,9
PARÇA,MOVEL SERVICE,RJ,Rio de Janeiro,2026-03-12,2026-03,2026,13
PARÇA,MOVEL SERVICE,RJ,Rio de Janeiro,2026-03-13,2026-03,2026,3
PARÇA,MOVEL SERVICE,RJ,Rio de Janeiro,2026-03-14,2026-03,2026,1
PARÇA,MOVEL SERVICE,RJ,Rio de Janeiro,2026-03-16,2026-03,2026,4
PARÇA,MOVEL SERVICE,RJ,Rio de Janeiro,2026-03-17,2026-03,2026,5
PARÇA,MOVEL SERVICE,RJ,Rio de Janeiro,2026-03-19,2026-03,2026,5
PARÇA,MOVEL SERVICE,RJ,Rio de Janeiro,2026-03-20,2026-03,2026,4
PARÇA,MOVEL SERVICE,RJ,Rio de Janeiro,2026-03-22,2026-03,2026,1
PARÇA,MOVEL SERVICE,RJ,Rio de Janeiro,2026-03-23,2026-03,2026,17
PARÇA,MOVEL SERVICE,RJ,Rio de Janeiro,2026-03-24,2026-03,2026,1
PARÇA,MOVEL SERVICE,RJ,Rio de Janeiro,2026-03-25,2026-03,2026,1
PARÇA,MOVEL SERVICE,RJ,Rio de Janeiro,2026-03-26,2026-03,2026,7
PARÇA,MOVEL SERVICE,RJ,Rio de Janeiro,2026-03-27,2026-03,2026,7
PARÇA,MOVEL SERVICE,RJ,Rio de Janeiro,2026-03-29,2026-03,2026,3
PARÇA,MOVEL SERVICE,RJ,Rio de Janeiro,2026-03-30,2026-03,2026,7
PARÇA,MOVEL SERVICE,RJ,Rio de Janeiro,2026-03-31,2026-03,2026,18
PARÇA,MOVEL SERVICE,RJ,Rio de Janeiro,2026-04-02,2026-04,2026,8
PARÇA,MOVEL SERVICE,RJ,Rio de Janeiro,2026-04-04,2026-04,2026,5
PARÇA,MOVEL SERVICE,RJ,Rio de Janeiro,2026-04-06,2026-04,2026,2
PARÇA,MOVEL SERVICE,RJ,Rio de Janeiro,2026-04-07,2026-04,2026,7
PARÇA,MOVEL SERVICE,RJ,Rio de Janeiro,2026-04-08,2026-04,2026,9
PARÇA,MOVEL SERVICE,RJ,Rio de Janeiro,2026-04-10,2026-04,2026,2
PARÇA,MOVEL SERVICE,RJ,Rio de Janeiro,2026-04-13,2026-04,2026,8
PARÇA,MOVEL SERVICE,RJ,Rio de Janeiro,2026-04-14,2026-04,2026,10
PARÇA,MOVEL SERVICE,RJ,Rio de Janeiro,2026-04-15,2026-04,2026,7
PARÇA,MOVEL SERVICE,RJ,Rio de Janeiro,2026-04-16,2026-04,2026,5
PARÇA,MOVEL SERVICE,RJ,Rio de Janeiro,2026-04-17,2026-04,2026,7
PARÇA,MOVEL SERVICE,RJ,Rio de Janeiro,2026-04-18,2026-04,2026,3
PARÇA,MOVEL SERVICE,RJ,Rio de Janeiro,2026-04-19,2026-04,2026,6
PARÇA,MOVEL SERVICE,RJ,Rio de Janeiro,2026-04-20,2026-04,2026,8
PARÇA,MOVEL SERVICE,RJ,Rio de Janeiro,2026-04-21,2026-04,2026,3
PARÇA,MOVEL SERVICE,RJ,Rio de Janeiro,2026-04-22,2026-04,2026,9
PARÇA,MOVEL SERVICE,RJ,Rio de Janeiro,2026-04-23,2026-04,2026,3
PARÇA,MOVEL SERVICE,RJ,Rio de Janeiro,2026-04-24,2026-04,2026,18
PARÇA,MOVEL SERVICE,RJ,Rio de Janeiro,2026-04-27,2026-04,2026,10
PARÇA,MOVEL SERVICE,RJ,Rio de Janeiro,2026-04-28,2026-04,2026,9
PARÇA,MOVEL SERVICE,RJ,Rio de Janeiro,2026-04-29,2026-04,2026,6
PARÇA,MOVEL SERVICE,RJ,Rio de Janeiro,2026-04-30,2026-04,2026,7
PARÇA,MOVEL SERVICE,RJ,Rio de Janeiro,2026-05-02,2026-05,2026,2
PARÇA,MOVEL SERVICE,RJ,Rio de Janeiro,2026-05-04,2026-05,2026,7
PARÇA,MOVEL SERVICE,RJ,Rio de Janeiro,2026-05-07,2026-05,2026,2
PARÇA,MOVEL SERVICE,RJ,Rio de Janeiro,2026-05-08,2026-05,2026,4
PARÇA,MOVEL SERVICE,RJ,Rio de Janeiro,2026-05-11,2026-05,2026,2
PARÇA,MOVEL SERVICE,RJ,Rio de Janeiro,2026-05-12,2026-05,2026,6
PARÇA,MOVEL SERVICE,RJ,Rio de Janeiro,2026-05-13,2026-05,2026,5
PARÇA,MOVEL SERVICE,RJ,Rio de Janeiro,2026-05-14,2026-05,2026,3
PARÇA,MOVEL SERVICE,RJ,Rio de Janeiro,2026-05-15,2026-05,2026,11
PARÇA,MOVEL SERVICE,RJ,Rio de Janeiro,2026-05-18,2026-05,2026,3
PARÇA,MOVEL SERVICE,RJ,Rio de Janeiro,2026-05-19,2026-05,2026,14
PARÇA,MOVEL SERVICE,RJ,Rio de Janeiro,2026-05-20,2026-05,2026,8
PARÇA,MOVEL SERVICE,RJ,Rio de Janeiro,2026-05-21,2026-05,2026,4
PARÇA,MOVEL SERVICE,RJ,Rio de Janeiro,2026-05-22,2026-05,2026,3
PARÇA,MOVEL SERVICE,RJ,Rio de Janeiro,2026-05-23,2026-05,2026,8
PARÇA,MOVEL SERVICE,RJ,Rio de Janeiro,2026-05-24,2026-05,2026,1
PARÇA,MOVEL SERVICE,RJ,Rio de Janeiro,2026-05-25,2026-05,2026,12
PARÇA,MOVEL SERVICE,RJ,Rio de Janeiro,2026-05-26,2026-05,2026,11
PARÇA,MOVEL SERVICE,RJ,Rio de Janeiro,2026-05-27,2026-05,2026,5
PARÇA,MOVEL SERVICE,RJ,Rio de Janeiro,2026-05-28,2026-05,2026,16
PARÇA,MOVEL SERVICE,RJ,Rio de Janeiro,2026-05-29,2026-05,2026,9
PARÇA,MOVEL SERVICE,RJ,Rio de Janeiro,2026-06-01,2026-06,2026,7
PARÇA,MOVEL SERVICE,RJ,Rio de Janeiro,2026-06-02,2026-06,2026,10
PARÇA,MOVEL SERVICE,RJ,Rio de Janeiro,2026-06-03,2026-06,2026,4
PARÇA,MOVEL SERVICE,RJ,Rio de Janeiro,2026-06-05,2026-06,2026,8
PARÇA,MOVEL SERVICE,RJ,Rio de Janeiro,2026-06-08,2026-06,2026,3
PARÇA,MOVEL SERVICE,RJ,Rio de Janeiro,2026-06-09,2026-06,2026,9
PARÇA,MOVEL SERVICE,RJ,Rio de Janeiro,2026-06-10,2026-06,2026,8
PARÇA,MOVEL SERVICE,RJ,Rio de Janeiro,2026-06-11,2026-06,2026,9
PARÇA,MOVEL SERVICE,RJ,Rio de Janeiro,2026-06-12,2026-06,2026,3
PARÇA,MOVEL SERVICE,RJ,Rio de Janeiro,2026-06-15,2026-06,2026,5
PARÇA,MOVEL SERVICE,RJ,Rio de Janeiro,2026-06-16,2026-06,2026,5
PARÇA,MOVEL SERVICE,RJ,Rio de Janeiro,2026-06-17,2026-06,2026,4
PARÇA,MOVEL SERVICE,RJ,Rio de Janeiro,2026-06-18,2026-06,2026,4
PARÇA,MOVEL SERVICE,RJ,Rio de Janeiro,2026-06-19,2026-06,2026,5
PARÇA,MOVEL SERVICE,RJ,Rio de Janeiro,2026-06-22,2026-06,2026,2
PARÇA,MOVEL SERVICE,RJ,Rio de Janeiro,2026-06-23,2026-06,2026,3
PARÇA,MOVEL SERVICE,RJ,Rio de Janeiro,2026-06-24,2026-06,2026,2
PARÇA,MOVEL SERVICE,RJ,Rio de Janeiro,2026-06-25,2026-06,2026,11
PARÇA,MOVEL SERVICE,RJ,Rio de Janeiro,2026-06-26,2026-06,2026,8
PARÇA,MOVEL SERVICE,RJ,Rio de Janeiro,2026-06-29,2026-06,2026,2
PARÇA,MOVEL SERVICE,RJ,Rio de Janeiro,2026-06-30,2026-06,2026,18
PARÇA,MOVEL SERVICE,RJ,Rio de Janeiro,2026-07-01,2026-07,2026,9
PARÇA,MOVEL SERVICE,RJ,Rio de Janeiro,2026-07-02,2026-07,2026,13
PARÇA,MOVEL SERVICE,RJ,Rio de Janeiro,2026-07-03,2026-07,2026,3
PARÇA,MOVEL SERVICE,RJ,Rio de Janeiro,2026-07-06,2026-07,2026,15
PARÇA,MOVEL SERVICE,RJ,Rio de Janeiro,2026-07-07,2026-07,2026,7
PARÇA,MOVEL SERVICE,RJ,Rio de Janeiro,2026-07-08,2026-07,2026,12
PARÇA,MOVEL SERVICE,RJ,Rio de Janeiro,2026-07-09,2026-07,2026,9
PARÇA,MOVEL SERVICE,RJ,Rio de Janeiro,2026-07-10,2026-07,2026,10
PARÇA,MOVEL SERVICE,RJ,Rio de Janeiro,2026-07-13,2026-07,2026,6
PARÇA,MOVEL SERVICE,RJ,Rio de Janeiro,2026-07-14,2026-07,2026,15
PARÇA,MOVEL SERVICE,RJ,Rio de Janeiro,2026-07-15,2026-07,2026,4
PARÇA,MOVEL SERVICE,RJ,Rio de Janeiro,2026-07-16,2026-07,2026,15
PARÇA,MOVEL SERVICE,RJ,Rio de Janeiro,2026-07-17,2026-07,2026,7
PARÇA,MOVEL SERVICE,RJ,Rio de Janeiro,2026-07-21,2026-07,2026,4
PARÇA,MOVEL SERVICE,RJ,Rio de Janeiro,2026-07-22,2026-07,2026,4
PARÇA,MOVEL SERVICE,RJ,Rio de Janeiro,2026-07-23,2026-07,2026,8
PARÇA,MOVEL SERVICE,RJ,Rio de Janeiro,2026-07-24,2026-07,2026,5
PARÇA,MOVEL SERVICE,RJ,Rio de Janeiro,2026-07-28,2026-07,2026,16
PARÇA,MOVEL SERVICE,RJ,Sao Fidelis,2026-03-03,2026-03,2026,1
PARÇA,MOVEL SERVICE,RJ,Sao Goncalo,2026-01-02,2026-01,2026,2
PARÇA,MOVEL SERVICE,RJ,Sao Goncalo,2026-01-06,2026-01,2026,1
PARÇA,MOVEL SERVICE,RJ,Sao Goncalo,2026-01-07,2026-01,2026,1
PARÇA,MOVEL SERVICE,RJ,Sao Goncalo,2026-01-08,2026-01,2026,1
PARÇA,MOVEL SERVICE,RJ,Sao Goncalo,2026-01-13,2026-01,2026,2
PARÇA,MOVEL SERVICE,RJ,Sao Goncalo,2026-01-21,2026-01,2026,2
PARÇA,MOVEL SERVICE,RJ,Sao Goncalo,2026-01-22,2026-01,2026,1
PARÇA,MOVEL SERVICE,RJ,Sao Goncalo,2026-01-26,2026-01,2026,1
PARÇA,MOVEL SERVICE,RJ,Sao Goncalo,2026-01-29,2026-01,2026,2
PARÇA,MOVEL SERVICE,RJ,Sao Goncalo,2026-02-03,2026-02,2026,3
PARÇA,MOVEL SERVICE,RJ,Sao Goncalo,2026-02-10,2026-02,2026,3
PARÇA,MOVEL SERVICE,RJ,Sao Goncalo,2026-02-20,2026-02,2026,1
PARÇA,MOVEL SERVICE,RJ,Sao Goncalo,2026-02-26,2026-02,2026,2
PARÇA,MOVEL SERVICE,RJ,Sao Goncalo,2026-03-11,2026-03,2026,1
PARÇA,MOVEL SERVICE,RJ,Sao Goncalo,2026-03-12,2026-03,2026,5
PARÇA,MOVEL SERVICE,RJ,Sao Goncalo,2026-03-16,2026-03,2026,1
PARÇA,MOVEL SERVICE,RJ,Sao Goncalo,2026-03-17,2026-03,2026,1
PARÇA,MOVEL SERVICE,RJ,Sao Goncalo,2026-03-18,2026-03,2026,1
PARÇA,MOVEL SERVICE,RJ,Sao Goncalo,2026-03-19,2026-03,2026,1
PARÇA,MOVEL SERVICE,RJ,Sao Goncalo,2026-04-02,2026-04,2026,1
PARÇA,MOVEL SERVICE,RJ,Sao Goncalo,2026-04-06,2026-04,2026,3
PARÇA,MOVEL SERVICE,RJ,Sao Goncalo,2026-04-09,2026-04,2026,3
PARÇA,MOVEL SERVICE,RJ,Sao Goncalo,2026-04-11,2026-04,2026,1
PARÇA,MOVEL SERVICE,RJ,Sao Goncalo,2026-04-13,2026-04,2026,3
PARÇA,MOVEL SERVICE,RJ,Sao Goncalo,2026-04-15,2026-04,2026,2
PARÇA,MOVEL SERVICE,RJ,Sao Goncalo,2026-04-23,2026-04,2026,1
PARÇA,MOVEL SERVICE,RJ,Sao Goncalo,2026-04-28,2026-04,2026,6
PARÇA,MOVEL SERVICE,RJ,Sao Goncalo,2026-05-05,2026-05,2026,2
PARÇA,MOVEL SERVICE,RJ,Sao Goncalo,2026-05-12,2026-05,2026,1
PARÇA,MOVEL SERVICE,RJ,Sao Goncalo,2026-05-19,2026-05,2026,1
PARÇA,MOVEL SERVICE,RJ,Sao Goncalo,2026-05-20,2026-05,2026,1
PARÇA,MOVEL SERVICE,RJ,Sao Goncalo,2026-05-26,2026-05,2026,2
PARÇA,MOVEL SERVICE,RJ,Sao Goncalo,2026-06-03,2026-06,2026,3
PARÇA,MOVEL SERVICE,RJ,Sao Goncalo,2026-06-05,2026-06,2026,3
PARÇA,MOVEL SERVICE,RJ,Sao Goncalo,2026-06-06,2026-06,2026,3
PARÇA,MOVEL SERVICE,RJ,Sao Goncalo,2026-06-15,2026-06,2026,1
PARÇA,MOVEL SERVICE,RJ,Sao Goncalo,2026-06-24,2026-06,2026,5
PARÇA,MOVEL SERVICE,RJ,Sao Goncalo,2026-06-26,2026-06,2026,2
PARÇA,MOVEL SERVICE,RJ,Sao Goncalo,2026-07-02,2026-07,2026,1
PARÇA,MOVEL SERVICE,RJ,Sao Goncalo,2026-07-09,2026-07,2026,1
PARÇA,MOVEL SERVICE,RJ,Sao Goncalo,2026-07-13,2026-07,2026,1
PARÇA,MOVEL SERVICE,RJ,Sao Goncalo,2026-07-17,2026-07,2026,3
PARÇA,MOVEL SERVICE,RJ,Sao Goncalo,2026-07-22,2026-07,2026,4
PARÇA,MOVEL SERVICE,RJ,Sao Joao da Barra,2026-01-08,2026-01,2026,1
PARÇA,MOVEL SERVICE,RJ,Sao Joao da Barra,2026-01-30,2026-01,2026,1
PARÇA,MOVEL SERVICE,RJ,Sao Joao de Meriti,2026-01-02,2026-01,2026,1
PARÇA,MOVEL SERVICE,RJ,Sao Joao de Meriti,2026-01-03,2026-01,2026,1
PARÇA,MOVEL SERVICE,RJ,Sao Joao de Meriti,2026-01-14,2026-01,2026,1
PARÇA,MOVEL SERVICE,RJ,Sao Joao de Meriti,2026-01-15,2026-01,2026,1
PARÇA,MOVEL SERVICE,RJ,Sao Joao de Meriti,2026-01-22,2026-01,2026,1
PARÇA,MOVEL SERVICE,RJ,Sao Joao de Meriti,2026-01-23,2026-01,2026,1
PARÇA,MOVEL SERVICE,RJ,Sao Joao de Meriti,2026-01-27,2026-01,2026,1
PARÇA,MOVEL SERVICE,RJ,Sao Joao de Meriti,2026-01-29,2026-01,2026,2
PARÇA,MOVEL SERVICE,RJ,Sao Joao de Meriti,2026-02-16,2026-02,2026,1
PARÇA,MOVEL SERVICE,RJ,Sao Joao de Meriti,2026-02-19,2026-02,2026,1
PARÇA,MOVEL SERVICE,RJ,Sao Joao de Meriti,2026-02-20,2026-02,2026,1
PARÇA,MOVEL SERVICE,RJ,Sao Joao de Meriti,2026-02-21,2026-02,2026,1
PARÇA,MOVEL SERVICE,RJ,Sao Joao de Meriti,2026-02-26,2026-02,2026,1
PARÇA,MOVEL SERVICE,RJ,Sao Joao de Meriti,2026-03-04,2026-03,2026,2
PARÇA,MOVEL SERVICE,RJ,Sao Joao de Meriti,2026-03-19,2026-03,2026,1
PARÇA,MOVEL SERVICE,RJ,Sao Joao de Meriti,2026-03-26,2026-03,2026,1
PARÇA,MOVEL SERVICE,RJ,Sao Joao de Meriti,2026-03-30,2026-03,2026,1
PARÇA,MOVEL SERVICE,RJ,Sao Joao de Meriti,2026-03-31,2026-03,2026,1
PARÇA,MOVEL SERVICE,RJ,Sao Joao de Meriti,2026-04-02,2026-04,2026,1
PARÇA,MOVEL SERVICE,RJ,Sao Joao de Meriti,2026-04-09,2026-04,2026,2
PARÇA,MOVEL SERVICE,RJ,Sao Joao de Meriti,2026-04-18,2026-04,2026,1
PARÇA,MOVEL SERVICE,RJ,Sao Joao de Meriti,2026-04-19,2026-04,2026,1
PARÇA,MOVEL SERVICE,RJ,Sao Joao de Meriti,2026-04-29,2026-04,2026,1
PARÇA,MOVEL SERVICE,RJ,Sao Joao de Meriti,2026-05-09,2026-05,2026,1
PARÇA,MOVEL SERVICE,RJ,Sao Joao de Meriti,2026-05-12,2026-05,2026,1
PARÇA,MOVEL SERVICE,RJ,Sao Joao de Meriti,2026-05-23,2026-05,2026,2
PARÇA,MOVEL SERVICE,RJ,Sao Joao de Meriti,2026-05-29,2026-05,2026,2
PARÇA,MOVEL SERVICE,RJ,Sao Joao de Meriti,2026-06-09,2026-06,2026,1
PARÇA,MOVEL SERVICE,RJ,Sao Joao de Meriti,2026-06-30,2026-06,2026,1
PARÇA,MOVEL SERVICE,RJ,Sao Joao de Meriti,2026-07-06,2026-07,2026,1
PARÇA,MOVEL SERVICE,RJ,Sao Joao de Meriti,2026-07-15,2026-07,2026,2
PARÇA,MOVEL SERVICE,RJ,Sao Joao de Meriti,2026-07-16,2026-07,2026,1
PARÇA,MOVEL SERVICE,RJ,Sao Joao de Meriti,2026-07-24,2026-07,2026,1
PARÇA,MOVEL SERVICE,RJ,Sao Pedro da Aldeia,2026-01-13,2026-01,2026,1
PARÇA,MOVEL SERVICE,RJ,Sao Pedro da Aldeia,2026-01-14,2026-01,2026,1
PARÇA,MOVEL SERVICE,RJ,Sao Pedro da Aldeia,2026-01-24,2026-01,2026,2
PARÇA,MOVEL SERVICE,RJ,Sao Pedro da Aldeia,2026-01-28,2026-01,2026,1
PARÇA,MOVEL SERVICE,RJ,Sao Pedro da Aldeia,2026-02-11,2026-02,2026,1
PARÇA,MOVEL SERVICE,RJ,Sao Pedro da Aldeia,2026-02-20,2026-02,2026,2
PARÇA,MOVEL SERVICE,RJ,Sao Pedro da Aldeia,2026-02-24,2026-02,2026,1
PARÇA,MOVEL SERVICE,RJ,Sao Pedro da Aldeia,2026-03-05,2026-03,2026,1
PARÇA,MOVEL SERVICE,RJ,Sao Pedro da Aldeia,2026-03-19,2026-03,2026,1
PARÇA,MOVEL SERVICE,RJ,Sao Pedro da Aldeia,2026-04-21,2026-04,2026,1
PARÇA,MOVEL SERVICE,RJ,Sao Pedro da Aldeia,2026-05-07,2026-05,2026,1
PARÇA,MOVEL SERVICE,RJ,Sao Pedro da Aldeia,2026-05-21,2026-05,2026,1
PARÇA,MOVEL SERVICE,RJ,Sao Pedro da Aldeia,2026-07-15,2026-07,2026,1
PARÇA,MOVEL SERVICE,RJ,Sao Pedro da Aldeia,2026-07-29,2026-07,2026,1
PARÇA,MOVEL SERVICE,RJ,Saquarema,2026-01-03,2026-01,2026,1
PARÇA,MOVEL SERVICE,RJ,Saquarema,2026-01-12,2026-01,2026,4
PARÇA,MOVEL SERVICE,RJ,Saquarema,2026-01-22,2026-01,2026,1
PARÇA,MOVEL SERVICE,RJ,Saquarema,2026-01-23,2026-01,2026,1
PARÇA,MOVEL SERVICE,RJ,Saquarema,2026-01-28,2026-01,2026,1
PARÇA,MOVEL SERVICE,RJ,Saquarema,2026-02-19,2026-02,2026,1
PARÇA,MOVEL SERVICE,RJ,Saquarema,2026-03-24,2026-03,2026,1
PARÇA,MOVEL SERVICE,RJ,Saquarema,2026-04-20,2026-04,2026,1
PARÇA,MOVEL SERVICE,RJ,Saquarema,2026-04-22,2026-04,2026,1
PARÇA,MOVEL SERVICE,RJ,Saquarema,2026-05-04,2026-05,2026,1
PARÇA,MOVEL SERVICE,RJ,Saquarema,2026-06-01,2026-06,2026,1
PARÇA,MOVEL SERVICE,RJ,Saquarema,2026-06-06,2026-06,2026,2
PARÇA,MOVEL SERVICE,RJ,Saquarema,2026-06-20,2026-06,2026,1
PARÇA,MOVEL SERVICE,RJ,Seropedica,2026-01-20,2026-01,2026,1
PARÇA,MOVEL SERVICE,RJ,Seropedica,2026-04-16,2026-04,2026,1
PARÇA,MOVEL SERVICE,RJ,Seropedica,2026-05-09,2026-05,2026,1
PARÇA,MOVEL SERVICE,RJ,Seropedica,2026-05-28,2026-05,2026,1
PARÇA,MOVEL SERVICE,RJ,Seropedica,2026-07-06,2026-07,2026,2
PARÇA,MOVEL SERVICE,RJ,Silva Jardim,2026-01-16,2026-01,2026,1
PARÇA,MOVEL SERVICE,RJ,Sumidouro,2026-07-02,2026-07,2026,2
PARÇA,MOVEL SERVICE,RJ,Teresopolis,2026-01-27,2026-01,2026,1
PARÇA,MOVEL SERVICE,RJ,Teresopolis,2026-02-05,2026-02,2026,1
PARÇA,MOVEL SERVICE,RJ,Teresopolis,2026-02-14,2026-02,2026,1
PARÇA,MOVEL SERVICE,RJ,Teresopolis,2026-02-19,2026-02,2026,1
PARÇA,MOVEL SERVICE,RJ,Teresopolis,2026-03-14,2026-03,2026,3
PARÇA,MOVEL SERVICE,RJ,Teresopolis,2026-04-01,2026-04,2026,2
PARÇA,MOVEL SERVICE,RJ,Teresopolis,2026-04-10,2026-04,2026,1
PARÇA,MOVEL SERVICE,RJ,Teresopolis,2026-04-20,2026-04,2026,3
PARÇA,MOVEL SERVICE,RJ,Teresopolis,2026-04-24,2026-04,2026,2
PARÇA,MOVEL SERVICE,RJ,Teresopolis,2026-04-29,2026-04,2026,2
PARÇA,MOVEL SERVICE,RJ,Teresopolis,2026-05-19,2026-05,2026,1
PARÇA,MOVEL SERVICE,RJ,Teresopolis,2026-06-05,2026-06,2026,4
PARÇA,MOVEL SERVICE,RJ,Teresopolis,2026-06-06,2026-06,2026,1
PARÇA,MOVEL SERVICE,RJ,Teresopolis,2026-06-09,2026-06,2026,1
PARÇA,MOVEL SERVICE,RJ,Teresopolis,2026-06-10,2026-06,2026,2
PARÇA,MOVEL SERVICE,RJ,Teresopolis,2026-07-24,2026-07,2026,2
PARÇA,MOVEL SERVICE,RJ,Teresopolis,2026-07-28,2026-07,2026,2
PARÇA,MOVEL SERVICE,RJ,Valenca,2026-01-24,2026-01,2026,1
PARÇA,MOVEL SERVICE,RJ,Valenca,2026-03-09,2026-03,2026,1
PARÇA,MOVEL SERVICE,RJ,Valenca,2026-03-20,2026-03,2026,1
PARÇA,MOVEL SERVICE,RJ,Valenca,2026-03-25,2026-03,2026,1
PARÇA,MOVEL SERVICE,RJ,Vassouras,2026-03-10,2026-03,2026,1
PARÇA,MOVEL SERVICE,RJ,Vassouras,2026-03-20,2026-03,2026,2
PARÇA,MOVEL SERVICE,RJ,Vassouras,2026-04-20,2026-04,2026,1
PARÇA,MOVEL SERVICE,RJ,Vassouras,2026-06-01,2026-06,2026,1
PARÇA,MOVEL SERVICE,RJ,Vassouras,2026-06-10,2026-06,2026,1
PARÇA,MOVEL SERVICE,RJ,Vassouras,2026-07-10,2026-07,2026,1
PARÇA,MOVEL SERVICE,RJ,Volta Redonda,2026-01-10,2026-01,2026,6
PARÇA,MOVEL SERVICE,RJ,Volta Redonda,2026-01-24,2026-01,2026,2
PARÇA,MOVEL SERVICE,RJ,Volta Redonda,2026-02-02,2026-02,2026,2
PARÇA,MOVEL SERVICE,RJ,Volta Redonda,2026-02-04,2026-02,2026,1
PARÇA,MOVEL SERVICE,RJ,Volta Redonda,2026-02-05,2026-02,2026,1
PARÇA,MOVEL SERVICE,RJ,Volta Redonda,2026-02-12,2026-02,2026,2
PARÇA,MOVEL SERVICE,RJ,Volta Redonda,2026-03-09,2026-03,2026,1
PARÇA,MOVEL SERVICE,RJ,Volta Redonda,2026-03-10,2026-03,2026,4
PARÇA,MOVEL SERVICE,RJ,Volta Redonda,2026-03-20,2026-03,2026,1
PARÇA,MOVEL SERVICE,RJ,Volta Redonda,2026-04-03,2026-04,2026,2
PARÇA,MOVEL SERVICE,RJ,Volta Redonda,2026-04-20,2026-04,2026,5
PARÇA,MOVEL SERVICE,RJ,Volta Redonda,2026-05-05,2026-05,2026,1
PARÇA,MOVEL SERVICE,RJ,Volta Redonda,2026-06-01,2026-06,2026,3
PARÇA,MOVEL SERVICE,RJ,Volta Redonda,2026-06-02,2026-06,2026,1
PARÇA,MOVEL SERVICE,RJ,Volta Redonda,2026-06-05,2026-06,2026,1
PARÇA,MOVEL SERVICE,RJ,Volta Redonda,2026-06-06,2026-06,2026,1
PARÇA,MOVEL SERVICE,RJ,Volta Redonda,2026-06-10,2026-06,2026,4
PARÇA,MOVEL SERVICE,RJ,Volta Redonda,2026-06-28,2026-06,2026,4
PARÇA,MOVEL SERVICE,RJ,Volta Redonda,2026-06-29,2026-06,2026,1
PARÇA,MOVEL SERVICE,RJ,Volta Redonda,2026-06-30,2026-06,2026,1
PARÇA,ORC MOVEIS E EL,BA,Alagoinhas,2026-01-12,2026-01,2026,1
PARÇA,ORC MOVEIS E EL,BA,Alagoinhas,2026-02-25,2026-02,2026,1
PARÇA,ORC MOVEIS E EL,BA,Alagoinhas,2026-03-07,2026-03,2026,2
PARÇA,ORC MOVEIS E EL,BA,Alagoinhas,2026-03-12,2026-03,2026,2
PARÇA,ORC MOVEIS E EL,BA,Alagoinhas,2026-03-30,2026-03,2026,2
PARÇA,ORC MOVEIS E EL,BA,Alagoinhas,2026-05-06,2026-05,2026,1
PARÇA,ORC MOVEIS E EL,BA,Alagoinhas,2026-05-08,2026-05,2026,1
PARÇA,ORC MOVEIS E EL,BA,Alagoinhas,2026-07-15,2026-07,2026,1
PARÇA,ORC MOVEIS E EL,BA,Araci,2026-03-14,2026-03,2026,2
PARÇA,ORC MOVEIS E EL,BA,Camacari,2026-01-09,2026-01,2026,1
PARÇA,ORC MOVEIS E EL,BA,Camacari,2026-01-10,2026-01,2026,1
PARÇA,ORC MOVEIS E EL,BA,Camacari,2026-01-24,2026-01,2026,1
PARÇA,ORC MOVEIS E EL,BA,Camacari,2026-02-10,2026-02,2026,1
PARÇA,ORC MOVEIS E EL,BA,Camacari,2026-02-25,2026-02,2026,1
PARÇA,ORC MOVEIS E EL,BA,Camacari,2026-03-06,2026-03,2026,1
PARÇA,ORC MOVEIS E EL,BA,Camacari,2026-03-11,2026-03,2026,1
PARÇA,ORC MOVEIS E EL,BA,Camacari,2026-04-02,2026-04,2026,1
PARÇA,ORC MOVEIS E EL,BA,Camacari,2026-04-08,2026-04,2026,1
PARÇA,ORC MOVEIS E EL,BA,Camacari,2026-04-17,2026-04,2026,1
PARÇA,ORC MOVEIS E EL,BA,Camacari,2026-04-21,2026-04,2026,1
PARÇA,ORC MOVEIS E EL,BA,Camacari,2026-05-07,2026-05,2026,2
PARÇA,ORC MOVEIS E EL,BA,Camacari,2026-06-18,2026-06,2026,1
PARÇA,ORC MOVEIS E EL,BA,Camacari,2026-07-22,2026-07,2026,1
PARÇA,ORC MOVEIS E EL,BA,Camacari,2026-07-23,2026-07,2026,2
PARÇA,ORC MOVEIS E EL,BA,Campo Formoso,2026-02-09,2026-02,2026,1
PARÇA,ORC MOVEIS E EL,BA,Candeias,2026-04-06,2026-04,2026,1
PARÇA,ORC MOVEIS E EL,BA,Candeias,2026-04-20,2026-04,2026,1
PARÇA,ORC MOVEIS E EL,BA,Canudos,2026-02-03,2026-02,2026,1
PARÇA,ORC MOVEIS E EL,BA,Canudos,2026-03-16,2026-03,2026,1
PARÇA,ORC MOVEIS E EL,BA,Canudos,2026-04-15,2026-04,2026,1
PARÇA,ORC MOVEIS E EL,BA,Capela do Alto Alegre,2026-02-28,2026-02,2026,1
PARÇA,ORC MOVEIS E EL,BA,Capela do Alto Alegre,2026-05-12,2026-05,2026,1
PARÇA,ORC MOVEIS E EL,BA,Capela do Alto Alegre,2026-07-21,2026-07,2026,1
PARÇA,ORC MOVEIS E EL,BA,Catu,2026-01-09,2026-01,2026,1
PARÇA,ORC MOVEIS E EL,BA,Conceicao da Feira,2026-04-23,2026-04,2026,1
PARÇA,ORC MOVEIS E EL,BA,Conceicao do Coite,2026-03-24,2026-03,2026,1
PARÇA,ORC MOVEIS E EL,BA,Conceicao do Coite,2026-04-14,2026-04,2026,1
PARÇA,ORC MOVEIS E EL,BA,Conceicao do Coite,2026-05-15,2026-05,2026,1
PARÇA,ORC MOVEIS E EL,BA,Conceicao do Jacuipe,2026-02-20,2026-02,2026,1
PARÇA,ORC MOVEIS E EL,BA,Cruz das Almas,2026-06-24,2026-06,2026,1
PARÇA,ORC MOVEIS E EL,BA,Entre Rios,2026-03-26,2026-03,2026,1
PARÇA,ORC MOVEIS E EL,BA,Esplanada,2026-05-05,2026-05,2026,1
PARÇA,ORC MOVEIS E EL,BA,Euclides da Cunha,2026-01-16,2026-01,2026,1
PARÇA,ORC MOVEIS E EL,BA,Euclides da Cunha,2026-02-09,2026-02,2026,1
PARÇA,ORC MOVEIS E EL,BA,Euclides da Cunha,2026-04-24,2026-04,2026,1
PARÇA,ORC MOVEIS E EL,BA,Feira de Santana,2026-01-15,2026-01,2026,1
PARÇA,ORC MOVEIS E EL,BA,Feira de Santana,2026-02-03,2026-02,2026,2
PARÇA,ORC MOVEIS E EL,BA,Feira de Santana,2026-02-06,2026-02,2026,1
PARÇA,ORC MOVEIS E EL,BA,Feira de Santana,2026-02-14,2026-02,2026,1
PARÇA,ORC MOVEIS E EL,BA,Feira de Santana,2026-02-19,2026-02,2026,2
PARÇA,ORC MOVEIS E EL,BA,Feira de Santana,2026-02-22,2026-02,2026,1
PARÇA,ORC MOVEIS E EL,BA,Feira de Santana,2026-02-23,2026-02,2026,1
PARÇA,ORC MOVEIS E EL,BA,Feira de Santana,2026-02-27,2026-02,2026,1
PARÇA,ORC MOVEIS E EL,BA,Feira de Santana,2026-03-13,2026-03,2026,1
PARÇA,ORC MOVEIS E EL,BA,Feira de Santana,2026-03-16,2026-03,2026,1
PARÇA,ORC MOVEIS E EL,BA,Feira de Santana,2026-03-17,2026-03,2026,2
PARÇA,ORC MOVEIS E EL,BA,Feira de Santana,2026-03-20,2026-03,2026,1
PARÇA,ORC MOVEIS E EL,BA,Feira de Santana,2026-03-23,2026-03,2026,2
PARÇA,ORC MOVEIS E EL,BA,Feira de Santana,2026-04-07,2026-04,2026,1
PARÇA,ORC MOVEIS E EL,BA,Feira de Santana,2026-04-15,2026-04,2026,1
PARÇA,ORC MOVEIS E EL,BA,Feira de Santana,2026-04-24,2026-04,2026,1
PARÇA,ORC MOVEIS E EL,BA,Feira de Santana,2026-05-04,2026-05,2026,1
PARÇA,ORC MOVEIS E EL,BA,Feira de Santana,2026-05-05,2026-05,2026,1
PARÇA,ORC MOVEIS E EL,BA,Feira de Santana,2026-05-07,2026-05,2026,2
PARÇA,ORC MOVEIS E EL,BA,Feira de Santana,2026-06-01,2026-06,2026,1
PARÇA,ORC MOVEIS E EL,BA,Feira de Santana,2026-06-03,2026-06,2026,1
PARÇA,ORC MOVEIS E EL,BA,Feira de Santana,2026-06-11,2026-06,2026,1
PARÇA,ORC MOVEIS E EL,BA,Feira de Santana,2026-06-23,2026-06,2026,1
PARÇA,ORC MOVEIS E EL,BA,Feira de Santana,2026-07-17,2026-07,2026,1
PARÇA,ORC MOVEIS E EL,BA,Feira de Santana,2026-07-20,2026-07,2026,1
PARÇA,ORC MOVEIS E EL,BA,Feira de Santana,2026-07-23,2026-07,2026,2
PARÇA,ORC MOVEIS E EL,BA,Feira de Santana,2026-07-28,2026-07,2026,1
PARÇA,ORC MOVEIS E EL,BA,Gandu,2026-03-25,2026-03,2026,1
PARÇA,ORC MOVEIS E EL,BA,Gandu,2026-04-23,2026-04,2026,1
PARÇA,ORC MOVEIS E EL,BA,Gaviao,2026-03-19,2026-03,2026,1
PARÇA,ORC MOVEIS E EL,BA,Governador Mangabeira,2026-02-23,2026-02,2026,1
PARÇA,ORC MOVEIS E EL,BA,Ipira,2026-02-06,2026-02,2026,1
PARÇA,ORC MOVEIS E EL,BA,Ipira,2026-02-13,2026-02,2026,1
PARÇA,ORC MOVEIS E EL,BA,Ipira,2026-04-07,2026-04,2026,1
PARÇA,ORC MOVEIS E EL,BA,Ipira,2026-05-06,2026-05,2026,1
PARÇA,ORC MOVEIS E EL,BA,Jeremoabo,2026-01-08,2026-01,2026,1
PARÇA,ORC MOVEIS E EL,BA,Jeremoabo,2026-06-17,2026-06,2026,1
PARÇA,ORC MOVEIS E EL,BA,Juazeiro,2026-01-12,2026-01,2026,1
PARÇA,ORC MOVEIS E EL,BA,Juazeiro,2026-02-03,2026-02,2026,1
PARÇA,ORC MOVEIS E EL,BA,Juazeiro,2026-03-03,2026-03,2026,1
PARÇA,ORC MOVEIS E EL,BA,Juazeiro,2026-03-23,2026-03,2026,1
PARÇA,ORC MOVEIS E EL,BA,Juazeiro,2026-07-23,2026-07,2026,1
PARÇA,ORC MOVEIS E EL,BA,Lauro de Freitas,2026-01-09,2026-01,2026,1
PARÇA,ORC MOVEIS E EL,BA,Lauro de Freitas,2026-01-13,2026-01,2026,1
PARÇA,ORC MOVEIS E EL,BA,Lauro de Freitas,2026-01-23,2026-01,2026,1
PARÇA,ORC MOVEIS E EL,BA,Lauro de Freitas,2026-01-24,2026-01,2026,1
PARÇA,ORC MOVEIS E EL,BA,Lauro de Freitas,2026-01-29,2026-01,2026,1
PARÇA,ORC MOVEIS E EL,BA,Lauro de Freitas,2026-02-12,2026-02,2026,1
PARÇA,ORC MOVEIS E EL,BA,Lauro de Freitas,2026-02-25,2026-02,2026,2
PARÇA,ORC MOVEIS E EL,BA,Lauro de Freitas,2026-03-09,2026-03,2026,1
PARÇA,ORC MOVEIS E EL,BA,Lauro de Freitas,2026-03-18,2026-03,2026,1
PARÇA,ORC MOVEIS E EL,BA,Lauro de Freitas,2026-04-06,2026-04,2026,1
PARÇA,ORC MOVEIS E EL,BA,Lauro de Freitas,2026-04-20,2026-04,2026,2
PARÇA,ORC MOVEIS E EL,BA,Lauro de Freitas,2026-05-07,2026-05,2026,3
PARÇA,ORC MOVEIS E EL,BA,Lauro de Freitas,2026-06-02,2026-06,2026,2
PARÇA,ORC MOVEIS E EL,BA,Lauro de Freitas,2026-06-16,2026-06,2026,1
PARÇA,ORC MOVEIS E EL,BA,Lauro de Freitas,2026-07-02,2026-07,2026,1
PARÇA,ORC MOVEIS E EL,BA,Macarani,2026-04-28,2026-04,2026,1
PARÇA,ORC MOVEIS E EL,BA,Madre de Deus,2026-01-28,2026-01,2026,1
PARÇA,ORC MOVEIS E EL,BA,Maragogipe,2026-03-12,2026-03,2026,1
PARÇA,ORC MOVEIS E EL,BA,Maragogipe,2026-06-01,2026-06,2026,1
PARÇA,ORC MOVEIS E EL,BA,Maragogipe,2026-07-16,2026-07,2026,1
PARÇA,ORC MOVEIS E EL,BA,Monte Santo,2026-07-20,2026-07,2026,1
PARÇA,ORC MOVEIS E EL,BA,Muritiba,2026-03-25,2026-03,2026,1
PARÇA,ORC MOVEIS E EL,BA,Muritiba,2026-06-20,2026-06,2026,1
PARÇA,ORC MOVEIS E EL,BA,Nazare,2026-02-16,2026-02,2026,1
PARÇA,ORC MOVEIS E EL,BA,Nazare,2026-03-12,2026-03,2026,1
PARÇA,ORC MOVEIS E EL,BA,Nova Soure,2026-02-16,2026-02,2026,1
PARÇA,ORC MOVEIS E EL,BA,Paulo Afonso,2026-03-24,2026-03,2026,1
PARÇA,ORC MOVEIS E EL,BA,Paulo Afonso,2026-04-09,2026-04,2026,1
PARÇA,ORC MOVEIS E EL,BA,Paulo Afonso,2026-05-01,2026-05,2026,1
PARÇA,ORC MOVEIS E EL,BA,Paulo Afonso,2026-06-18,2026-06,2026,1
PARÇA,ORC MOVEIS E EL,BA,Paulo Afonso,2026-06-23,2026-06,2026,1
PARÇA,ORC MOVEIS E EL,BA,Pe de Serra,2026-04-10,2026-04,2026,1
PARÇA,ORC MOVEIS E EL,BA,Pindobacu,2026-02-09,2026-02,2026,1
PARÇA,ORC MOVEIS E EL,BA,Pojuca,2026-02-25,2026-02,2026,1
PARÇA,ORC MOVEIS E EL,BA,Pojuca,2026-06-08,2026-06,2026,1
PARÇA,ORC MOVEIS E EL,BA,Quijingue,2026-03-13,2026-03,2026,1
PARÇA,ORC MOVEIS E EL,BA,Ribeira do Pombal,2026-01-27,2026-01,2026,1
PARÇA,ORC MOVEIS E EL,BA,Ribeira do Pombal,2026-03-12,2026-03,2026,1
PARÇA,ORC MOVEIS E EL,BA,Rio Real,2026-02-25,2026-02,2026,1
PARÇA,ORC MOVEIS E EL,BA,Rio Real,2026-06-18,2026-06,2026,1
PARÇA,ORC MOVEIS E EL,BA,Ruy Barbosa,2026-01-22,2026-01,2026,1
PARÇA,ORC MOVEIS E EL,BA,Salvador,2026-01-08,2026-01,2026,6
PARÇA,ORC MOVEIS E EL,BA,Salvador,2026-01-09,2026-01,2026,5
PARÇA,ORC MOVEIS E EL,BA,Salvador,2026-01-10,2026-01,2026,5
PARÇA,ORC MOVEIS E EL,BA,Salvador,2026-01-12,2026-01,2026,1
PARÇA,ORC MOVEIS E EL,BA,Salvador,2026-01-14,2026-01,2026,1
PARÇA,ORC MOVEIS E EL,BA,Salvador,2026-01-19,2026-01,2026,2
PARÇA,ORC MOVEIS E EL,BA,Salvador,2026-01-23,2026-01,2026,9
PARÇA,ORC MOVEIS E EL,BA,Salvador,2026-01-26,2026-01,2026,4
PARÇA,ORC MOVEIS E EL,BA,Salvador,2026-01-27,2026-01,2026,1
PARÇA,ORC MOVEIS E EL,BA,Salvador,2026-01-29,2026-01,2026,4
PARÇA,ORC MOVEIS E EL,BA,Salvador,2026-01-30,2026-01,2026,5
PARÇA,ORC MOVEIS E EL,BA,Salvador,2026-02-04,2026-02,2026,3
PARÇA,ORC MOVEIS E EL,BA,Salvador,2026-02-06,2026-02,2026,2
PARÇA,ORC MOVEIS E EL,BA,Salvador,2026-02-09,2026-02,2026,6
PARÇA,ORC MOVEIS E EL,BA,Salvador,2026-02-10,2026-02,2026,5
PARÇA,ORC MOVEIS E EL,BA,Salvador,2026-02-11,2026-02,2026,1
PARÇA,ORC MOVEIS E EL,BA,Salvador,2026-02-16,2026-02,2026,1
PARÇA,ORC MOVEIS E EL,BA,Salvador,2026-02-23,2026-02,2026,2
PARÇA,ORC MOVEIS E EL,BA,Salvador,2026-02-25,2026-02,2026,2
PARÇA,ORC MOVEIS E EL,BA,Salvador,2026-02-28,2026-02,2026,5
PARÇA,ORC MOVEIS E EL,BA,Salvador,2026-03-02,2026-03,2026,2
PARÇA,ORC MOVEIS E EL,BA,Salvador,2026-03-03,2026-03,2026,6
PARÇA,ORC MOVEIS E EL,BA,Salvador,2026-03-07,2026-03,2026,3
PARÇA,ORC MOVEIS E EL,BA,Salvador,2026-03-10,2026-03,2026,3
PARÇA,ORC MOVEIS E EL,BA,Salvador,2026-03-11,2026-03,2026,2
PARÇA,ORC MOVEIS E EL,BA,Salvador,2026-03-15,2026-03,2026,2
PARÇA,ORC MOVEIS E EL,BA,Salvador,2026-03-16,2026-03,2026,3
PARÇA,ORC MOVEIS E EL,BA,Salvador,2026-03-19,2026-03,2026,1
PARÇA,ORC MOVEIS E EL,BA,Salvador,2026-03-22,2026-03,2026,1
PARÇA,ORC MOVEIS E EL,BA,Salvador,2026-03-24,2026-03,2026,2
PARÇA,ORC MOVEIS E EL,BA,Salvador,2026-03-25,2026-03,2026,1
PARÇA,ORC MOVEIS E EL,BA,Salvador,2026-03-30,2026-03,2026,4
PARÇA,ORC MOVEIS E EL,BA,Salvador,2026-04-01,2026-04,2026,4
PARÇA,ORC MOVEIS E EL,BA,Salvador,2026-04-06,2026-04,2026,2
PARÇA,ORC MOVEIS E EL,BA,Salvador,2026-04-07,2026-04,2026,2
PARÇA,ORC MOVEIS E EL,BA,Salvador,2026-04-08,2026-04,2026,4
PARÇA,ORC MOVEIS E EL,BA,Salvador,2026-04-09,2026-04,2026,3
PARÇA,ORC MOVEIS E EL,BA,Salvador,2026-04-10,2026-04,2026,1
PARÇA,ORC MOVEIS E EL,BA,Salvador,2026-04-11,2026-04,2026,4
PARÇA,ORC MOVEIS E EL,BA,Salvador,2026-04-14,2026-04,2026,5
PARÇA,ORC MOVEIS E EL,BA,Salvador,2026-04-15,2026-04,2026,2
PARÇA,ORC MOVEIS E EL,BA,Salvador,2026-04-16,2026-04,2026,1
PARÇA,ORC MOVEIS E EL,BA,Salvador,2026-04-18,2026-04,2026,1
PARÇA,ORC MOVEIS E EL,BA,Salvador,2026-04-20,2026-04,2026,1
PARÇA,ORC MOVEIS E EL,BA,Salvador,2026-04-21,2026-04,2026,2
PARÇA,ORC MOVEIS E EL,BA,Salvador,2026-04-25,2026-04,2026,3
PARÇA,ORC MOVEIS E EL,BA,Salvador,2026-04-28,2026-04,2026,2
PARÇA,ORC MOVEIS E EL,BA,Salvador,2026-05-01,2026-05,2026,1
PARÇA,ORC MOVEIS E EL,BA,Salvador,2026-05-04,2026-05,2026,1
PARÇA,ORC MOVEIS E EL,BA,Salvador,2026-05-05,2026-05,2026,1
PARÇA,ORC MOVEIS E EL,BA,Salvador,2026-05-08,2026-05,2026,1
PARÇA,ORC MOVEIS E EL,BA,Salvador,2026-05-11,2026-05,2026,2
PARÇA,ORC MOVEIS E EL,BA,Salvador,2026-05-12,2026-05,2026,4
PARÇA,ORC MOVEIS E EL,BA,Salvador,2026-05-13,2026-05,2026,3
PARÇA,ORC MOVEIS E EL,BA,Salvador,2026-05-14,2026-05,2026,2
PARÇA,ORC MOVEIS E EL,BA,Salvador,2026-05-15,2026-05,2026,5
PARÇA,ORC MOVEIS E EL,BA,Salvador,2026-05-18,2026-05,2026,2
PARÇA,ORC MOVEIS E EL,BA,Salvador,2026-05-19,2026-05,2026,7
PARÇA,ORC MOVEIS E EL,BA,Salvador,2026-05-20,2026-05,2026,6
PARÇA,ORC MOVEIS E EL,BA,Salvador,2026-05-27,2026-05,2026,2
PARÇA,ORC MOVEIS E EL,BA,Salvador,2026-05-28,2026-05,2026,1
PARÇA,ORC MOVEIS E EL,BA,Salvador,2026-06-01,2026-06,2026,5
PARÇA,ORC MOVEIS E EL,BA,Salvador,2026-06-02,2026-06,2026,4
PARÇA,ORC MOVEIS E EL,BA,Salvador,2026-06-03,2026-06,2026,6
PARÇA,ORC MOVEIS E EL,BA,Salvador,2026-06-05,2026-06,2026,1
PARÇA,ORC MOVEIS E EL,BA,Salvador,2026-06-15,2026-06,2026,1
PARÇA,ORC MOVEIS E EL,BA,Salvador,2026-06-18,2026-06,2026,2
PARÇA,ORC MOVEIS E EL,BA,Salvador,2026-06-19,2026-06,2026,2
PARÇA,ORC MOVEIS E EL,BA,Salvador,2026-06-23,2026-06,2026,1
PARÇA,ORC MOVEIS E EL,BA,Salvador,2026-06-26,2026-06,2026,1
PARÇA,ORC MOVEIS E EL,BA,Salvador,2026-06-30,2026-06,2026,2
PARÇA,ORC MOVEIS E EL,BA,Salvador,2026-07-01,2026-07,2026,2
PARÇA,ORC MOVEIS E EL,BA,Salvador,2026-07-07,2026-07,2026,1
PARÇA,ORC MOVEIS E EL,BA,Salvador,2026-07-08,2026-07,2026,7
PARÇA,ORC MOVEIS E EL,BA,Salvador,2026-07-09,2026-07,2026,7
PARÇA,ORC MOVEIS E EL,BA,Salvador,2026-07-10,2026-07,2026,1
PARÇA,ORC MOVEIS E EL,BA,Salvador,2026-07-21,2026-07,2026,2
PARÇA,ORC MOVEIS E EL,BA,Salvador,2026-07-22,2026-07,2026,7
PARÇA,ORC MOVEIS E EL,BA,Salvador,2026-07-24,2026-07,2026,8
PARÇA,ORC MOVEIS E EL,BA,Salvador,2026-07-26,2026-07,2026,1
PARÇA,ORC MOVEIS E EL,BA,Salvador,2026-07-28,2026-07,2026,1
PARÇA,ORC MOVEIS E EL,BA,Santa Barbara,2026-02-18,2026-02,2026,1
PARÇA,ORC MOVEIS E EL,BA,Santaluz,2026-07-20,2026-07,2026,1
PARÇA,ORC MOVEIS E EL,BA,Sao Felix,2026-06-29,2026-06,2026,1
PARÇA,ORC MOVEIS E EL,BA,Sao Francisco do Conde,2026-01-24,2026-01,2026,1
PARÇA,ORC MOVEIS E EL,BA,Senhor do Bonfim,2026-03-12,2026-03,2026,1
PARÇA,ORC MOVEIS E EL,BA,Senhor do Bonfim,2026-06-09,2026-06,2026,1
PARÇA,ORC MOVEIS E EL,BA,Serra Preta,2026-01-20,2026-01,2026,1
PARÇA,ORC MOVEIS E EL,BA,Serrinha,2026-02-27,2026-02,2026,1
PARÇA,ORC MOVEIS E EL,BA,Serrinha,2026-04-21,2026-04,2026,1
PARÇA,ORC MOVEIS E EL,BA,Serrinha,2026-06-02,2026-06,2026,1
PARÇA,ORC MOVEIS E EL,BA,Simoes Filho,2026-03-18,2026-03,2026,1
PARÇA,ORC MOVEIS E EL,BA,Simoes Filho,2026-04-20,2026-04,2026,2
PARÇA,ORC MOVEIS E EL,BA,Simoes Filho,2026-05-21,2026-05,2026,1
PARÇA,ORC MOVEIS E EL,BA,Simoes Filho,2026-06-01,2026-06,2026,1
PARÇA,ORC MOVEIS E EL,BA,Simoes Filho,2026-06-19,2026-06,2026,1
PARÇA,ORC MOVEIS E EL,BA,Simoes Filho,2026-06-22,2026-06,2026,1
PARÇA,ORC MOVEIS E EL,BA,Sitio do Quinto,2026-04-21,2026-04,2026,1
PARÇA,ORC MOVEIS E EL,BA,Tanquinho,2026-02-12,2026-02,2026,1
PARÇA,ORC MOVEIS E EL,BA,Tucano,2026-07-28,2026-07,2026,1
PARÇA,ORC MOVEIS E EL,BA,Valente,2026-07-13,2026-07,2026,1
PARÇA,ORC MOVEIS E EL,BA,Vitoria da Conquista,2026-01-22,2026-01,2026,1
PARÇA,ORC MOVEIS E EL,BA,Vitoria da Conquista,2026-01-27,2026-01,2026,2
PARÇA,ORC MOVEIS E EL,BA,Vitoria da Conquista,2026-02-18,2026-02,2026,1
PARÇA,ORC MOVEIS E EL,BA,Vitoria da Conquista,2026-02-19,2026-02,2026,1
PARÇA,ORC MOVEIS E EL,BA,Vitoria da Conquista,2026-02-23,2026-02,2026,1
PARÇA,ORC MOVEIS E EL,BA,Vitoria da Conquista,2026-02-24,2026-02,2026,1
PARÇA,ORC MOVEIS E EL,BA,Vitoria da Conquista,2026-03-06,2026-03,2026,1
PARÇA,ORC MOVEIS E EL,BA,Vitoria da Conquista,2026-03-16,2026-03,2026,1
PARÇA,ORC MOVEIS E EL,BA,Vitoria da Conquista,2026-03-24,2026-03,2026,1
PARÇA,ORC MOVEIS E EL,BA,Vitoria da Conquista,2026-04-02,2026-04,2026,1
PARÇA,ORC MOVEIS E EL,BA,Vitoria da Conquista,2026-04-16,2026-04,2026,1
PARÇA,ORC MOVEIS E EL,BA,Vitoria da Conquista,2026-04-27,2026-04,2026,1
PARÇA,ORC MOVEIS E EL,BA,Vitoria da Conquista,2026-05-12,2026-05,2026,1
PARÇA,ORC MOVEIS E EL,BA,Vitoria da Conquista,2026-05-16,2026-05,2026,1
PARÇA,ORC MOVEIS E EL,BA,Vitoria da Conquista,2026-05-19,2026-05,2026,1
PARÇA,ORC MOVEIS E EL,BA,Vitoria da Conquista,2026-05-22,2026-05,2026,1
PARÇA,ORC MOVEIS E EL,BA,Vitoria da Conquista,2026-06-08,2026-06,2026,1
PARÇA,ORC MOVEIS E EL,BA,Vitoria da Conquista,2026-06-15,2026-06,2026,1
PARÇA,ORC MOVEIS E EL,BA,Vitoria da Conquista,2026-06-30,2026-06,2026,1
PARÇA,ORC MOVEIS E EL,BA,Vitoria da Conquista,2026-07-06,2026-07,2026,1
PARÇA,ORC MOVEIS E EL,BA,Vitoria da Conquista,2026-07-15,2026-07,2026,1
PARÇA,ORC MOVEIS E EL,BA,Vitoria da Conquista,2026-07-20,2026-07,2026,1
PARÇA,OUTELETRO BH,MG,Belo Horizonte,2026-01-02,2026-01,2026,6
PARÇA,OUTELETRO BH,MG,Belo Horizonte,2026-01-05,2026-01,2026,1
PARÇA,OUTELETRO BH,MG,Belo Horizonte,2026-01-06,2026-01,2026,5
PARÇA,OUTELETRO BH,MG,Belo Horizonte,2026-01-08,2026-01,2026,3
PARÇA,OUTELETRO BH,MG,Belo Horizonte,2026-01-12,2026-01,2026,2
PARÇA,OUTELETRO BH,MG,Belo Horizonte,2026-01-13,2026-01,2026,2
PARÇA,OUTELETRO BH,MG,Belo Horizonte,2026-01-14,2026-01,2026,10
PARÇA,OUTELETRO BH,MG,Belo Horizonte,2026-01-15,2026-01,2026,7
PARÇA,OUTELETRO BH,MG,Belo Horizonte,2026-01-19,2026-01,2026,1
PARÇA,OUTELETRO BH,MG,Belo Horizonte,2026-01-20,2026-01,2026,2
PARÇA,OUTELETRO BH,MG,Belo Horizonte,2026-01-21,2026-01,2026,6
PARÇA,OUTELETRO BH,MG,Belo Horizonte,2026-01-22,2026-01,2026,7
PARÇA,OUTELETRO BH,MG,Belo Horizonte,2026-01-27,2026-01,2026,1
PARÇA,OUTELETRO BH,MG,Belo Horizonte,2026-01-29,2026-01,2026,5
PARÇA,OUTELETRO BH,MG,Belo Horizonte,2026-02-03,2026-02,2026,9
PARÇA,OUTELETRO BH,MG,Belo Horizonte,2026-02-04,2026-02,2026,1
PARÇA,OUTELETRO BH,MG,Belo Horizonte,2026-02-05,2026-02,2026,10
PARÇA,OUTELETRO BH,MG,Belo Horizonte,2026-02-10,2026-02,2026,2
PARÇA,OUTELETRO BH,MG,Belo Horizonte,2026-02-11,2026-02,2026,2
PARÇA,OUTELETRO BH,MG,Belo Horizonte,2026-02-12,2026-02,2026,8
PARÇA,OUTELETRO BH,MG,Belo Horizonte,2026-02-13,2026-02,2026,1
PARÇA,OUTELETRO BH,MG,Belo Horizonte,2026-02-19,2026-02,2026,6
PARÇA,OUTELETRO BH,MG,Belo Horizonte,2026-02-20,2026-02,2026,1
PARÇA,OUTELETRO BH,MG,Belo Horizonte,2026-02-24,2026-02,2026,5
PARÇA,OUTELETRO BH,MG,Belo Horizonte,2026-02-25,2026-02,2026,7
PARÇA,OUTELETRO BH,MG,Belo Horizonte,2026-02-26,2026-02,2026,5
PARÇA,OUTELETRO BH,MG,Belo Horizonte,2026-03-02,2026-03,2026,1
PARÇA,OUTELETRO BH,MG,Belo Horizonte,2026-03-03,2026-03,2026,5
PARÇA,OUTELETRO BH,MG,Belo Horizonte,2026-03-04,2026-03,2026,6
PARÇA,OUTELETRO BH,MG,Belo Horizonte,2026-03-05,2026-03,2026,1
PARÇA,OUTELETRO BH,MG,Belo Horizonte,2026-03-09,2026-03,2026,3
PARÇA,OUTELETRO BH,MG,Belo Horizonte,2026-03-11,2026-03,2026,6
PARÇA,OUTELETRO BH,MG,Belo Horizonte,2026-03-12,2026-03,2026,3
PARÇA,OUTELETRO BH,MG,Belo Horizonte,2026-03-16,2026-03,2026,10
PARÇA,OUTELETRO BH,MG,Belo Horizonte,2026-03-18,2026-03,2026,1
PARÇA,OUTELETRO BH,MG,Belo Horizonte,2026-03-19,2026-03,2026,2
PARÇA,OUTELETRO BH,MG,Belo Horizonte,2026-03-23,2026-03,2026,1
PARÇA,OUTELETRO BH,MG,Belo Horizonte,2026-03-25,2026-03,2026,6
PARÇA,OUTELETRO BH,MG,Belo Horizonte,2026-03-26,2026-03,2026,6
PARÇA,OUTELETRO BH,MG,Belo Horizonte,2026-03-30,2026-03,2026,11
PARÇA,OUTELETRO BH,MG,Belo Horizonte,2026-03-31,2026-03,2026,5
PARÇA,OUTELETRO BH,MG,Belo Horizonte,2026-04-01,2026-04,2026,1
PARÇA,OUTELETRO BH,MG,Belo Horizonte,2026-04-06,2026-04,2026,6
PARÇA,OUTELETRO BH,MG,Belo Horizonte,2026-04-08,2026-04,2026,1
PARÇA,OUTELETRO BH,MG,Belo Horizonte,2026-04-13,2026-04,2026,8
PARÇA,OUTELETRO BH,MG,Belo Horizonte,2026-04-14,2026-04,2026,6
PARÇA,OUTELETRO BH,MG,Belo Horizonte,2026-04-15,2026-04,2026,10
PARÇA,OUTELETRO BH,MG,Belo Horizonte,2026-04-16,2026-04,2026,5
PARÇA,OUTELETRO BH,MG,Belo Horizonte,2026-04-20,2026-04,2026,2
PARÇA,OUTELETRO BH,MG,Belo Horizonte,2026-04-22,2026-04,2026,3
PARÇA,OUTELETRO BH,MG,Belo Horizonte,2026-04-27,2026-04,2026,1
PARÇA,OUTELETRO BH,MG,Belo Horizonte,2026-04-30,2026-04,2026,2
PARÇA,OUTELETRO BH,MG,Belo Horizonte,2026-05-05,2026-05,2026,8
PARÇA,OUTELETRO BH,MG,Belo Horizonte,2026-05-11,2026-05,2026,5
PARÇA,OUTELETRO BH,MG,Belo Horizonte,2026-05-12,2026-05,2026,12
PARÇA,OUTELETRO BH,MG,Belo Horizonte,2026-05-13,2026-05,2026,7
PARÇA,OUTELETRO BH,MG,Belo Horizonte,2026-05-18,2026-05,2026,7
PARÇA,OUTELETRO BH,MG,Belo Horizonte,2026-05-19,2026-05,2026,5
PARÇA,OUTELETRO BH,MG,Belo Horizonte,2026-05-21,2026-05,2026,1
PARÇA,OUTELETRO BH,MG,Belo Horizonte,2026-05-25,2026-05,2026,6
PARÇA,OUTELETRO BH,MG,Belo Horizonte,2026-05-26,2026-05,2026,1
PARÇA,OUTELETRO BH,MG,Belo Horizonte,2026-05-27,2026-05,2026,5
PARÇA,OUTELETRO BH,MG,Belo Horizonte,2026-06-01,2026-06,2026,5
PARÇA,OUTELETRO BH,MG,Belo Horizonte,2026-06-02,2026-06,2026,5
PARÇA,OUTELETRO BH,MG,Belo Horizonte,2026-06-03,2026-06,2026,9
PARÇA,OUTELETRO BH,MG,Belo Horizonte,2026-06-08,2026-06,2026,5
PARÇA,OUTELETRO BH,MG,Belo Horizonte,2026-06-09,2026-06,2026,2
PARÇA,OUTELETRO BH,MG,Belo Horizonte,2026-06-10,2026-06,2026,7
PARÇA,OUTELETRO BH,MG,Belo Horizonte,2026-06-15,2026-06,2026,4
PARÇA,OUTELETRO BH,MG,Belo Horizonte,2026-06-16,2026-06,2026,1
PARÇA,OUTELETRO BH,MG,Belo Horizonte,2026-06-17,2026-06,2026,3
PARÇA,OUTELETRO BH,MG,Belo Horizonte,2026-06-19,2026-06,2026,1
PARÇA,OUTELETRO BH,MG,Belo Horizonte,2026-06-22,2026-06,2026,2
PARÇA,OUTELETRO BH,MG,Belo Horizonte,2026-06-23,2026-06,2026,3
PARÇA,OUTELETRO BH,MG,Belo Horizonte,2026-06-25,2026-06,2026,11
PARÇA,OUTELETRO BH,MG,Belo Horizonte,2026-06-26,2026-06,2026,5
PARÇA,OUTELETRO BH,MG,Belo Horizonte,2026-06-30,2026-06,2026,2
PARÇA,OUTELETRO BH,MG,Belo Horizonte,2026-07-01,2026-07,2026,3
PARÇA,OUTELETRO BH,MG,Belo Horizonte,2026-07-02,2026-07,2026,8
PARÇA,OUTELETRO BH,MG,Belo Horizonte,2026-07-06,2026-07,2026,9
PARÇA,OUTELETRO BH,MG,Belo Horizonte,2026-07-07,2026-07,2026,5
PARÇA,OUTELETRO BH,MG,Belo Horizonte,2026-07-14,2026-07,2026,9
PARÇA,OUTELETRO BH,MG,Belo Horizonte,2026-07-15,2026-07,2026,8
PARÇA,OUTELETRO BH,MG,Belo Horizonte,2026-07-20,2026-07,2026,7
PARÇA,OUTELETRO BH,MG,Belo Horizonte,2026-07-22,2026-07,2026,9
PARÇA,OUTELETRO BH,MG,Belo Horizonte,2026-07-23,2026-07,2026,2
PARÇA,OUTELETRO BH,MG,Belo Horizonte,2026-07-27,2026-07,2026,2
PARÇA,OUTELETRO BH,MG,Belo Horizonte,2026-07-28,2026-07,2026,9
PARÇA,OUTELETRO BH,MG,Betim,2026-01-12,2026-01,2026,4
PARÇA,OUTELETRO BH,MG,Betim,2026-01-20,2026-01,2026,1
PARÇA,OUTELETRO BH,MG,Betim,2026-02-02,2026-02,2026,1
PARÇA,OUTELETRO BH,MG,Betim,2026-02-04,2026-02,2026,5
PARÇA,OUTELETRO BH,MG,Betim,2026-02-11,2026-02,2026,2
PARÇA,OUTELETRO BH,MG,Betim,2026-02-20,2026-02,2026,2
PARÇA,OUTELETRO BH,MG,Betim,2026-03-04,2026-03,2026,1
PARÇA,OUTELETRO BH,MG,Betim,2026-03-09,2026-03,2026,2
PARÇA,OUTELETRO BH,MG,Betim,2026-03-12,2026-03,2026,1
PARÇA,OUTELETRO BH,MG,Betim,2026-03-18,2026-03,2026,1
PARÇA,OUTELETRO BH,MG,Betim,2026-03-23,2026-03,2026,1
PARÇA,OUTELETRO BH,MG,Betim,2026-03-26,2026-03,2026,2
PARÇA,OUTELETRO BH,MG,Betim,2026-03-31,2026-03,2026,3
PARÇA,OUTELETRO BH,MG,Betim,2026-04-13,2026-04,2026,3
PARÇA,OUTELETRO BH,MG,Betim,2026-04-16,2026-04,2026,2
PARÇA,OUTELETRO BH,MG,Betim,2026-04-22,2026-04,2026,2
PARÇA,OUTELETRO BH,MG,Betim,2026-04-27,2026-04,2026,1
PARÇA,OUTELETRO BH,MG,Betim,2026-05-11,2026-05,2026,1
PARÇA,OUTELETRO BH,MG,Betim,2026-05-12,2026-05,2026,1
PARÇA,OUTELETRO BH,MG,Betim,2026-05-19,2026-05,2026,4
PARÇA,OUTELETRO BH,MG,Betim,2026-05-20,2026-05,2026,1
PARÇA,OUTELETRO BH,MG,Betim,2026-05-21,2026-05,2026,3
PARÇA,OUTELETRO BH,MG,Betim,2026-05-27,2026-05,2026,2
PARÇA,OUTELETRO BH,MG,Betim,2026-06-02,2026-06,2026,2
PARÇA,OUTELETRO BH,MG,Betim,2026-06-09,2026-06,2026,1
PARÇA,OUTELETRO BH,MG,Betim,2026-06-12,2026-06,2026,1
PARÇA,OUTELETRO BH,MG,Betim,2026-06-16,2026-06,2026,1
PARÇA,OUTELETRO BH,MG,Betim,2026-06-23,2026-06,2026,4
PARÇA,OUTELETRO BH,MG,Betim,2026-06-30,2026-06,2026,1
PARÇA,OUTELETRO BH,MG,Betim,2026-07-01,2026-07,2026,1
PARÇA,OUTELETRO BH,MG,Betim,2026-07-15,2026-07,2026,1
PARÇA,OUTELETRO BH,MG,Betim,2026-07-20,2026-07,2026,1
PARÇA,OUTELETRO BH,MG,Betim,2026-07-21,2026-07,2026,5
PARÇA,OUTELETRO BH,MG,Betim,2026-07-27,2026-07,2026,2
PARÇA,OUTELETRO BH,MG,Caete,2026-05-26,2026-05,2026,1
PARÇA,OUTELETRO BH,MG,Caete,2026-06-03,2026-06,2026,1
PARÇA,OUTELETRO BH,MG,Contagem,2026-01-08,2026-01,2026,1
PARÇA,OUTELETRO BH,MG,Contagem,2026-01-12,2026-01,2026,4
PARÇA,OUTELETRO BH,MG,Contagem,2026-01-14,2026-01,2026,1
PARÇA,OUTELETRO BH,MG,Contagem,2026-01-20,2026-01,2026,1
PARÇA,OUTELETRO BH,MG,Contagem,2026-01-22,2026-01,2026,3
PARÇA,OUTELETRO BH,MG,Contagem,2026-01-27,2026-01,2026,2
PARÇA,OUTELETRO BH,MG,Contagem,2026-01-29,2026-01,2026,1
PARÇA,OUTELETRO BH,MG,Contagem,2026-02-05,2026-02,2026,3
PARÇA,OUTELETRO BH,MG,Contagem,2026-02-11,2026-02,2026,5
PARÇA,OUTELETRO BH,MG,Contagem,2026-02-20,2026-02,2026,3
PARÇA,OUTELETRO BH,MG,Contagem,2026-02-25,2026-02,2026,1
PARÇA,OUTELETRO BH,MG,Contagem,2026-03-04,2026-03,2026,2
PARÇA,OUTELETRO BH,MG,Contagem,2026-03-12,2026-03,2026,2
PARÇA,OUTELETRO BH,MG,Contagem,2026-03-16,2026-03,2026,1
PARÇA,OUTELETRO BH,MG,Contagem,2026-03-18,2026-03,2026,3
PARÇA,OUTELETRO BH,MG,Contagem,2026-03-23,2026-03,2026,3
PARÇA,OUTELETRO BH,MG,Contagem,2026-03-26,2026-03,2026,1
PARÇA,OUTELETRO BH,MG,Contagem,2026-03-30,2026-03,2026,2
PARÇA,OUTELETRO BH,MG,Contagem,2026-03-31,2026-03,2026,2
PARÇA,OUTELETRO BH,MG,Contagem,2026-04-13,2026-04,2026,2
PARÇA,OUTELETRO BH,MG,Contagem,2026-04-14,2026-04,2026,1
PARÇA,OUTELETRO BH,MG,Contagem,2026-04-15,2026-04,2026,1
PARÇA,OUTELETRO BH,MG,Contagem,2026-04-16,2026-04,2026,4
PARÇA,OUTELETRO BH,MG,Contagem,2026-04-22,2026-04,2026,2
PARÇA,OUTELETRO BH,MG,Contagem,2026-04-27,2026-04,2026,3
PARÇA,OUTELETRO BH,MG,Contagem,2026-04-30,2026-04,2026,1
PARÇA,OUTELETRO BH,MG,Contagem,2026-05-09,2026-05,2026,1
PARÇA,OUTELETRO BH,MG,Contagem,2026-05-18,2026-05,2026,3
PARÇA,OUTELETRO BH,MG,Contagem,2026-05-19,2026-05,2026,3
PARÇA,OUTELETRO BH,MG,Contagem,2026-05-20,2026-05,2026,2
PARÇA,OUTELETRO BH,MG,Contagem,2026-05-21,2026-05,2026,2
PARÇA,OUTELETRO BH,MG,Contagem,2026-05-25,2026-05,2026,1
PARÇA,OUTELETRO BH,MG,Contagem,2026-05-26,2026-05,2026,2
PARÇA,OUTELETRO BH,MG,Contagem,2026-05-27,2026-05,2026,2
PARÇA,OUTELETRO BH,MG,Contagem,2026-06-01,2026-06,2026,1
PARÇA,OUTELETRO BH,MG,Contagem,2026-06-02,2026-06,2026,5
PARÇA,OUTELETRO BH,MG,Contagem,2026-06-09,2026-06,2026,3
PARÇA,OUTELETRO BH,MG,Contagem,2026-06-16,2026-06,2026,2
PARÇA,OUTELETRO BH,MG,Contagem,2026-06-17,2026-06,2026,1
PARÇA,OUTELETRO BH,MG,Contagem,2026-06-23,2026-06,2026,6
PARÇA,OUTELETRO BH,MG,Contagem,2026-06-25,2026-06,2026,1
PARÇA,OUTELETRO BH,MG,Contagem,2026-06-30,2026-06,2026,1
PARÇA,OUTELETRO BH,MG,Contagem,2026-07-01,2026-07,2026,3
PARÇA,OUTELETRO BH,MG,Contagem,2026-07-07,2026-07,2026,5
PARÇA,OUTELETRO BH,MG,Contagem,2026-07-14,2026-07,2026,2
PARÇA,OUTELETRO BH,MG,Contagem,2026-07-15,2026-07,2026,1
PARÇA,OUTELETRO BH,MG,Contagem,2026-07-20,2026-07,2026,1
PARÇA,OUTELETRO BH,MG,Contagem,2026-07-21,2026-07,2026,2
PARÇA,OUTELETRO BH,MG,Contagem,2026-07-24,2026-07,2026,1
PARÇA,OUTELETRO BH,MG,Contagem,2026-07-27,2026-07,2026,4
PARÇA,OUTELETRO BH,MG,Esmeraldas,2026-01-20,2026-01,2026,2
PARÇA,OUTELETRO BH,MG,Esmeraldas,2026-01-27,2026-01,2026,1
PARÇA,OUTELETRO BH,MG,Esmeraldas,2026-03-11,2026-03,2026,1
PARÇA,OUTELETRO BH,MG,Esmeraldas,2026-04-17,2026-04,2026,1
PARÇA,OUTELETRO BH,MG,Esmeraldas,2026-06-22,2026-06,2026,1
PARÇA,OUTELETRO BH,MG,Esmeraldas,2026-06-30,2026-06,2026,2
PARÇA,OUTELETRO BH,MG,Ibirite,2026-01-20,2026-01,2026,1
PARÇA,OUTELETRO BH,MG,Ibirite,2026-01-29,2026-01,2026,1
PARÇA,OUTELETRO BH,MG,Ibirite,2026-02-20,2026-02,2026,1
PARÇA,OUTELETRO BH,MG,Ibirite,2026-03-12,2026-03,2026,2
PARÇA,OUTELETRO BH,MG,Ibirite,2026-03-17,2026-03,2026,1
PARÇA,OUTELETRO BH,MG,Ibirite,2026-03-18,2026-03,2026,1
PARÇA,OUTELETRO BH,MG,Ibirite,2026-04-22,2026-04,2026,1
PARÇA,OUTELETRO BH,MG,Ibirite,2026-04-27,2026-04,2026,2
PARÇA,OUTELETRO BH,MG,Ibirite,2026-05-05,2026-05,2026,2
PARÇA,OUTELETRO BH,MG,Ibirite,2026-05-27,2026-05,2026,2
PARÇA,OUTELETRO BH,MG,Ibirite,2026-06-05,2026-06,2026,1
PARÇA,OUTELETRO BH,MG,Ibirite,2026-06-10,2026-06,2026,1
PARÇA,OUTELETRO BH,MG,Ibirite,2026-07-16,2026-07,2026,1
PARÇA,OUTELETRO BH,MG,Ibirite,2026-07-21,2026-07,2026,1
PARÇA,OUTELETRO BH,MG,Ibirite,2026-07-28,2026-07,2026,1
PARÇA,OUTELETRO BH,MG,Igarape,2026-02-11,2026-02,2026,1
PARÇA,OUTELETRO BH,MG,Igarape,2026-03-18,2026-03,2026,1
PARÇA,OUTELETRO BH,MG,Igarape,2026-04-14,2026-04,2026,1
PARÇA,OUTELETRO BH,MG,Igarape,2026-04-22,2026-04,2026,1
PARÇA,OUTELETRO BH,MG,Igarape,2026-05-21,2026-05,2026,1
PARÇA,OUTELETRO BH,MG,Igarape,2026-06-16,2026-06,2026,1
PARÇA,OUTELETRO BH,MG,Juatuba,2026-01-20,2026-01,2026,1
PARÇA,OUTELETRO BH,MG,Juatuba,2026-02-04,2026-02,2026,1
PARÇA,OUTELETRO BH,MG,Juatuba,2026-02-20,2026-02,2026,1
PARÇA,OUTELETRO BH,MG,Juatuba,2026-04-14,2026-04,2026,1
PARÇA,OUTELETRO BH,MG,Juatuba,2026-05-14,2026-05,2026,1
PARÇA,OUTELETRO BH,MG,Juatuba,2026-05-21,2026-05,2026,2
PARÇA,OUTELETRO BH,MG,Juatuba,2026-06-02,2026-06,2026,1
PARÇA,OUTELETRO BH,MG,Mario Campos,2026-02-04,2026-02,2026,1
PARÇA,OUTELETRO BH,MG,Mario Campos,2026-02-11,2026-02,2026,1
PARÇA,OUTELETRO BH,MG,Matozinhos,2026-02-19,2026-02,2026,1
PARÇA,OUTELETRO BH,MG,Matozinhos,2026-04-30,2026-04,2026,1
PARÇA,OUTELETRO BH,MG,Matozinhos,2026-05-26,2026-05,2026,1
PARÇA,OUTELETRO BH,MG,Nova Lima,2026-01-29,2026-01,2026,1
PARÇA,OUTELETRO BH,MG,Nova Lima,2026-03-09,2026-03,2026,1
PARÇA,OUTELETRO BH,MG,Nova Lima,2026-03-25,2026-03,2026,2
PARÇA,OUTELETRO BH,MG,Nova Lima,2026-04-06,2026-04,2026,1
PARÇA,OUTELETRO BH,MG,Nova Lima,2026-05-05,2026-05,2026,1
PARÇA,OUTELETRO BH,MG,Nova Lima,2026-05-12,2026-05,2026,1
PARÇA,OUTELETRO BH,MG,Nova Lima,2026-05-19,2026-05,2026,1
PARÇA,OUTELETRO BH,MG,Nova Lima,2026-05-25,2026-05,2026,3
PARÇA,OUTELETRO BH,MG,Nova Lima,2026-06-02,2026-06,2026,1
PARÇA,OUTELETRO BH,MG,Nova Lima,2026-06-09,2026-06,2026,1
PARÇA,OUTELETRO BH,MG,Nova Lima,2026-06-17,2026-06,2026,2
PARÇA,OUTELETRO BH,MG,Nova Lima,2026-06-30,2026-06,2026,1
PARÇA,OUTELETRO BH,MG,Nova Lima,2026-07-02,2026-07,2026,1
PARÇA,OUTELETRO BH,MG,Nova Lima,2026-07-22,2026-07,2026,1
PARÇA,OUTELETRO BH,MG,Raposos,2026-02-12,2026-02,2026,1
PARÇA,OUTELETRO BH,MG,Raposos,2026-06-17,2026-06,2026,1
PARÇA,OUTELETRO BH,MG,Ribeirao das Neves,2026-01-06,2026-01,2026,1
PARÇA,OUTELETRO BH,MG,Ribeirao das Neves,2026-01-08,2026-01,2026,1
PARÇA,OUTELETRO BH,MG,Ribeirao das Neves,2026-01-15,2026-01,2026,2
PARÇA,OUTELETRO BH,MG,Ribeirao das Neves,2026-01-21,2026-01,2026,1
PARÇA,OUTELETRO BH,MG,Ribeirao das Neves,2026-01-27,2026-01,2026,2
PARÇA,OUTELETRO BH,MG,Ribeirao das Neves,2026-02-10,2026-02,2026,1
PARÇA,OUTELETRO BH,MG,Ribeirao das Neves,2026-02-26,2026-02,2026,2
PARÇA,OUTELETRO BH,MG,Ribeirao das Neves,2026-03-03,2026-03,2026,1
PARÇA,OUTELETRO BH,MG,Ribeirao das Neves,2026-03-16,2026-03,2026,1
PARÇA,OUTELETRO BH,MG,Ribeirao das Neves,2026-03-17,2026-03,2026,1
PARÇA,OUTELETRO BH,MG,Ribeirao das Neves,2026-03-19,2026-03,2026,1
PARÇA,OUTELETRO BH,MG,Ribeirao das Neves,2026-03-25,2026-03,2026,1
PARÇA,OUTELETRO BH,MG,Ribeirao das Neves,2026-03-30,2026-03,2026,1
PARÇA,OUTELETRO BH,MG,Ribeirao das Neves,2026-04-01,2026-04,2026,1
PARÇA,OUTELETRO BH,MG,Ribeirao das Neves,2026-04-06,2026-04,2026,1
PARÇA,OUTELETRO BH,MG,Ribeirao das Neves,2026-04-13,2026-04,2026,1
PARÇA,OUTELETRO BH,MG,Ribeirao das Neves,2026-04-23,2026-04,2026,2
PARÇA,OUTELETRO BH,MG,Ribeirao das Neves,2026-04-30,2026-04,2026,2
PARÇA,OUTELETRO BH,MG,Ribeirao das Neves,2026-05-07,2026-05,2026,1
PARÇA,OUTELETRO BH,MG,Ribeirao das Neves,2026-05-18,2026-05,2026,3
PARÇA,OUTELETRO BH,MG,Ribeirao das Neves,2026-05-19,2026-05,2026,4
PARÇA,OUTELETRO BH,MG,Ribeirao das Neves,2026-05-26,2026-05,2026,1
PARÇA,OUTELETRO BH,MG,Ribeirao das Neves,2026-06-08,2026-06,2026,1
PARÇA,OUTELETRO BH,MG,Ribeirao das Neves,2026-06-09,2026-06,2026,3
PARÇA,OUTELETRO BH,MG,Ribeirao das Neves,2026-06-15,2026-06,2026,2
PARÇA,OUTELETRO BH,MG,Ribeirao das Neves,2026-06-22,2026-06,2026,1
PARÇA,OUTELETRO BH,MG,Ribeirao das Neves,2026-06-29,2026-06,2026,1
PARÇA,OUTELETRO BH,MG,Ribeirao das Neves,2026-07-08,2026-07,2026,2
PARÇA,OUTELETRO BH,MG,Ribeirao das Neves,2026-07-20,2026-07,2026,1
PARÇA,OUTELETRO BH,MG,Sabara,2026-02-03,2026-02,2026,1
PARÇA,OUTELETRO BH,MG,Sabara,2026-02-25,2026-02,2026,1
PARÇA,OUTELETRO BH,MG,Sabara,2026-04-13,2026-04,2026,1
PARÇA,OUTELETRO BH,MG,Sabara,2026-05-11,2026-05,2026,1
PARÇA,OUTELETRO BH,MG,Sabara,2026-05-19,2026-05,2026,1
PARÇA,OUTELETRO BH,MG,Sabara,2026-06-01,2026-06,2026,1
PARÇA,OUTELETRO BH,MG,Sabara,2026-06-10,2026-06,2026,1
PARÇA,OUTELETRO BH,MG,Sabara,2026-06-25,2026-06,2026,1
PARÇA,OUTELETRO BH,MG,Sabara,2026-06-30,2026-06,2026,1
PARÇA,OUTELETRO BH,MG,Santa Luzia,2026-01-13,2026-01,2026,2
PARÇA,OUTELETRO BH,MG,Santa Luzia,2026-02-23,2026-02,2026,1
PARÇA,OUTELETRO BH,MG,Santa Luzia,2026-03-03,2026-03,2026,2
PARÇA,OUTELETRO BH,MG,Santa Luzia,2026-03-09,2026-03,2026,1
PARÇA,OUTELETRO BH,MG,Santa Luzia,2026-03-11,2026-03,2026,1
PARÇA,OUTELETRO BH,MG,Santa Luzia,2026-03-30,2026-03,2026,1
PARÇA,OUTELETRO BH,MG,Santa Luzia,2026-04-06,2026-04,2026,1
PARÇA,OUTELETRO BH,MG,Santa Luzia,2026-04-20,2026-04,2026,1
PARÇA,OUTELETRO BH,MG,Santa Luzia,2026-04-23,2026-04,2026,2
PARÇA,OUTELETRO BH,MG,Santa Luzia,2026-05-19,2026-05,2026,1
PARÇA,OUTELETRO BH,MG,Santa Luzia,2026-05-21,2026-05,2026,1
PARÇA,OUTELETRO BH,MG,Santa Luzia,2026-05-26,2026-05,2026,1
PARÇA,OUTELETRO BH,MG,Santa Luzia,2026-06-09,2026-06,2026,1
PARÇA,OUTELETRO BH,MG,Santa Luzia,2026-06-15,2026-06,2026,1
PARÇA,OUTELETRO BH,MG,Santa Luzia,2026-06-19,2026-06,2026,1
PARÇA,OUTELETRO BH,MG,Santa Luzia,2026-06-22,2026-06,2026,1
PARÇA,OUTELETRO BH,MG,Santa Luzia,2026-06-26,2026-06,2026,1
PARÇA,OUTELETRO BH,MG,Santa Luzia,2026-07-10,2026-07,2026,1
PARÇA,OUTELETRO BH,MG,Santa Luzia,2026-07-20,2026-07,2026,2
PARÇA,OUTELETRO BH,MG,Sao Joaquim de Bicas,2026-02-24,2026-02,2026,1
PARÇA,OUTELETRO BH,MG,Sao Joaquim de Bicas,2026-05-21,2026-05,2026,1
PARÇA,OUTELETRO BH,MG,Sao Joaquim de Bicas,2026-06-16,2026-06,2026,1
PARÇA,OUTELETRO BH,MG,Sao Joaquim de Bicas,2026-06-23,2026-06,2026,1
PARÇA,OUTELETRO BH,MG,Sao Jose da Lapa,2026-01-13,2026-01,2026,1
PARÇA,OUTELETRO BH,MG,Sao Jose da Lapa,2026-04-22,2026-04,2026,1
PARÇA,OUTELETRO BH,MG,Sao Jose da Lapa,2026-05-18,2026-05,2026,2
PARÇA,OUTELETRO BH,MG,Sao Jose da Lapa,2026-06-22,2026-06,2026,1
PARÇA,OUTELETRO BH,MG,Sarzedo,2026-02-04,2026-02,2026,1
PARÇA,OUTELETRO BH,MG,Sarzedo,2026-03-17,2026-03,2026,1
PARÇA,OUTELETRO BH,MG,Sarzedo,2026-04-27,2026-04,2026,1
PARÇA,OUTELETRO BH,MG,Sarzedo,2026-07-16,2026-07,2026,2
PARÇA,OUTELETRO BH,MG,Sete Lagoas,2026-01-06,2026-01,2026,2
PARÇA,OUTELETRO BH,MG,Sete Lagoas,2026-01-13,2026-01,2026,2
PARÇA,OUTELETRO BH,MG,Sete Lagoas,2026-02-19,2026-02,2026,1
PARÇA,OUTELETRO BH,MG,Sete Lagoas,2026-02-23,2026-02,2026,1
PARÇA,OUTELETRO BH,MG,Sete Lagoas,2026-02-26,2026-02,2026,1
PARÇA,OUTELETRO BH,MG,Sete Lagoas,2026-03-25,2026-03,2026,1
PARÇA,OUTELETRO BH,MG,Sete Lagoas,2026-04-01,2026-04,2026,1
PARÇA,OUTELETRO BH,MG,Sete Lagoas,2026-04-13,2026-04,2026,2
PARÇA,OUTELETRO BH,MG,Sete Lagoas,2026-05-18,2026-05,2026,1
PARÇA,OUTELETRO BH,MG,Sete Lagoas,2026-05-26,2026-05,2026,1
PARÇA,OUTELETRO BH,MG,Sete Lagoas,2026-06-22,2026-06,2026,2
PARÇA,OUTELETRO BH,MG,Sete Lagoas,2026-06-30,2026-06,2026,1
PARÇA,OUTELETRO BH,MG,Sete Lagoas,2026-07-09,2026-07,2026,1
PARÇA,OUTELETRO BH,MG,Vespasiano,2026-01-08,2026-01,2026,1
PARÇA,OUTELETRO BH,MG,Vespasiano,2026-01-13,2026-01,2026,1
PARÇA,OUTELETRO BH,MG,Vespasiano,2026-01-21,2026-01,2026,2
PARÇA,OUTELETRO BH,MG,Vespasiano,2026-02-10,2026-02,2026,2
PARÇA,OUTELETRO BH,MG,Vespasiano,2026-02-24,2026-02,2026,1
PARÇA,OUTELETRO BH,MG,Vespasiano,2026-02-26,2026-02,2026,1
PARÇA,OUTELETRO BH,MG,Vespasiano,2026-03-03,2026-03,2026,1
PARÇA,OUTELETRO BH,MG,Vespasiano,2026-03-11,2026-03,2026,1
PARÇA,OUTELETRO BH,MG,Vespasiano,2026-03-25,2026-03,2026,2
PARÇA,OUTELETRO BH,MG,Vespasiano,2026-03-30,2026-03,2026,1
PARÇA,OUTELETRO BH,MG,Vespasiano,2026-04-13,2026-04,2026,1
PARÇA,OUTELETRO BH,MG,Vespasiano,2026-04-23,2026-04,2026,3
PARÇA,OUTELETRO BH,MG,Vespasiano,2026-05-14,2026-05,2026,1
PARÇA,OUTELETRO BH,MG,Vespasiano,2026-05-18,2026-05,2026,3
PARÇA,OUTELETRO BH,MG,Vespasiano,2026-05-26,2026-05,2026,1
PARÇA,OUTELETRO BH,MG,Vespasiano,2026-06-08,2026-06,2026,2
PARÇA,OUTELETRO BH,MG,Vespasiano,2026-07-20,2026-07,2026,2
PARÇA,OUTLET D TUDO,PE,Camaragibe,2026-01-29,2026-01,2026,1
PARÇA,OUTLET D TUDO,PE,Camaragibe,2026-03-30,2026-03,2026,1
PARÇA,OUTLET D TUDO,PE,Jaboatao dos Guararapes,2026-01-15,2026-01,2026,3
PARÇA,OUTLET D TUDO,PE,Jaboatao dos Guararapes,2026-02-26,2026-02,2026,1
PARÇA,OUTLET D TUDO,PE,Jaboatao dos Guararapes,2026-03-05,2026-03,2026,1
PARÇA,OUTLET D TUDO,PE,Jaboatao dos Guararapes,2026-03-18,2026-03,2026,2
PARÇA,OUTLET D TUDO,PE,Jaboatao dos Guararapes,2026-04-06,2026-04,2026,1
PARÇA,OUTLET D TUDO,PE,Jaboatao dos Guararapes,2026-04-13,2026-04,2026,1
PARÇA,OUTLET D TUDO,PE,Jaboatao dos Guararapes,2026-05-11,2026-05,2026,1
PARÇA,OUTLET D TUDO,PE,Jaboatao dos Guararapes,2026-05-17,2026-05,2026,1
PARÇA,OUTLET D TUDO,PE,Jaboatao dos Guararapes,2026-06-09,2026-06,2026,1
PARÇA,OUTLET D TUDO,PE,Jaboatao dos Guararapes,2026-06-19,2026-06,2026,1
PARÇA,OUTLET D TUDO,PE,Olinda,2026-01-08,2026-01,2026,2
PARÇA,OUTLET D TUDO,PE,Olinda,2026-01-22,2026-01,2026,1
PARÇA,OUTLET D TUDO,PE,Olinda,2026-02-10,2026-02,2026,4
PARÇA,OUTLET D TUDO,PE,Olinda,2026-03-05,2026-03,2026,1
PARÇA,OUTLET D TUDO,PE,Olinda,2026-04-20,2026-04,2026,1
PARÇA,OUTLET D TUDO,PE,Olinda,2026-06-19,2026-06,2026,1
PARÇA,OUTLET D TUDO,PE,Olinda,2026-07-02,2026-07,2026,1
PARÇA,OUTLET D TUDO,PE,Paulista,2026-01-08,2026-01,2026,2
PARÇA,OUTLET D TUDO,PE,Paulista,2026-01-22,2026-01,2026,1
PARÇA,OUTLET D TUDO,PE,Paulista,2026-03-05,2026-03,2026,1
PARÇA,OUTLET D TUDO,PE,Paulista,2026-03-11,2026-03,2026,1
PARÇA,OUTLET D TUDO,PE,Paulista,2026-03-12,2026-03,2026,1
PARÇA,OUTLET D TUDO,PE,Paulista,2026-05-17,2026-05,2026,1
PARÇA,OUTLET D TUDO,PE,Paulista,2026-06-05,2026-06,2026,1
PARÇA,OUTLET D TUDO,PE,Recife,2026-01-08,2026-01,2026,2
PARÇA,OUTLET D TUDO,PE,Recife,2026-01-19,2026-01,2026,1
PARÇA,OUTLET D TUDO,PE,Recife,2026-01-22,2026-01,2026,6
PARÇA,OUTLET D TUDO,PE,Recife,2026-01-29,2026-01,2026,4
PARÇA,OUTLET D TUDO,PE,Recife,2026-02-05,2026-02,2026,1
PARÇA,OUTLET D TUDO,PE,Recife,2026-02-10,2026-02,2026,2
PARÇA,OUTLET D TUDO,PE,Recife,2026-02-26,2026-02,2026,5
PARÇA,OUTLET D TUDO,PE,Recife,2026-03-02,2026-03,2026,1
PARÇA,OUTLET D TUDO,PE,Recife,2026-03-05,2026-03,2026,2
PARÇA,OUTLET D TUDO,PE,Recife,2026-03-11,2026-03,2026,1
PARÇA,OUTLET D TUDO,PE,Recife,2026-03-12,2026-03,2026,3
PARÇA,OUTLET D TUDO,PE,Recife,2026-03-13,2026-03,2026,1
PARÇA,OUTLET D TUDO,PE,Recife,2026-03-18,2026-03,2026,4
PARÇA,OUTLET D TUDO,PE,Recife,2026-03-30,2026-03,2026,5
PARÇA,OUTLET D TUDO,PE,Recife,2026-04-06,2026-04,2026,1
PARÇA,OUTLET D TUDO,PE,Recife,2026-04-09,2026-04,2026,1
PARÇA,OUTLET D TUDO,PE,Recife,2026-04-13,2026-04,2026,1
PARÇA,OUTLET D TUDO,PE,Recife,2026-04-20,2026-04,2026,2
PARÇA,OUTLET D TUDO,PE,Recife,2026-04-23,2026-04,2026,2
PARÇA,OUTLET D TUDO,PE,Recife,2026-04-27,2026-04,2026,2
PARÇA,OUTLET D TUDO,PE,Recife,2026-05-17,2026-05,2026,2
PARÇA,OUTLET D TUDO,PE,Recife,2026-06-01,2026-06,2026,1
PARÇA,OUTLET D TUDO,PE,Recife,2026-06-02,2026-06,2026,1
PARÇA,OUTLET D TUDO,PE,Recife,2026-06-05,2026-06,2026,1
PARÇA,OUTLET D TUDO,PE,Recife,2026-06-09,2026-06,2026,1
PARÇA,OUTLET D TUDO,PE,Recife,2026-06-18,2026-06,2026,4
PARÇA,OUTLET D TUDO,PE,Recife,2026-06-19,2026-06,2026,5
PARÇA,OUTLET D TUDO,PE,Recife,2026-06-30,2026-06,2026,1
PARÇA,OUTLET D TUDO,PE,Recife,2026-07-02,2026-07,2026,2
PARÇA,OUTLET D TUDO,PE,Recife,2026-07-03,2026-07,2026,1
PARÇA,OUTLET D TUDO,PE,Recife,2026-07-07,2026-07,2026,2
PARÇA,OUTLET D TUDO,PE,Recife,2026-07-13,2026-07,2026,1
PARÇA,REAL MOWEIS COM,SP,Bady Bassitt,2026-03-25,2026-03,2026,1
PARÇA,REAL MOWEIS COM,SP,Bady Bassitt,2026-03-27,2026-03,2026,1
PARÇA,REAL MOWEIS COM,SP,Bady Bassitt,2026-04-06,2026-04,2026,1
PARÇA,REAL MOWEIS COM,SP,Bady Bassitt,2026-04-22,2026-04,2026,1
PARÇA,REAL MOWEIS COM,SP,Balsamo,2026-01-27,2026-01,2026,4
PARÇA,REAL MOWEIS COM,SP,Barretos,2026-01-12,2026-01,2026,2
PARÇA,REAL MOWEIS COM,SP,Barretos,2026-01-27,2026-01,2026,1
PARÇA,REAL MOWEIS COM,SP,Barretos,2026-02-12,2026-02,2026,1
PARÇA,REAL MOWEIS COM,SP,Bebedouro,2026-01-08,2026-01,2026,1
PARÇA,REAL MOWEIS COM,SP,Bebedouro,2026-01-22,2026-01,2026,1
PARÇA,REAL MOWEIS COM,SP,Bebedouro,2026-02-10,2026-02,2026,2
PARÇA,REAL MOWEIS COM,SP,Catanduva,2026-01-07,2026-01,2026,2
PARÇA,REAL MOWEIS COM,SP,Catanduva,2026-01-19,2026-01,2026,3
PARÇA,REAL MOWEIS COM,SP,Catanduva,2026-02-09,2026-02,2026,1
PARÇA,REAL MOWEIS COM,SP,Catanduva,2026-02-23,2026-02,2026,2
PARÇA,REAL MOWEIS COM,SP,Guapiacu,2026-01-16,2026-01,2026,1
PARÇA,REAL MOWEIS COM,SP,Mirassol,2026-01-13,2026-01,2026,1
PARÇA,REAL MOWEIS COM,SP,Mirassol,2026-01-27,2026-01,2026,1
PARÇA,REAL MOWEIS COM,SP,Mirassol,2026-02-12,2026-02,2026,1
PARÇA,REAL MOWEIS COM,SP,Mirassol,2026-02-16,2026-02,2026,1
PARÇA,REAL MOWEIS COM,SP,Mirassol,2026-02-25,2026-02,2026,1
PARÇA,REAL MOWEIS COM,SP,Mirassol,2026-03-04,2026-03,2026,1
PARÇA,REAL MOWEIS COM,SP,Mirassol,2026-03-06,2026-03,2026,1
PARÇA,REAL MOWEIS COM,SP,Mirassol,2026-03-18,2026-03,2026,1
PARÇA,REAL MOWEIS COM,SP,Mirassol,2026-03-27,2026-03,2026,1
PARÇA,REAL MOWEIS COM,SP,Mirassol,2026-04-10,2026-04,2026,1
PARÇA,REAL MOWEIS COM,SP,Monte Aprazivel,2026-04-02,2026-04,2026,1
PARÇA,REAL MOWEIS COM,SP,Nova Granada,2026-01-06,2026-01,2026,1
PARÇA,REAL MOWEIS COM,SP,Nova Granada,2026-03-31,2026-03,2026,1
PARÇA,REAL MOWEIS COM,SP,Olimpia,2026-01-27,2026-01,2026,1
PARÇA,REAL MOWEIS COM,SP,Olimpia,2026-03-26,2026-03,2026,2
PARÇA,REAL MOWEIS COM,SP,Olimpia,2026-04-08,2026-04,2026,2
PARÇA,REAL MOWEIS COM,SP,Onda Verde,2026-02-11,2026-02,2026,1
PARÇA,REAL MOWEIS COM,SP,Pitangueiras,2026-01-15,2026-01,2026,2
PARÇA,REAL MOWEIS COM,SP,Pitangueiras,2026-02-13,2026-02,2026,1
PARÇA,REAL MOWEIS COM,SP,Pitangueiras,2026-03-10,2026-03,2026,1
PARÇA,REAL MOWEIS COM,SP,Ribeirao Preto,2026-01-02,2026-01,2026,3
PARÇA,REAL MOWEIS COM,SP,Ribeirao Preto,2026-01-08,2026-01,2026,5
PARÇA,REAL MOWEIS COM,SP,Ribeirao Preto,2026-01-15,2026-01,2026,2
PARÇA,REAL MOWEIS COM,SP,Ribeirao Preto,2026-01-22,2026-01,2026,5
PARÇA,REAL MOWEIS COM,SP,Ribeirao Preto,2026-02-03,2026-02,2026,1
PARÇA,REAL MOWEIS COM,SP,Ribeirao Preto,2026-02-10,2026-02,2026,6
PARÇA,REAL MOWEIS COM,SP,Ribeirao Preto,2026-02-13,2026-02,2026,5
PARÇA,REAL MOWEIS COM,SP,Ribeirao Preto,2026-02-18,2026-02,2026,5
PARÇA,REAL MOWEIS COM,SP,Ribeirao Preto,2026-02-19,2026-02,2026,2
PARÇA,REAL MOWEIS COM,SP,Ribeirao Preto,2026-02-26,2026-02,2026,5
PARÇA,REAL MOWEIS COM,SP,Ribeirao Preto,2026-03-10,2026-03,2026,5
PARÇA,REAL MOWEIS COM,SP,Ribeirao Preto,2026-03-20,2026-03,2026,1
PARÇA,REAL MOWEIS COM,SP,Ribeirao Preto,2026-03-24,2026-03,2026,9
PARÇA,REAL MOWEIS COM,SP,Ribeirao Preto,2026-04-07,2026-04,2026,8
PARÇA,REAL MOWEIS COM,SP,Sao Jose do Rio Preto,2026-01-05,2026-01,2026,2
PARÇA,REAL MOWEIS COM,SP,Sao Jose do Rio Preto,2026-01-15,2026-01,2026,2
PARÇA,REAL MOWEIS COM,SP,Sao Jose do Rio Preto,2026-01-16,2026-01,2026,1
PARÇA,REAL MOWEIS COM,SP,Sao Jose do Rio Preto,2026-01-23,2026-01,2026,2
PARÇA,REAL MOWEIS COM,SP,Sao Jose do Rio Preto,2026-02-09,2026-02,2026,1
PARÇA,REAL MOWEIS COM,SP,Sao Jose do Rio Preto,2026-02-10,2026-02,2026,1
PARÇA,REAL MOWEIS COM,SP,Sao Jose do Rio Preto,2026-02-11,2026-02,2026,6
PARÇA,REAL MOWEIS COM,SP,Sao Jose do Rio Preto,2026-02-16,2026-02,2026,3
PARÇA,REAL MOWEIS COM,SP,Sao Jose do Rio Preto,2026-02-18,2026-02,2026,2
PARÇA,REAL MOWEIS COM,SP,Sao Jose do Rio Preto,2026-02-20,2026-02,2026,1
PARÇA,REAL MOWEIS COM,SP,Sao Jose do Rio Preto,2026-02-24,2026-02,2026,4
PARÇA,REAL MOWEIS COM,SP,Sao Jose do Rio Preto,2026-02-27,2026-02,2026,2
PARÇA,REAL MOWEIS COM,SP,Sao Jose do Rio Preto,2026-03-03,2026-03,2026,3
PARÇA,REAL MOWEIS COM,SP,Sao Jose do Rio Preto,2026-03-04,2026-03,2026,1
PARÇA,REAL MOWEIS COM,SP,Sao Jose do Rio Preto,2026-03-11,2026-03,2026,2
PARÇA,REAL MOWEIS COM,SP,Sao Jose do Rio Preto,2026-03-12,2026-03,2026,1
PARÇA,REAL MOWEIS COM,SP,Sao Jose do Rio Preto,2026-03-17,2026-03,2026,4
PARÇA,REAL MOWEIS COM,SP,Sao Jose do Rio Preto,2026-03-20,2026-03,2026,2
PARÇA,REAL MOWEIS COM,SP,Sao Jose do Rio Preto,2026-03-23,2026-03,2026,1
PARÇA,REAL MOWEIS COM,SP,Sao Jose do Rio Preto,2026-03-25,2026-03,2026,1
PARÇA,REAL MOWEIS COM,SP,Sao Jose do Rio Preto,2026-03-30,2026-03,2026,2
PARÇA,REAL MOWEIS COM,SP,Sao Jose do Rio Preto,2026-04-02,2026-04,2026,2
PARÇA,REAL MOWEIS COM,SP,Sao Jose do Rio Preto,2026-04-06,2026-04,2026,2
PARÇA,REAL MOWEIS COM,SP,Sao Jose do Rio Preto,2026-04-08,2026-04,2026,1
PARÇA,REAL MOWEIS COM,SP,Sao Jose do Rio Preto,2026-04-09,2026-04,2026,2
PARÇA,REAL MOWEIS COM,SP,Sao Jose do Rio Preto,2026-04-13,2026-04,2026,4
PARÇA,REAL MOWEIS COM,SP,Sertaozinho,2026-01-22,2026-01,2026,1
PARÇA,REAL MOWEIS COM,SP,Sertaozinho,2026-02-19,2026-02,2026,1
PARÇA,REAL MOWEIS COM,SP,Sertaozinho,2026-02-26,2026-02,2026,1
PARÇA,REAL MOWEIS COM,SP,Sertaozinho,2026-03-10,2026-03,2026,1
PARÇA,REAL MOWEIS COM,SP,Sertaozinho,2026-03-24,2026-03,2026,1
PARÇA,REAL MOWEIS COM,SP,Sertaozinho,2026-04-07,2026-04,2026,1
PARÇA,REAL MOWEIS COM,SP,Tanabi,2026-04-02,2026-04,2026,1
PARÇA,REAL MOWEIS COM,SP,Uchoa,2026-01-08,2026-01,2026,1
PARÇA,REAL MOWEIS COM,SP,Uchoa,2026-01-19,2026-01,2026,1
PARÇA,REAL MOWEIS COM,SP,Votuporanga,2026-01-14,2026-01,2026,3
PARÇA,REAL MOWEIS COM,SP,Votuporanga,2026-02-11,2026-02,2026,1
PARÇA,REAL MOWEIS COM,SP,Votuporanga,2026-02-12,2026-02,2026,1
PARÇA,REAL MOWEIS COM,SP,Votuporanga,2026-03-12,2026-03,2026,1
PARÇA,REAL MOWEIS COM,SP,Votuporanga,2026-03-19,2026-03,2026,1
PARÇA,REAL MOWEIS COM,SP,Votuporanga,2026-04-01,2026-04,2026,1
PARÇA,SAFARI MONTAGEM,PR,Arapongas,2026-01-02,2026-01,2026,1
PARÇA,SAFARI MONTAGEM,PR,Arapongas,2026-01-08,2026-01,2026,1
PARÇA,SAFARI MONTAGEM,PR,Arapongas,2026-01-26,2026-01,2026,3
PARÇA,SAFARI MONTAGEM,PR,Arapongas,2026-02-13,2026-02,2026,3
PARÇA,SAFARI MONTAGEM,PR,Arapongas,2026-03-04,2026-03,2026,1
PARÇA,SAFARI MONTAGEM,PR,Arapongas,2026-04-20,2026-04,2026,1
PARÇA,SAFARI MONTAGEM,PR,Arapongas,2026-06-15,2026-06,2026,1
PARÇA,SAFARI MONTAGEM,PR,Arapongas,2026-07-03,2026-07,2026,1
PARÇA,SAFARI MONTAGEM,PR,Bandeirantes,2026-01-28,2026-01,2026,1
PARÇA,SAFARI MONTAGEM,PR,Bandeirantes,2026-04-10,2026-04,2026,1
PARÇA,SAFARI MONTAGEM,PR,Bandeirantes,2026-04-23,2026-04,2026,1
PARÇA,SAFARI MONTAGEM,PR,Cambara,2026-01-30,2026-01,2026,1
PARÇA,SAFARI MONTAGEM,PR,Curitiba,2026-07-07,2026-07,2026,1
PARÇA,SAFARI MONTAGEM,PR,Londrina,2026-01-09,2026-01,2026,7
PARÇA,SAFARI MONTAGEM,PR,Londrina,2026-01-13,2026-01,2026,1
PARÇA,SAFARI MONTAGEM,PR,Londrina,2026-01-19,2026-01,2026,2
PARÇA,SAFARI MONTAGEM,PR,Londrina,2026-01-22,2026-01,2026,3
PARÇA,SAFARI MONTAGEM,PR,Londrina,2026-01-26,2026-01,2026,1
PARÇA,SAFARI MONTAGEM,PR,Londrina,2026-02-03,2026-02,2026,2
PARÇA,SAFARI MONTAGEM,PR,Londrina,2026-02-07,2026-02,2026,1
PARÇA,SAFARI MONTAGEM,PR,Londrina,2026-02-13,2026-02,2026,1
PARÇA,SAFARI MONTAGEM,PR,Londrina,2026-02-20,2026-02,2026,1
PARÇA,SAFARI MONTAGEM,PR,Londrina,2026-02-24,2026-02,2026,1
PARÇA,SAFARI MONTAGEM,PR,Londrina,2026-02-25,2026-02,2026,2
PARÇA,SAFARI MONTAGEM,PR,Londrina,2026-02-26,2026-02,2026,1
PARÇA,SAFARI MONTAGEM,PR,Londrina,2026-03-04,2026-03,2026,3
PARÇA,SAFARI MONTAGEM,PR,Londrina,2026-03-05,2026-03,2026,1
PARÇA,SAFARI MONTAGEM,PR,Londrina,2026-03-06,2026-03,2026,2
PARÇA,SAFARI MONTAGEM,PR,Londrina,2026-03-11,2026-03,2026,2
PARÇA,SAFARI MONTAGEM,PR,Londrina,2026-03-19,2026-03,2026,5
PARÇA,SAFARI MONTAGEM,PR,Londrina,2026-03-26,2026-03,2026,5
PARÇA,SAFARI MONTAGEM,PR,Londrina,2026-04-01,2026-04,2026,1
PARÇA,SAFARI MONTAGEM,PR,Londrina,2026-04-14,2026-04,2026,3
PARÇA,SAFARI MONTAGEM,PR,Londrina,2026-04-17,2026-04,2026,2
PARÇA,SAFARI MONTAGEM,PR,Londrina,2026-04-20,2026-04,2026,3
PARÇA,SAFARI MONTAGEM,PR,Londrina,2026-04-27,2026-04,2026,2
PARÇA,SAFARI MONTAGEM,PR,Londrina,2026-05-07,2026-05,2026,1
PARÇA,SAFARI MONTAGEM,PR,Londrina,2026-05-14,2026-05,2026,2
PARÇA,SAFARI MONTAGEM,PR,Londrina,2026-05-18,2026-05,2026,1
PARÇA,SAFARI MONTAGEM,PR,Londrina,2026-05-19,2026-05,2026,2
PARÇA,SAFARI MONTAGEM,PR,Londrina,2026-05-22,2026-05,2026,4
PARÇA,SAFARI MONTAGEM,PR,Londrina,2026-06-15,2026-06,2026,4
PARÇA,SAFARI MONTAGEM,PR,Londrina,2026-06-25,2026-06,2026,1
PARÇA,SAFARI MONTAGEM,PR,Londrina,2026-06-26,2026-06,2026,2
PARÇA,SAFARI MONTAGEM,PR,Londrina,2026-06-29,2026-06,2026,4
PARÇA,SAFARI MONTAGEM,PR,Londrina,2026-07-13,2026-07,2026,1
PARÇA,SAFARI MONTAGEM,PR,Londrina,2026-07-14,2026-07,2026,1
PARÇA,SAFARI MONTAGEM,PR,Londrina,2026-07-15,2026-07,2026,2
PARÇA,SAFARI MONTAGEM,PR,Marialva,2026-02-13,2026-02,2026,1
PARÇA,SAFARI MONTAGEM,PR,Marialva,2026-05-22,2026-05,2026,1
PARÇA,SAFARI MONTAGEM,PR,Marialva,2026-05-27,2026-05,2026,1
PARÇA,SAFARI MONTAGEM,PR,Marialva,2026-06-26,2026-06,2026,1
PARÇA,SAFARI MONTAGEM,PR,Maringa,2026-01-08,2026-01,2026,2
PARÇA,SAFARI MONTAGEM,PR,Maringa,2026-01-09,2026-01,2026,4
PARÇA,SAFARI MONTAGEM,PR,Maringa,2026-01-26,2026-01,2026,2
PARÇA,SAFARI MONTAGEM,PR,Maringa,2026-01-27,2026-01,2026,1
PARÇA,SAFARI MONTAGEM,PR,Maringa,2026-02-17,2026-02,2026,1
PARÇA,SAFARI MONTAGEM,PR,Maringa,2026-03-04,2026-03,2026,2
PARÇA,SAFARI MONTAGEM,PR,Maringa,2026-03-13,2026-03,2026,1
PARÇA,SAFARI MONTAGEM,PR,Maringa,2026-03-19,2026-03,2026,2
PARÇA,SAFARI MONTAGEM,PR,Maringa,2026-03-27,2026-03,2026,1
PARÇA,SAFARI MONTAGEM,PR,Maringa,2026-03-28,2026-03,2026,2
PARÇA,SAFARI MONTAGEM,PR,Maringa,2026-04-01,2026-04,2026,2
PARÇA,SAFARI MONTAGEM,PR,Maringa,2026-04-14,2026-04,2026,3
PARÇA,SAFARI MONTAGEM,PR,Maringa,2026-04-27,2026-04,2026,6
PARÇA,SAFARI MONTAGEM,PR,Maringa,2026-05-07,2026-05,2026,1
PARÇA,SAFARI MONTAGEM,PR,Maringa,2026-05-14,2026-05,2026,1
PARÇA,SAFARI MONTAGEM,PR,Maringa,2026-05-18,2026-05,2026,2
PARÇA,SAFARI MONTAGEM,PR,Maringa,2026-05-21,2026-05,2026,2
PARÇA,SAFARI MONTAGEM,PR,Maringa,2026-06-02,2026-06,2026,5
PARÇA,SAFARI MONTAGEM,PR,Maringa,2026-06-05,2026-06,2026,1
PARÇA,SAFARI MONTAGEM,PR,Maringa,2026-06-08,2026-06,2026,1
PARÇA,SAFARI MONTAGEM,PR,Maringa,2026-06-15,2026-06,2026,4
PARÇA,SAFARI MONTAGEM,PR,Maringa,2026-06-20,2026-06,2026,1
PARÇA,SAFARI MONTAGEM,PR,Maringa,2026-06-23,2026-06,2026,1
PARÇA,SAFARI MONTAGEM,PR,Maringa,2026-06-24,2026-06,2026,1
PARÇA,SAFARI MONTAGEM,PR,Maringa,2026-06-26,2026-06,2026,1
PARÇA,SAFARI MONTAGEM,PR,Maringa,2026-07-14,2026-07,2026,1
PARÇA,SAFARI MONTAGEM,PR,Maringa,2026-07-16,2026-07,2026,1
PARÇA,SAFARI MONTAGEM,PR,Maringa,2026-07-18,2026-07,2026,1
PARÇA,SAFARI MONTAGEM,PR,Maringa,2026-07-23,2026-07,2026,1
PARÇA,SAFARI MONTAGEM,PR,Paicandu,2026-02-13,2026-02,2026,1
PARÇA,SAFARI MONTAGEM,SE,Aracaju,2026-06-04,2026-06,2026,1
PARÇA,SAFARI MONTAGEM,SE,Aracaju,2026-06-23,2026-06,2026,1
PARÇA,SAFARI MONTAGEM,SE,Aracaju,2026-06-24,2026-06,2026,1
PARÇA,SAFARI MONTAGEM,SE,Aracaju,2026-06-26,2026-06,2026,1
PARÇA,SAFARI MONTAGEM,SE,Aracaju,2026-06-29,2026-06,2026,1
PARÇA,SAFARI MONTAGEM,SE,Aracaju,2026-07-08,2026-07,2026,2
PARÇA,SAFARI MONTAGEM,SE,Aracaju,2026-07-09,2026-07,2026,1
PARÇA,SAFARI MONTAGEM,SE,Aracaju,2026-07-15,2026-07,2026,1
PARÇA,SAFARI MONTAGEM,SE,Aracaju,2026-07-18,2026-07,2026,2
PARÇA,SAFARI MONTAGEM,SE,Estancia,2026-06-24,2026-06,2026,1
PARÇA,SAFARI MONTAGEM,SE,Estancia,2026-07-23,2026-07,2026,2
PARÇA,SAFARI MONTAGEM,SE,Itabaiana,2026-06-29,2026-06,2026,1
PARÇA,SAFARI MONTAGEM,SE,Nossa Senhora do Socorro,2026-05-21,2026-05,2026,1
PARÇA,SAFARI MONTAGEM,SE,Nossa Senhora do Socorro,2026-06-11,2026-06,2026,1
PARÇA,SAFARI MONTAGEM,SE,Nossa Senhora do Socorro,2026-06-29,2026-06,2026,1
PARÇA,SAFARI MONTAGEM,SP,Aruja,2026-01-23,2026-01,2026,2
PARÇA,SAFARI MONTAGEM,SP,Aruja,2026-01-27,2026-01,2026,1
PARÇA,SAFARI MONTAGEM,SP,Aruja,2026-02-02,2026-02,2026,1
PARÇA,SAFARI MONTAGEM,SP,Aruja,2026-02-04,2026-02,2026,2
PARÇA,SAFARI MONTAGEM,SP,Aruja,2026-02-26,2026-02,2026,2
PARÇA,SAFARI MONTAGEM,SP,Aruja,2026-02-27,2026-02,2026,1
PARÇA,SAFARI MONTAGEM,SP,Aruja,2026-03-14,2026-03,2026,1
PARÇA,SAFARI MONTAGEM,SP,Aruja,2026-04-04,2026-04,2026,2
PARÇA,SAFARI MONTAGEM,SP,Aruja,2026-04-20,2026-04,2026,1
PARÇA,SAFARI MONTAGEM,SP,Aruja,2026-05-22,2026-05,2026,1
PARÇA,SAFARI MONTAGEM,SP,Aruja,2026-06-13,2026-06,2026,1
PARÇA,SAFARI MONTAGEM,SP,Aruja,2026-07-04,2026-07,2026,2
PARÇA,SAFARI MONTAGEM,SP,Aruja,2026-07-13,2026-07,2026,1
PARÇA,SAFARI MONTAGEM,SP,Aruja,2026-07-22,2026-07,2026,1
PARÇA,SAFARI MONTAGEM,SP,Barueri,2026-01-02,2026-01,2026,1
PARÇA,SAFARI MONTAGEM,SP,Barueri,2026-01-07,2026-01,2026,1
PARÇA,SAFARI MONTAGEM,SP,Barueri,2026-01-08,2026-01,2026,3
PARÇA,SAFARI MONTAGEM,SP,Barueri,2026-01-12,2026-01,2026,1
PARÇA,SAFARI MONTAGEM,SP,Barueri,2026-01-20,2026-01,2026,2
PARÇA,SAFARI MONTAGEM,SP,Barueri,2026-01-21,2026-01,2026,4
PARÇA,SAFARI MONTAGEM,SP,Barueri,2026-01-27,2026-01,2026,2
PARÇA,SAFARI MONTAGEM,SP,Barueri,2026-01-29,2026-01,2026,1
PARÇA,SAFARI MONTAGEM,SP,Barueri,2026-02-02,2026-02,2026,2
PARÇA,SAFARI MONTAGEM,SP,Barueri,2026-02-05,2026-02,2026,2
PARÇA,SAFARI MONTAGEM,SP,Barueri,2026-02-10,2026-02,2026,4
PARÇA,SAFARI MONTAGEM,SP,Barueri,2026-02-19,2026-02,2026,2
PARÇA,SAFARI MONTAGEM,SP,Barueri,2026-02-24,2026-02,2026,5
PARÇA,SAFARI MONTAGEM,SP,Barueri,2026-02-25,2026-02,2026,1
PARÇA,SAFARI MONTAGEM,SP,Barueri,2026-02-27,2026-02,2026,2
PARÇA,SAFARI MONTAGEM,SP,Barueri,2026-03-04,2026-03,2026,1
PARÇA,SAFARI MONTAGEM,SP,Barueri,2026-03-05,2026-03,2026,1
PARÇA,SAFARI MONTAGEM,SP,Barueri,2026-03-10,2026-03,2026,2
PARÇA,SAFARI MONTAGEM,SP,Barueri,2026-03-13,2026-03,2026,2
PARÇA,SAFARI MONTAGEM,SP,Barueri,2026-03-18,2026-03,2026,3
PARÇA,SAFARI MONTAGEM,SP,Barueri,2026-03-20,2026-03,2026,1
PARÇA,SAFARI MONTAGEM,SP,Barueri,2026-03-24,2026-03,2026,2
PARÇA,SAFARI MONTAGEM,SP,Barueri,2026-03-27,2026-03,2026,2
PARÇA,SAFARI MONTAGEM,SP,Barueri,2026-03-31,2026-03,2026,2
PARÇA,SAFARI MONTAGEM,SP,Barueri,2026-04-02,2026-04,2026,4
PARÇA,SAFARI MONTAGEM,SP,Barueri,2026-04-06,2026-04,2026,2
PARÇA,SAFARI MONTAGEM,SP,Barueri,2026-04-08,2026-04,2026,7
PARÇA,SAFARI MONTAGEM,SP,Barueri,2026-04-13,2026-04,2026,2
PARÇA,SAFARI MONTAGEM,SP,Barueri,2026-04-14,2026-04,2026,1
PARÇA,SAFARI MONTAGEM,SP,Barueri,2026-04-15,2026-04,2026,1
PARÇA,SAFARI MONTAGEM,SP,Barueri,2026-04-16,2026-04,2026,1
PARÇA,SAFARI MONTAGEM,SP,Barueri,2026-04-23,2026-04,2026,3
PARÇA,SAFARI MONTAGEM,SP,Barueri,2026-04-28,2026-04,2026,2
PARÇA,SAFARI MONTAGEM,SP,Barueri,2026-05-11,2026-05,2026,1
PARÇA,SAFARI MONTAGEM,SP,Barueri,2026-05-15,2026-05,2026,1
PARÇA,SAFARI MONTAGEM,SP,Barueri,2026-06-05,2026-06,2026,8
PARÇA,SAFARI MONTAGEM,SP,Barueri,2026-06-08,2026-06,2026,4
PARÇA,SAFARI MONTAGEM,SP,Barueri,2026-06-16,2026-06,2026,2
PARÇA,SAFARI MONTAGEM,SP,Barueri,2026-06-17,2026-06,2026,1
PARÇA,SAFARI MONTAGEM,SP,Barueri,2026-06-18,2026-06,2026,4
PARÇA,SAFARI MONTAGEM,SP,Barueri,2026-06-20,2026-06,2026,1
PARÇA,SAFARI MONTAGEM,SP,Barueri,2026-06-23,2026-06,2026,3
PARÇA,SAFARI MONTAGEM,SP,Barueri,2026-06-25,2026-06,2026,3
PARÇA,SAFARI MONTAGEM,SP,Barueri,2026-07-03,2026-07,2026,2
PARÇA,SAFARI MONTAGEM,SP,Barueri,2026-07-08,2026-07,2026,1
PARÇA,SAFARI MONTAGEM,SP,Barueri,2026-07-09,2026-07,2026,2
PARÇA,SAFARI MONTAGEM,SP,Barueri,2026-07-13,2026-07,2026,2
PARÇA,SAFARI MONTAGEM,SP,Barueri,2026-07-15,2026-07,2026,4
PARÇA,SAFARI MONTAGEM,SP,Barueri,2026-07-17,2026-07,2026,1
PARÇA,SAFARI MONTAGEM,SP,Barueri,2026-07-22,2026-07,2026,2
PARÇA,SAFARI MONTAGEM,SP,Barueri,2026-07-24,2026-07,2026,3
PARÇA,SAFARI MONTAGEM,SP,Barueri,2026-07-28,2026-07,2026,2
PARÇA,SAFARI MONTAGEM,SP,Bertioga,2026-01-22,2026-01,2026,1
PARÇA,SAFARI MONTAGEM,SP,Bertioga,2026-02-05,2026-02,2026,1
PARÇA,SAFARI MONTAGEM,SP,Bertioga,2026-02-09,2026-02,2026,1
PARÇA,SAFARI MONTAGEM,SP,Bertioga,2026-03-17,2026-03,2026,4
PARÇA,SAFARI MONTAGEM,SP,Bertioga,2026-04-07,2026-04,2026,3
PARÇA,SAFARI MONTAGEM,SP,Bertioga,2026-04-27,2026-04,2026,2
PARÇA,SAFARI MONTAGEM,SP,Bertioga,2026-05-25,2026-05,2026,1
PARÇA,SAFARI MONTAGEM,SP,Bertioga,2026-06-16,2026-06,2026,1
PARÇA,SAFARI MONTAGEM,SP,Bertioga,2026-06-19,2026-06,2026,3
PARÇA,SAFARI MONTAGEM,SP,Bertioga,2026-07-07,2026-07,2026,1
PARÇA,SAFARI MONTAGEM,SP,Bertioga,2026-07-21,2026-07,2026,2
PARÇA,SAFARI MONTAGEM,SP,Cacapava,2026-01-26,2026-01,2026,1
PARÇA,SAFARI MONTAGEM,SP,Cacapava,2026-02-02,2026-02,2026,1
PARÇA,SAFARI MONTAGEM,SP,Cacapava,2026-02-26,2026-02,2026,1
PARÇA,SAFARI MONTAGEM,SP,Cacapava,2026-03-16,2026-03,2026,2
PARÇA,SAFARI MONTAGEM,SP,Cacapava,2026-03-27,2026-03,2026,2
PARÇA,SAFARI MONTAGEM,SP,Cacapava,2026-06-02,2026-06,2026,2
PARÇA,SAFARI MONTAGEM,SP,Cacapava,2026-06-18,2026-06,2026,1
PARÇA,SAFARI MONTAGEM,SP,Cacapava,2026-07-03,2026-07,2026,1
PARÇA,SAFARI MONTAGEM,SP,Cacapava,2026-07-06,2026-07,2026,1
PARÇA,SAFARI MONTAGEM,SP,Cacapava,2026-07-07,2026-07,2026,1
PARÇA,SAFARI MONTAGEM,SP,Cacapava,2026-07-14,2026-07,2026,1
PARÇA,SAFARI MONTAGEM,SP,Cacapava,2026-07-20,2026-07,2026,1
PARÇA,SAFARI MONTAGEM,SP,Caieiras,2026-01-10,2026-01,2026,1
PARÇA,SAFARI MONTAGEM,SP,Caieiras,2026-01-21,2026-01,2026,3
PARÇA,SAFARI MONTAGEM,SP,Caieiras,2026-02-12,2026-02,2026,1
PARÇA,SAFARI MONTAGEM,SP,Caieiras,2026-02-18,2026-02,2026,1
PARÇA,SAFARI MONTAGEM,SP,Caieiras,2026-03-02,2026-03,2026,1
PARÇA,SAFARI MONTAGEM,SP,Caieiras,2026-04-13,2026-04,2026,1
PARÇA,SAFARI MONTAGEM,SP,Caieiras,2026-04-20,2026-04,2026,1
PARÇA,SAFARI MONTAGEM,SP,Caieiras,2026-04-27,2026-04,2026,1
PARÇA,SAFARI MONTAGEM,SP,Caieiras,2026-06-10,2026-06,2026,2
PARÇA,SAFARI MONTAGEM,SP,Caieiras,2026-07-04,2026-07,2026,1
PARÇA,SAFARI MONTAGEM,SP,Caieiras,2026-07-13,2026-07,2026,2
PARÇA,SAFARI MONTAGEM,SP,Caieiras,2026-07-20,2026-07,2026,1
PARÇA,SAFARI MONTAGEM,SP,Caieiras,2026-07-24,2026-07,2026,2
PARÇA,SAFARI MONTAGEM,SP,Caieiras,2026-07-28,2026-07,2026,1
PARÇA,SAFARI MONTAGEM,SP,Cajamar,2026-01-28,2026-01,2026,1
PARÇA,SAFARI MONTAGEM,SP,Cajamar,2026-02-04,2026-02,2026,1
PARÇA,SAFARI MONTAGEM,SP,Cajamar,2026-02-09,2026-02,2026,1
PARÇA,SAFARI MONTAGEM,SP,Cajamar,2026-02-18,2026-02,2026,2
PARÇA,SAFARI MONTAGEM,SP,Cajamar,2026-03-02,2026-03,2026,2
PARÇA,SAFARI MONTAGEM,SP,Cajamar,2026-03-11,2026-03,2026,1
PARÇA,SAFARI MONTAGEM,SP,Cajamar,2026-03-18,2026-03,2026,2
PARÇA,SAFARI MONTAGEM,SP,Cajamar,2026-03-25,2026-03,2026,2
PARÇA,SAFARI MONTAGEM,SP,Cajamar,2026-04-03,2026-04,2026,1
PARÇA,SAFARI MONTAGEM,SP,Cajamar,2026-04-20,2026-04,2026,1
PARÇA,SAFARI MONTAGEM,SP,Cajamar,2026-04-27,2026-04,2026,1
PARÇA,SAFARI MONTAGEM,SP,Cajamar,2026-05-20,2026-05,2026,1
PARÇA,SAFARI MONTAGEM,SP,Cajamar,2026-06-01,2026-06,2026,2
PARÇA,SAFARI MONTAGEM,SP,Cajamar,2026-06-10,2026-06,2026,1
PARÇA,SAFARI MONTAGEM,SP,Cajamar,2026-06-26,2026-06,2026,2
PARÇA,SAFARI MONTAGEM,SP,Cajamar,2026-07-13,2026-07,2026,2
PARÇA,SAFARI MONTAGEM,SP,Cajamar,2026-07-24,2026-07,2026,2
PARÇA,SAFARI MONTAGEM,SP,Carapicuiba,2026-01-01,2026-01,2026,1
PARÇA,SAFARI MONTAGEM,SP,Carapicuiba,2026-01-05,2026-01,2026,1
PARÇA,SAFARI MONTAGEM,SP,Carapicuiba,2026-01-08,2026-01,2026,2
PARÇA,SAFARI MONTAGEM,SP,Carapicuiba,2026-01-12,2026-01,2026,3
PARÇA,SAFARI MONTAGEM,SP,Carapicuiba,2026-01-16,2026-01,2026,3
PARÇA,SAFARI MONTAGEM,SP,Carapicuiba,2026-01-26,2026-01,2026,1
PARÇA,SAFARI MONTAGEM,SP,Carapicuiba,2026-01-27,2026-01,2026,6
PARÇA,SAFARI MONTAGEM,SP,Carapicuiba,2026-02-02,2026-02,2026,3
PARÇA,SAFARI MONTAGEM,SP,Carapicuiba,2026-02-04,2026-02,2026,1
PARÇA,SAFARI MONTAGEM,SP,Carapicuiba,2026-02-10,2026-02,2026,5
PARÇA,SAFARI MONTAGEM,SP,Carapicuiba,2026-02-11,2026-02,2026,3
PARÇA,SAFARI MONTAGEM,SP,Carapicuiba,2026-02-17,2026-02,2026,2
PARÇA,SAFARI MONTAGEM,SP,Carapicuiba,2026-02-24,2026-02,2026,1
PARÇA,SAFARI MONTAGEM,SP,Carapicuiba,2026-02-27,2026-02,2026,1
PARÇA,SAFARI MONTAGEM,SP,Carapicuiba,2026-02-28,2026-02,2026,2
PARÇA,SAFARI MONTAGEM,SP,Carapicuiba,2026-03-03,2026-03,2026,2
PARÇA,SAFARI MONTAGEM,SP,Carapicuiba,2026-03-05,2026-03,2026,1
PARÇA,SAFARI MONTAGEM,SP,Carapicuiba,2026-03-10,2026-03,2026,1
PARÇA,SAFARI MONTAGEM,SP,Carapicuiba,2026-03-20,2026-03,2026,3
PARÇA,SAFARI MONTAGEM,SP,Carapicuiba,2026-03-21,2026-03,2026,2
PARÇA,SAFARI MONTAGEM,SP,Carapicuiba,2026-03-26,2026-03,2026,1
PARÇA,SAFARI MONTAGEM,SP,Carapicuiba,2026-03-27,2026-03,2026,4
PARÇA,SAFARI MONTAGEM,SP,Carapicuiba,2026-03-31,2026-03,2026,1
PARÇA,SAFARI MONTAGEM,SP,Carapicuiba,2026-04-08,2026-04,2026,1
PARÇA,SAFARI MONTAGEM,SP,Carapicuiba,2026-04-13,2026-04,2026,1
PARÇA,SAFARI MONTAGEM,SP,Carapicuiba,2026-04-15,2026-04,2026,1
PARÇA,SAFARI MONTAGEM,SP,Carapicuiba,2026-04-16,2026-04,2026,1
PARÇA,SAFARI MONTAGEM,SP,Carapicuiba,2026-04-23,2026-04,2026,2
PARÇA,SAFARI MONTAGEM,SP,Carapicuiba,2026-04-28,2026-04,2026,1
PARÇA,SAFARI MONTAGEM,SP,Carapicuiba,2026-04-30,2026-04,2026,3
PARÇA,SAFARI MONTAGEM,SP,Carapicuiba,2026-05-06,2026-05,2026,1
PARÇA,SAFARI MONTAGEM,SP,Carapicuiba,2026-05-15,2026-05,2026,1
PARÇA,SAFARI MONTAGEM,SP,Carapicuiba,2026-06-02,2026-06,2026,1
PARÇA,SAFARI MONTAGEM,SP,Carapicuiba,2026-06-04,2026-06,2026,1
PARÇA,SAFARI MONTAGEM,SP,Carapicuiba,2026-06-05,2026-06,2026,7
PARÇA,SAFARI MONTAGEM,SP,Carapicuiba,2026-06-11,2026-06,2026,2
PARÇA,SAFARI MONTAGEM,SP,Carapicuiba,2026-06-16,2026-06,2026,4
PARÇA,SAFARI MONTAGEM,SP,Carapicuiba,2026-06-18,2026-06,2026,4
PARÇA,SAFARI MONTAGEM,SP,Carapicuiba,2026-06-19,2026-06,2026,1
PARÇA,SAFARI MONTAGEM,SP,Carapicuiba,2026-06-22,2026-06,2026,1
PARÇA,SAFARI MONTAGEM,SP,Carapicuiba,2026-06-30,2026-06,2026,5
PARÇA,SAFARI MONTAGEM,SP,Carapicuiba,2026-07-03,2026-07,2026,1
PARÇA,SAFARI MONTAGEM,SP,Carapicuiba,2026-07-08,2026-07,2026,1
PARÇA,SAFARI MONTAGEM,SP,Carapicuiba,2026-07-13,2026-07,2026,2
PARÇA,SAFARI MONTAGEM,SP,Carapicuiba,2026-07-21,2026-07,2026,1
PARÇA,SAFARI MONTAGEM,SP,Carapicuiba,2026-07-24,2026-07,2026,3
PARÇA,SAFARI MONTAGEM,SP,Carapicuiba,2026-07-25,2026-07,2026,1
PARÇA,SAFARI MONTAGEM,SP,Carapicuiba,2026-07-28,2026-07,2026,1
PARÇA,SAFARI MONTAGEM,SP,Catanduva,2026-04-29,2026-04,2026,1
PARÇA,SAFARI MONTAGEM,SP,Cotia,2026-01-21,2026-01,2026,1
PARÇA,SAFARI MONTAGEM,SP,Cotia,2026-01-26,2026-01,2026,4
PARÇA,SAFARI MONTAGEM,SP,Cotia,2026-02-02,2026-02,2026,3
PARÇA,SAFARI MONTAGEM,SP,Cotia,2026-02-10,2026-02,2026,2
PARÇA,SAFARI MONTAGEM,SP,Cotia,2026-02-19,2026-02,2026,3
PARÇA,SAFARI MONTAGEM,SP,Cotia,2026-02-25,2026-02,2026,1
PARÇA,SAFARI MONTAGEM,SP,Cotia,2026-02-27,2026-02,2026,3
PARÇA,SAFARI MONTAGEM,SP,Cotia,2026-03-02,2026-03,2026,1
PARÇA,SAFARI MONTAGEM,SP,Cotia,2026-03-10,2026-03,2026,5
PARÇA,SAFARI MONTAGEM,SP,Cotia,2026-03-11,2026-03,2026,1
PARÇA,SAFARI MONTAGEM,SP,Cotia,2026-03-13,2026-03,2026,3
PARÇA,SAFARI MONTAGEM,SP,Cotia,2026-03-16,2026-03,2026,1
PARÇA,SAFARI MONTAGEM,SP,Cotia,2026-03-21,2026-03,2026,1
PARÇA,SAFARI MONTAGEM,SP,Cotia,2026-03-24,2026-03,2026,5
PARÇA,SAFARI MONTAGEM,SP,Cotia,2026-03-26,2026-03,2026,1
PARÇA,SAFARI MONTAGEM,SP,Cotia,2026-03-27,2026-03,2026,3
PARÇA,SAFARI MONTAGEM,SP,Cotia,2026-03-31,2026-03,2026,1
PARÇA,SAFARI MONTAGEM,SP,Cotia,2026-04-16,2026-04,2026,4
PARÇA,SAFARI MONTAGEM,SP,Cotia,2026-04-23,2026-04,2026,2
PARÇA,SAFARI MONTAGEM,SP,Cotia,2026-05-06,2026-05,2026,4
PARÇA,SAFARI MONTAGEM,SP,Diadema,2026-01-05,2026-01,2026,3
PARÇA,SAFARI MONTAGEM,SP,Diadema,2026-01-19,2026-01,2026,4
PARÇA,SAFARI MONTAGEM,SP,Diadema,2026-01-27,2026-01,2026,4
PARÇA,SAFARI MONTAGEM,SP,Diadema,2026-02-02,2026-02,2026,4
PARÇA,SAFARI MONTAGEM,SP,Diadema,2026-02-13,2026-02,2026,2
PARÇA,SAFARI MONTAGEM,SP,Diadema,2026-02-27,2026-02,2026,2
PARÇA,SAFARI MONTAGEM,SP,Diadema,2026-03-06,2026-03,2026,3
PARÇA,SAFARI MONTAGEM,SP,Diadema,2026-03-25,2026-03,2026,1
PARÇA,SAFARI MONTAGEM,SP,Diadema,2026-03-26,2026-03,2026,1
PARÇA,SAFARI MONTAGEM,SP,Diadema,2026-03-30,2026-03,2026,3
PARÇA,SAFARI MONTAGEM,SP,Diadema,2026-04-02,2026-04,2026,3
PARÇA,SAFARI MONTAGEM,SP,Diadema,2026-04-14,2026-04,2026,1
PARÇA,SAFARI MONTAGEM,SP,Diadema,2026-04-18,2026-04,2026,2
PARÇA,SAFARI MONTAGEM,SP,Diadema,2026-04-28,2026-04,2026,3
PARÇA,SAFARI MONTAGEM,SP,Diadema,2026-04-29,2026-04,2026,1
PARÇA,SAFARI MONTAGEM,SP,Diadema,2026-04-30,2026-04,2026,1
PARÇA,SAFARI MONTAGEM,SP,Diadema,2026-05-12,2026-05,2026,2
PARÇA,SAFARI MONTAGEM,SP,Diadema,2026-05-18,2026-05,2026,3
PARÇA,SAFARI MONTAGEM,SP,Diadema,2026-05-19,2026-05,2026,1
PARÇA,SAFARI MONTAGEM,SP,Diadema,2026-05-23,2026-05,2026,5
PARÇA,SAFARI MONTAGEM,SP,Diadema,2026-05-29,2026-05,2026,1
PARÇA,SAFARI MONTAGEM,SP,Diadema,2026-06-01,2026-06,2026,2
PARÇA,SAFARI MONTAGEM,SP,Diadema,2026-06-04,2026-06,2026,4
PARÇA,SAFARI MONTAGEM,SP,Diadema,2026-06-05,2026-06,2026,1
PARÇA,SAFARI MONTAGEM,SP,Diadema,2026-06-11,2026-06,2026,3
PARÇA,SAFARI MONTAGEM,SP,Diadema,2026-06-12,2026-06,2026,3
PARÇA,SAFARI MONTAGEM,SP,Diadema,2026-06-20,2026-06,2026,3
PARÇA,SAFARI MONTAGEM,SP,Diadema,2026-06-22,2026-06,2026,1
PARÇA,SAFARI MONTAGEM,SP,Diadema,2026-06-30,2026-06,2026,2
PARÇA,SAFARI MONTAGEM,SP,Diadema,2026-07-09,2026-07,2026,3
PARÇA,SAFARI MONTAGEM,SP,Diadema,2026-07-11,2026-07,2026,3
PARÇA,SAFARI MONTAGEM,SP,Diadema,2026-07-20,2026-07,2026,2
PARÇA,SAFARI MONTAGEM,SP,Diadema,2026-07-23,2026-07,2026,3
PARÇA,SAFARI MONTAGEM,SP,Embu Guacu,2026-02-18,2026-02,2026,1
PARÇA,SAFARI MONTAGEM,SP,Embu Guacu,2026-02-24,2026-02,2026,2
PARÇA,SAFARI MONTAGEM,SP,Embu Guacu,2026-02-26,2026-02,2026,1
PARÇA,SAFARI MONTAGEM,SP,Embu Guacu,2026-04-29,2026-04,2026,1
PARÇA,SAFARI MONTAGEM,SP,Embu das Artes,2026-01-06,2026-01,2026,2
PARÇA,SAFARI MONTAGEM,SP,Embu das Artes,2026-01-09,2026-01,2026,3
PARÇA,SAFARI MONTAGEM,SP,Embu das Artes,2026-01-15,2026-01,2026,1
PARÇA,SAFARI MONTAGEM,SP,Embu das Artes,2026-01-19,2026-01,2026,1
PARÇA,SAFARI MONTAGEM,SP,Embu das Artes,2026-01-21,2026-01,2026,5
PARÇA,SAFARI MONTAGEM,SP,Embu das Artes,2026-02-05,2026-02,2026,6
PARÇA,SAFARI MONTAGEM,SP,Embu das Artes,2026-02-09,2026-02,2026,2
PARÇA,SAFARI MONTAGEM,SP,Embu das Artes,2026-02-25,2026-02,2026,1
PARÇA,SAFARI MONTAGEM,SP,Embu das Artes,2026-03-09,2026-03,2026,1
PARÇA,SAFARI MONTAGEM,SP,Embu das Artes,2026-03-10,2026-03,2026,1
PARÇA,SAFARI MONTAGEM,SP,Embu das Artes,2026-03-11,2026-03,2026,4
PARÇA,SAFARI MONTAGEM,SP,Embu das Artes,2026-03-19,2026-03,2026,3
PARÇA,SAFARI MONTAGEM,SP,Embu das Artes,2026-03-25,2026-03,2026,1
PARÇA,SAFARI MONTAGEM,SP,Embu das Artes,2026-03-30,2026-03,2026,1
PARÇA,SAFARI MONTAGEM,SP,Embu das Artes,2026-04-01,2026-04,2026,3
PARÇA,SAFARI MONTAGEM,SP,Embu das Artes,2026-04-09,2026-04,2026,1
PARÇA,SAFARI MONTAGEM,SP,Embu das Artes,2026-04-14,2026-04,2026,1
PARÇA,SAFARI MONTAGEM,SP,Embu das Artes,2026-04-22,2026-04,2026,2
PARÇA,SAFARI MONTAGEM,SP,Embu das Artes,2026-04-29,2026-04,2026,4
PARÇA,SAFARI MONTAGEM,SP,Embu das Artes,2026-05-04,2026-05,2026,2
PARÇA,SAFARI MONTAGEM,SP,Embu das Artes,2026-05-08,2026-05,2026,1
PARÇA,SAFARI MONTAGEM,SP,Embu das Artes,2026-06-09,2026-06,2026,3
PARÇA,SAFARI MONTAGEM,SP,Embu das Artes,2026-06-15,2026-06,2026,4
PARÇA,SAFARI MONTAGEM,SP,Embu das Artes,2026-06-17,2026-06,2026,1
PARÇA,SAFARI MONTAGEM,SP,Embu das Artes,2026-06-24,2026-06,2026,2
PARÇA,SAFARI MONTAGEM,SP,Embu das Artes,2026-07-01,2026-07,2026,2
PARÇA,SAFARI MONTAGEM,SP,Embu das Artes,2026-07-07,2026-07,2026,2
PARÇA,SAFARI MONTAGEM,SP,Embu das Artes,2026-07-10,2026-07,2026,1
PARÇA,SAFARI MONTAGEM,SP,Embu das Artes,2026-07-13,2026-07,2026,1
PARÇA,SAFARI MONTAGEM,SP,Embu das Artes,2026-07-20,2026-07,2026,2
PARÇA,SAFARI MONTAGEM,SP,Embu das Artes,2026-07-23,2026-07,2026,4
PARÇA,SAFARI MONTAGEM,SP,Embu das Artes,2026-07-24,2026-07,2026,1
PARÇA,SAFARI MONTAGEM,SP,Ferraz de Vasconcelos,2026-01-10,2026-01,2026,1
PARÇA,SAFARI MONTAGEM,SP,Ferraz de Vasconcelos,2026-01-29,2026-01,2026,1
PARÇA,SAFARI MONTAGEM,SP,Ferraz de Vasconcelos,2026-02-02,2026-02,2026,2
PARÇA,SAFARI MONTAGEM,SP,Ferraz de Vasconcelos,2026-02-12,2026-02,2026,2
PARÇA,SAFARI MONTAGEM,SP,Ferraz de Vasconcelos,2026-03-10,2026-03,2026,1
PARÇA,SAFARI MONTAGEM,SP,Ferraz de Vasconcelos,2026-03-12,2026-03,2026,1
PARÇA,SAFARI MONTAGEM,SP,Ferraz de Vasconcelos,2026-03-13,2026-03,2026,1
PARÇA,SAFARI MONTAGEM,SP,Ferraz de Vasconcelos,2026-03-24,2026-03,2026,1
PARÇA,SAFARI MONTAGEM,SP,Ferraz de Vasconcelos,2026-03-28,2026-03,2026,1
PARÇA,SAFARI MONTAGEM,SP,Ferraz de Vasconcelos,2026-04-17,2026-04,2026,5
PARÇA,SAFARI MONTAGEM,SP,Ferraz de Vasconcelos,2026-05-07,2026-05,2026,1
PARÇA,SAFARI MONTAGEM,SP,Ferraz de Vasconcelos,2026-05-13,2026-05,2026,1
PARÇA,SAFARI MONTAGEM,SP,Ferraz de Vasconcelos,2026-05-15,2026-05,2026,2
PARÇA,SAFARI MONTAGEM,SP,Ferraz de Vasconcelos,2026-06-01,2026-06,2026,3
PARÇA,SAFARI MONTAGEM,SP,Ferraz de Vasconcelos,2026-06-12,2026-06,2026,2
PARÇA,SAFARI MONTAGEM,SP,Ferraz de Vasconcelos,2026-06-19,2026-06,2026,2
PARÇA,SAFARI MONTAGEM,SP,Ferraz de Vasconcelos,2026-07-07,2026-07,2026,1
PARÇA,SAFARI MONTAGEM,SP,Ferraz de Vasconcelos,2026-07-15,2026-07,2026,1
PARÇA,SAFARI MONTAGEM,SP,Francisco Morato,2026-01-08,2026-01,2026,1
PARÇA,SAFARI MONTAGEM,SP,Francisco Morato,2026-01-10,2026-01,2026,1
PARÇA,SAFARI MONTAGEM,SP,Francisco Morato,2026-01-28,2026-01,2026,1
PARÇA,SAFARI MONTAGEM,SP,Francisco Morato,2026-02-04,2026-02,2026,1
PARÇA,SAFARI MONTAGEM,SP,Francisco Morato,2026-02-09,2026-02,2026,1
PARÇA,SAFARI MONTAGEM,SP,Francisco Morato,2026-02-18,2026-02,2026,1
PARÇA,SAFARI MONTAGEM,SP,Francisco Morato,2026-03-25,2026-03,2026,2
PARÇA,SAFARI MONTAGEM,SP,Francisco Morato,2026-04-06,2026-04,2026,1
PARÇA,SAFARI MONTAGEM,SP,Francisco Morato,2026-04-13,2026-04,2026,3
PARÇA,SAFARI MONTAGEM,SP,Francisco Morato,2026-04-20,2026-04,2026,5
PARÇA,SAFARI MONTAGEM,SP,Francisco Morato,2026-04-27,2026-04,2026,2
PARÇA,SAFARI MONTAGEM,SP,Francisco Morato,2026-06-01,2026-06,2026,1
PARÇA,SAFARI MONTAGEM,SP,Francisco Morato,2026-06-26,2026-06,2026,4
PARÇA,SAFARI MONTAGEM,SP,Francisco Morato,2026-07-04,2026-07,2026,4
PARÇA,SAFARI MONTAGEM,SP,Franco da Rocha,2026-01-02,2026-01,2026,1
PARÇA,SAFARI MONTAGEM,SP,Franco da Rocha,2026-01-10,2026-01,2026,2
PARÇA,SAFARI MONTAGEM,SP,Franco da Rocha,2026-01-28,2026-01,2026,1
PARÇA,SAFARI MONTAGEM,SP,Franco da Rocha,2026-02-04,2026-02,2026,1
PARÇA,SAFARI MONTAGEM,SP,Franco da Rocha,2026-02-19,2026-02,2026,1
PARÇA,SAFARI MONTAGEM,SP,Franco da Rocha,2026-02-23,2026-02,2026,1
PARÇA,SAFARI MONTAGEM,SP,Franco da Rocha,2026-03-03,2026-03,2026,1
PARÇA,SAFARI MONTAGEM,SP,Franco da Rocha,2026-03-11,2026-03,2026,1
PARÇA,SAFARI MONTAGEM,SP,Franco da Rocha,2026-03-18,2026-03,2026,1
PARÇA,SAFARI MONTAGEM,SP,Franco da Rocha,2026-03-25,2026-03,2026,1
PARÇA,SAFARI MONTAGEM,SP,Franco da Rocha,2026-04-03,2026-04,2026,1
PARÇA,SAFARI MONTAGEM,SP,Franco da Rocha,2026-04-13,2026-04,2026,1
PARÇA,SAFARI MONTAGEM,SP,Franco da Rocha,2026-04-20,2026-04,2026,3
PARÇA,SAFARI MONTAGEM,SP,Franco da Rocha,2026-04-27,2026-04,2026,1
PARÇA,SAFARI MONTAGEM,SP,Franco da Rocha,2026-05-11,2026-05,2026,1
PARÇA,SAFARI MONTAGEM,SP,Franco da Rocha,2026-06-10,2026-06,2026,1
PARÇA,SAFARI MONTAGEM,SP,Franco da Rocha,2026-06-15,2026-06,2026,2
PARÇA,SAFARI MONTAGEM,SP,Franco da Rocha,2026-06-26,2026-06,2026,2
PARÇA,SAFARI MONTAGEM,SP,Franco da Rocha,2026-07-04,2026-07,2026,2
PARÇA,SAFARI MONTAGEM,SP,Franco da Rocha,2026-07-13,2026-07,2026,2
PARÇA,SAFARI MONTAGEM,SP,Franco da Rocha,2026-07-24,2026-07,2026,1
PARÇA,SAFARI MONTAGEM,SP,Guaruja,2026-01-14,2026-01,2026,4
PARÇA,SAFARI MONTAGEM,SP,Guaruja,2026-01-15,2026-01,2026,1
PARÇA,SAFARI MONTAGEM,SP,Guaruja,2026-02-03,2026-02,2026,5
PARÇA,SAFARI MONTAGEM,SP,Guaruja,2026-02-05,2026-02,2026,2
PARÇA,SAFARI MONTAGEM,SP,Guaruja,2026-02-09,2026-02,2026,1
PARÇA,SAFARI MONTAGEM,SP,Guaruja,2026-02-12,2026-02,2026,1
PARÇA,SAFARI MONTAGEM,SP,Guaruja,2026-02-24,2026-02,2026,3
PARÇA,SAFARI MONTAGEM,SP,Guaruja,2026-03-10,2026-03,2026,1
PARÇA,SAFARI MONTAGEM,SP,Guaruja,2026-03-17,2026-03,2026,7
PARÇA,SAFARI MONTAGEM,SP,Guaruja,2026-03-31,2026-03,2026,4
PARÇA,SAFARI MONTAGEM,SP,Guaruja,2026-04-01,2026-04,2026,1
PARÇA,SAFARI MONTAGEM,SP,Guaruja,2026-04-16,2026-04,2026,8
PARÇA,SAFARI MONTAGEM,SP,Guaruja,2026-04-27,2026-04,2026,2
PARÇA,SAFARI MONTAGEM,SP,Guaruja,2026-05-12,2026-05,2026,3
PARÇA,SAFARI MONTAGEM,SP,Guaruja,2026-05-25,2026-05,2026,5
PARÇA,SAFARI MONTAGEM,SP,Guaruja,2026-06-02,2026-06,2026,2
PARÇA,SAFARI MONTAGEM,SP,Guaruja,2026-06-19,2026-06,2026,6
PARÇA,SAFARI MONTAGEM,SP,Guaruja,2026-06-30,2026-06,2026,6
PARÇA,SAFARI MONTAGEM,SP,Guaruja,2026-07-07,2026-07,2026,2
PARÇA,SAFARI MONTAGEM,SP,Guaruja,2026-07-10,2026-07,2026,1
PARÇA,SAFARI MONTAGEM,SP,Guaruja,2026-07-14,2026-07,2026,7
PARÇA,SAFARI MONTAGEM,SP,Guaruja,2026-07-28,2026-07,2026,3
PARÇA,SAFARI MONTAGEM,SP,Guarulhos,2026-01-02,2026-01,2026,1
PARÇA,SAFARI MONTAGEM,SP,Guarulhos,2026-01-03,2026-01,2026,8
PARÇA,SAFARI MONTAGEM,SP,Guarulhos,2026-01-08,2026-01,2026,2
PARÇA,SAFARI MONTAGEM,SP,Guarulhos,2026-01-13,2026-01,2026,10
PARÇA,SAFARI MONTAGEM,SP,Guarulhos,2026-01-17,2026-01,2026,2
PARÇA,SAFARI MONTAGEM,SP,Guarulhos,2026-01-18,2026-01,2026,1
PARÇA,SAFARI MONTAGEM,SP,Guarulhos,2026-01-19,2026-01,2026,7
PARÇA,SAFARI MONTAGEM,SP,Guarulhos,2026-01-20,2026-01,2026,1
PARÇA,SAFARI MONTAGEM,SP,Guarulhos,2026-01-23,2026-01,2026,4
PARÇA,SAFARI MONTAGEM,SP,Guarulhos,2026-01-26,2026-01,2026,1
PARÇA,SAFARI MONTAGEM,SP,Guarulhos,2026-01-30,2026-01,2026,2
PARÇA,SAFARI MONTAGEM,SP,Guarulhos,2026-02-02,2026-02,2026,9
PARÇA,SAFARI MONTAGEM,SP,Guarulhos,2026-02-04,2026-02,2026,15
PARÇA,SAFARI MONTAGEM,SP,Guarulhos,2026-02-13,2026-02,2026,3
PARÇA,SAFARI MONTAGEM,SP,Guarulhos,2026-02-16,2026-02,2026,2
PARÇA,SAFARI MONTAGEM,SP,Guarulhos,2026-02-26,2026-02,2026,11
PARÇA,SAFARI MONTAGEM,SP,Guarulhos,2026-03-02,2026-03,2026,5
PARÇA,SAFARI MONTAGEM,SP,Guarulhos,2026-03-03,2026-03,2026,4
PARÇA,SAFARI MONTAGEM,SP,Guarulhos,2026-03-05,2026-03,2026,3
PARÇA,SAFARI MONTAGEM,SP,Guarulhos,2026-03-06,2026-03,2026,1
PARÇA,SAFARI MONTAGEM,SP,Guarulhos,2026-03-07,2026-03,2026,1
PARÇA,SAFARI MONTAGEM,SP,Guarulhos,2026-03-09,2026-03,2026,1
PARÇA,SAFARI MONTAGEM,SP,Guarulhos,2026-03-13,2026-03,2026,3
PARÇA,SAFARI MONTAGEM,SP,Guarulhos,2026-03-14,2026-03,2026,3
PARÇA,SAFARI MONTAGEM,SP,Guarulhos,2026-03-17,2026-03,2026,7
PARÇA,SAFARI MONTAGEM,SP,Guarulhos,2026-03-18,2026-03,2026,2
PARÇA,SAFARI MONTAGEM,SP,Guarulhos,2026-03-21,2026-03,2026,10
PARÇA,SAFARI MONTAGEM,SP,Guarulhos,2026-03-25,2026-03,2026,12
PARÇA,SAFARI MONTAGEM,SP,Guarulhos,2026-03-27,2026-03,2026,1
PARÇA,SAFARI MONTAGEM,SP,Guarulhos,2026-03-28,2026-03,2026,3
PARÇA,SAFARI MONTAGEM,SP,Guarulhos,2026-03-31,2026-03,2026,5
PARÇA,SAFARI MONTAGEM,SP,Guarulhos,2026-04-01,2026-04,2026,3
PARÇA,SAFARI MONTAGEM,SP,Guarulhos,2026-04-02,2026-04,2026,1
PARÇA,SAFARI MONTAGEM,SP,Guarulhos,2026-04-04,2026-04,2026,7
PARÇA,SAFARI MONTAGEM,SP,Guarulhos,2026-04-06,2026-04,2026,1
PARÇA,SAFARI MONTAGEM,SP,Guarulhos,2026-04-08,2026-04,2026,8
PARÇA,SAFARI MONTAGEM,SP,Guarulhos,2026-04-11,2026-04,2026,3
PARÇA,SAFARI MONTAGEM,SP,Guarulhos,2026-04-15,2026-04,2026,5
PARÇA,SAFARI MONTAGEM,SP,Guarulhos,2026-04-20,2026-04,2026,6
PARÇA,SAFARI MONTAGEM,SP,Guarulhos,2026-04-29,2026-04,2026,9
PARÇA,SAFARI MONTAGEM,SP,Guarulhos,2026-05-01,2026-05,2026,7
PARÇA,SAFARI MONTAGEM,SP,Guarulhos,2026-05-04,2026-05,2026,7
PARÇA,SAFARI MONTAGEM,SP,Guarulhos,2026-05-09,2026-05,2026,11
PARÇA,SAFARI MONTAGEM,SP,Guarulhos,2026-05-11,2026-05,2026,2
PARÇA,SAFARI MONTAGEM,SP,Guarulhos,2026-05-16,2026-05,2026,6
PARÇA,SAFARI MONTAGEM,SP,Guarulhos,2026-05-22,2026-05,2026,10
PARÇA,SAFARI MONTAGEM,SP,Guarulhos,2026-05-25,2026-05,2026,1
PARÇA,SAFARI MONTAGEM,SP,Guarulhos,2026-05-27,2026-05,2026,10
PARÇA,SAFARI MONTAGEM,SP,Guarulhos,2026-05-28,2026-05,2026,1
PARÇA,SAFARI MONTAGEM,SP,Guarulhos,2026-06-03,2026-06,2026,8
PARÇA,SAFARI MONTAGEM,SP,Guarulhos,2026-06-05,2026-06,2026,1
PARÇA,SAFARI MONTAGEM,SP,Guarulhos,2026-06-06,2026-06,2026,3
PARÇA,SAFARI MONTAGEM,SP,Guarulhos,2026-06-10,2026-06,2026,9
PARÇA,SAFARI MONTAGEM,SP,Guarulhos,2026-06-11,2026-06,2026,1
PARÇA,SAFARI MONTAGEM,SP,Guarulhos,2026-06-13,2026-06,2026,6
PARÇA,SAFARI MONTAGEM,SP,Guarulhos,2026-06-15,2026-06,2026,1
PARÇA,SAFARI MONTAGEM,SP,Guarulhos,2026-06-20,2026-06,2026,9
PARÇA,SAFARI MONTAGEM,SP,Guarulhos,2026-06-26,2026-06,2026,1
PARÇA,SAFARI MONTAGEM,SP,Guarulhos,2026-06-29,2026-06,2026,16
PARÇA,SAFARI MONTAGEM,SP,Guarulhos,2026-07-04,2026-07,2026,6
PARÇA,SAFARI MONTAGEM,SP,Guarulhos,2026-07-06,2026-07,2026,1
PARÇA,SAFARI MONTAGEM,SP,Guarulhos,2026-07-13,2026-07,2026,9
PARÇA,SAFARI MONTAGEM,SP,Guarulhos,2026-07-14,2026-07,2026,2
PARÇA,SAFARI MONTAGEM,SP,Guarulhos,2026-07-16,2026-07,2026,1
PARÇA,SAFARI MONTAGEM,SP,Guarulhos,2026-07-17,2026-07,2026,4
PARÇA,SAFARI MONTAGEM,SP,Guarulhos,2026-07-20,2026-07,2026,1
PARÇA,SAFARI MONTAGEM,SP,Guarulhos,2026-07-22,2026-07,2026,7
PARÇA,SAFARI MONTAGEM,SP,Guarulhos,2026-07-27,2026-07,2026,6
PARÇA,SAFARI MONTAGEM,SP,Itanhaem,2026-01-14,2026-01,2026,3
PARÇA,SAFARI MONTAGEM,SP,Itanhaem,2026-02-19,2026-02,2026,1
PARÇA,SAFARI MONTAGEM,SP,Itanhaem,2026-04-13,2026-04,2026,1
PARÇA,SAFARI MONTAGEM,SP,Itanhaem,2026-04-24,2026-04,2026,1
PARÇA,SAFARI MONTAGEM,SP,Itanhaem,2026-04-25,2026-04,2026,2
PARÇA,SAFARI MONTAGEM,SP,Itanhaem,2026-05-19,2026-05,2026,1
PARÇA,SAFARI MONTAGEM,SP,Itanhaem,2026-06-16,2026-06,2026,3
PARÇA,SAFARI MONTAGEM,SP,Itanhaem,2026-06-17,2026-06,2026,1
PARÇA,SAFARI MONTAGEM,SP,Itanhaem,2026-07-02,2026-07,2026,4
PARÇA,SAFARI MONTAGEM,SP,Itanhaem,2026-07-09,2026-07,2026,1
PARÇA,SAFARI MONTAGEM,SP,Itanhaem,2026-07-24,2026-07,2026,1
PARÇA,SAFARI MONTAGEM,SP,Itapecerica da Serra,2026-01-09,2026-01,2026,3
PARÇA,SAFARI MONTAGEM,SP,Itapecerica da Serra,2026-01-14,2026-01,2026,2
PARÇA,SAFARI MONTAGEM,SP,Itapecerica da Serra,2026-01-26,2026-01,2026,1
PARÇA,SAFARI MONTAGEM,SP,Itapecerica da Serra,2026-01-28,2026-01,2026,3
PARÇA,SAFARI MONTAGEM,SP,Itapecerica da Serra,2026-02-06,2026-02,2026,3
PARÇA,SAFARI MONTAGEM,SP,Itapecerica da Serra,2026-02-12,2026-02,2026,3
PARÇA,SAFARI MONTAGEM,SP,Itapecerica da Serra,2026-02-25,2026-02,2026,3
PARÇA,SAFARI MONTAGEM,SP,Itapecerica da Serra,2026-03-11,2026-03,2026,1
PARÇA,SAFARI MONTAGEM,SP,Itapecerica da Serra,2026-03-19,2026-03,2026,2
PARÇA,SAFARI MONTAGEM,SP,Itapecerica da Serra,2026-03-26,2026-03,2026,1
PARÇA,SAFARI MONTAGEM,SP,Itapecerica da Serra,2026-04-01,2026-04,2026,2
PARÇA,SAFARI MONTAGEM,SP,Itapecerica da Serra,2026-04-09,2026-04,2026,2
PARÇA,SAFARI MONTAGEM,SP,Itapecerica da Serra,2026-04-14,2026-04,2026,4
PARÇA,SAFARI MONTAGEM,SP,Itapecerica da Serra,2026-04-29,2026-04,2026,1
PARÇA,SAFARI MONTAGEM,SP,Itapecerica da Serra,2026-05-05,2026-05,2026,1
PARÇA,SAFARI MONTAGEM,SP,Itapecerica da Serra,2026-06-10,2026-06,2026,1
PARÇA,SAFARI MONTAGEM,SP,Itapecerica da Serra,2026-06-17,2026-06,2026,3
PARÇA,SAFARI MONTAGEM,SP,Itapecerica da Serra,2026-06-29,2026-06,2026,4
PARÇA,SAFARI MONTAGEM,SP,Itapecerica da Serra,2026-07-23,2026-07,2026,2
PARÇA,SAFARI MONTAGEM,SP,Itapevi,2026-01-08,2026-01,2026,2
PARÇA,SAFARI MONTAGEM,SP,Itapevi,2026-01-12,2026-01,2026,1
PARÇA,SAFARI MONTAGEM,SP,Itapevi,2026-01-16,2026-01,2026,1
PARÇA,SAFARI MONTAGEM,SP,Itapevi,2026-01-20,2026-01,2026,1
PARÇA,SAFARI MONTAGEM,SP,Itapevi,2026-02-03,2026-02,2026,5
PARÇA,SAFARI MONTAGEM,SP,Itapevi,2026-02-10,2026-02,2026,2
PARÇA,SAFARI MONTAGEM,SP,Itapevi,2026-02-11,2026-02,2026,1
PARÇA,SAFARI MONTAGEM,SP,Itapevi,2026-02-19,2026-02,2026,2
PARÇA,SAFARI MONTAGEM,SP,Itapevi,2026-02-24,2026-02,2026,3
PARÇA,SAFARI MONTAGEM,SP,Itapevi,2026-02-27,2026-02,2026,1
PARÇA,SAFARI MONTAGEM,SP,Itapevi,2026-03-03,2026-03,2026,1
PARÇA,SAFARI MONTAGEM,SP,Itapevi,2026-03-04,2026-03,2026,1
PARÇA,SAFARI MONTAGEM,SP,Itapevi,2026-03-05,2026-03,2026,2
PARÇA,SAFARI MONTAGEM,SP,Itapevi,2026-03-10,2026-03,2026,1
PARÇA,SAFARI MONTAGEM,SP,Itapevi,2026-03-11,2026-03,2026,1
PARÇA,SAFARI MONTAGEM,SP,Itapevi,2026-03-18,2026-03,2026,1
PARÇA,SAFARI MONTAGEM,SP,Itapevi,2026-03-27,2026-03,2026,3
PARÇA,SAFARI MONTAGEM,SP,Itapevi,2026-04-02,2026-04,2026,4
PARÇA,SAFARI MONTAGEM,SP,Itapevi,2026-04-08,2026-04,2026,2
PARÇA,SAFARI MONTAGEM,SP,Itapevi,2026-04-13,2026-04,2026,1
PARÇA,SAFARI MONTAGEM,SP,Itapevi,2026-04-16,2026-04,2026,1
PARÇA,SAFARI MONTAGEM,SP,Itapevi,2026-04-22,2026-04,2026,1
PARÇA,SAFARI MONTAGEM,SP,Itapevi,2026-04-23,2026-04,2026,3
PARÇA,SAFARI MONTAGEM,SP,Itapevi,2026-04-28,2026-04,2026,1
PARÇA,SAFARI MONTAGEM,SP,Itapevi,2026-04-30,2026-04,2026,2
PARÇA,SAFARI MONTAGEM,SP,Itapevi,2026-05-06,2026-05,2026,1
PARÇA,SAFARI MONTAGEM,SP,Itapevi,2026-06-08,2026-06,2026,1
PARÇA,SAFARI MONTAGEM,SP,Itapevi,2026-06-16,2026-06,2026,2
PARÇA,SAFARI MONTAGEM,SP,Itapevi,2026-06-23,2026-06,2026,2
PARÇA,SAFARI MONTAGEM,SP,Itapevi,2026-06-30,2026-06,2026,3
PARÇA,SAFARI MONTAGEM,SP,Itapevi,2026-07-09,2026-07,2026,4
PARÇA,SAFARI MONTAGEM,SP,Itapevi,2026-07-14,2026-07,2026,1
PARÇA,SAFARI MONTAGEM,SP,Itapevi,2026-07-15,2026-07,2026,1
PARÇA,SAFARI MONTAGEM,SP,Itapevi,2026-07-20,2026-07,2026,2
PARÇA,SAFARI MONTAGEM,SP,Itapevi,2026-07-21,2026-07,2026,1
PARÇA,SAFARI MONTAGEM,SP,Itapevi,2026-07-24,2026-07,2026,5
PARÇA,SAFARI MONTAGEM,SP,Itaquaquecetuba,2026-01-10,2026-01,2026,3
PARÇA,SAFARI MONTAGEM,SP,Itaquaquecetuba,2026-01-15,2026-01,2026,2
PARÇA,SAFARI MONTAGEM,SP,Itaquaquecetuba,2026-01-22,2026-01,2026,2
PARÇA,SAFARI MONTAGEM,SP,Itaquaquecetuba,2026-01-26,2026-01,2026,1
PARÇA,SAFARI MONTAGEM,SP,Itaquaquecetuba,2026-02-06,2026-02,2026,3
PARÇA,SAFARI MONTAGEM,SP,Itaquaquecetuba,2026-02-09,2026-02,2026,3
PARÇA,SAFARI MONTAGEM,SP,Itaquaquecetuba,2026-02-21,2026-02,2026,8
PARÇA,SAFARI MONTAGEM,SP,Itaquaquecetuba,2026-03-03,2026-03,2026,3
PARÇA,SAFARI MONTAGEM,SP,Itaquaquecetuba,2026-03-05,2026-03,2026,1
PARÇA,SAFARI MONTAGEM,SP,Itaquaquecetuba,2026-03-06,2026-03,2026,1
PARÇA,SAFARI MONTAGEM,SP,Itaquaquecetuba,2026-03-12,2026-03,2026,2
PARÇA,SAFARI MONTAGEM,SP,Itaquaquecetuba,2026-03-18,2026-03,2026,4
PARÇA,SAFARI MONTAGEM,SP,Itaquaquecetuba,2026-03-24,2026-03,2026,3
PARÇA,SAFARI MONTAGEM,SP,Itaquaquecetuba,2026-03-27,2026-03,2026,1
PARÇA,SAFARI MONTAGEM,SP,Itaquaquecetuba,2026-03-31,2026-03,2026,2
PARÇA,SAFARI MONTAGEM,SP,Itaquaquecetuba,2026-04-14,2026-04,2026,6
PARÇA,SAFARI MONTAGEM,SP,Itaquaquecetuba,2026-04-24,2026-04,2026,1
PARÇA,SAFARI MONTAGEM,SP,Itaquaquecetuba,2026-04-25,2026-04,2026,2
PARÇA,SAFARI MONTAGEM,SP,Itaquaquecetuba,2026-05-02,2026-05,2026,2
PARÇA,SAFARI MONTAGEM,SP,Itaquaquecetuba,2026-05-04,2026-05,2026,1
PARÇA,SAFARI MONTAGEM,SP,Itaquaquecetuba,2026-05-11,2026-05,2026,2
PARÇA,SAFARI MONTAGEM,SP,Itaquaquecetuba,2026-05-22,2026-05,2026,3
PARÇA,SAFARI MONTAGEM,SP,Itaquaquecetuba,2026-06-01,2026-06,2026,4
PARÇA,SAFARI MONTAGEM,SP,Itaquaquecetuba,2026-06-12,2026-06,2026,6
PARÇA,SAFARI MONTAGEM,SP,Itaquaquecetuba,2026-06-19,2026-06,2026,5
PARÇA,SAFARI MONTAGEM,SP,Itaquaquecetuba,2026-06-27,2026-06,2026,1
PARÇA,SAFARI MONTAGEM,SP,Itaquaquecetuba,2026-06-29,2026-06,2026,1
PARÇA,SAFARI MONTAGEM,SP,Itaquaquecetuba,2026-07-09,2026-07,2026,2
PARÇA,SAFARI MONTAGEM,SP,Itaquaquecetuba,2026-07-16,2026-07,2026,1
PARÇA,SAFARI MONTAGEM,SP,Itaquaquecetuba,2026-07-18,2026-07,2026,1
PARÇA,SAFARI MONTAGEM,SP,Itaquaquecetuba,2026-07-21,2026-07,2026,1
PARÇA,SAFARI MONTAGEM,SP,Itaquaquecetuba,2026-07-24,2026-07,2026,3
PARÇA,SAFARI MONTAGEM,SP,Itariri,2026-01-14,2026-01,2026,1
PARÇA,SAFARI MONTAGEM,SP,Itariri,2026-01-30,2026-01,2026,2
PARÇA,SAFARI MONTAGEM,SP,Itariri,2026-03-17,2026-03,2026,2
PARÇA,SAFARI MONTAGEM,SP,Itariri,2026-04-13,2026-04,2026,2
PARÇA,SAFARI MONTAGEM,SP,Itariri,2026-05-05,2026-05,2026,2
PARÇA,SAFARI MONTAGEM,SP,Itariri,2026-06-18,2026-06,2026,1
PARÇA,SAFARI MONTAGEM,SP,Itariri,2026-07-02,2026-07,2026,1
PARÇA,SAFARI MONTAGEM,SP,Jacarei,2026-01-26,2026-01,2026,2
PARÇA,SAFARI MONTAGEM,SP,Jacarei,2026-02-02,2026-02,2026,4
PARÇA,SAFARI MONTAGEM,SP,Jacarei,2026-02-09,2026-02,2026,2
PARÇA,SAFARI MONTAGEM,SP,Jacarei,2026-02-19,2026-02,2026,3
PARÇA,SAFARI MONTAGEM,SP,Jacarei,2026-02-26,2026-02,2026,1
PARÇA,SAFARI MONTAGEM,SP,Jacarei,2026-03-03,2026-03,2026,1
PARÇA,SAFARI MONTAGEM,SP,Jacarei,2026-03-16,2026-03,2026,6
PARÇA,SAFARI MONTAGEM,SP,Jacarei,2026-03-23,2026-03,2026,2
PARÇA,SAFARI MONTAGEM,SP,Jacarei,2026-04-06,2026-04,2026,2
PARÇA,SAFARI MONTAGEM,SP,Jacarei,2026-04-13,2026-04,2026,2
PARÇA,SAFARI MONTAGEM,SP,Jacarei,2026-04-20,2026-04,2026,1
PARÇA,SAFARI MONTAGEM,SP,Jacarei,2026-04-21,2026-04,2026,1
PARÇA,SAFARI MONTAGEM,SP,Jacarei,2026-04-30,2026-04,2026,1
PARÇA,SAFARI MONTAGEM,SP,Jacarei,2026-05-13,2026-05,2026,1
PARÇA,SAFARI MONTAGEM,SP,Jacarei,2026-05-15,2026-05,2026,2
PARÇA,SAFARI MONTAGEM,SP,Jacarei,2026-05-21,2026-05,2026,3
PARÇA,SAFARI MONTAGEM,SP,Jacarei,2026-06-02,2026-06,2026,4
PARÇA,SAFARI MONTAGEM,SP,Jacarei,2026-06-11,2026-06,2026,1
PARÇA,SAFARI MONTAGEM,SP,Jacarei,2026-06-18,2026-06,2026,3
PARÇA,SAFARI MONTAGEM,SP,Jacarei,2026-06-25,2026-06,2026,2
PARÇA,SAFARI MONTAGEM,SP,Jacarei,2026-07-03,2026-07,2026,1
PARÇA,SAFARI MONTAGEM,SP,Jacarei,2026-07-06,2026-07,2026,2
PARÇA,SAFARI MONTAGEM,SP,Jacarei,2026-07-14,2026-07,2026,1
PARÇA,SAFARI MONTAGEM,SP,Jacarei,2026-07-16,2026-07,2026,1
PARÇA,SAFARI MONTAGEM,SP,Jacarei,2026-07-20,2026-07,2026,3
PARÇA,SAFARI MONTAGEM,SP,Jacarei,2026-07-27,2026-07,2026,3
PARÇA,SAFARI MONTAGEM,SP,Jandira,2026-01-05,2026-01,2026,2
PARÇA,SAFARI MONTAGEM,SP,Jandira,2026-01-08,2026-01,2026,2
PARÇA,SAFARI MONTAGEM,SP,Jandira,2026-01-12,2026-01,2026,1
PARÇA,SAFARI MONTAGEM,SP,Jandira,2026-01-21,2026-01,2026,3
PARÇA,SAFARI MONTAGEM,SP,Jandira,2026-02-19,2026-02,2026,1
PARÇA,SAFARI MONTAGEM,SP,Jandira,2026-03-13,2026-03,2026,3
PARÇA,SAFARI MONTAGEM,SP,Jandira,2026-03-18,2026-03,2026,1
PARÇA,SAFARI MONTAGEM,SP,Jandira,2026-03-31,2026-03,2026,1
PARÇA,SAFARI MONTAGEM,SP,Jandira,2026-04-07,2026-04,2026,1
PARÇA,SAFARI MONTAGEM,SP,Jandira,2026-04-13,2026-04,2026,2
PARÇA,SAFARI MONTAGEM,SP,Jandira,2026-04-16,2026-04,2026,3
PARÇA,SAFARI MONTAGEM,SP,Jandira,2026-04-23,2026-04,2026,1
PARÇA,SAFARI MONTAGEM,SP,Jandira,2026-04-28,2026-04,2026,1
PARÇA,SAFARI MONTAGEM,SP,Jandira,2026-06-08,2026-06,2026,4
PARÇA,SAFARI MONTAGEM,SP,Jandira,2026-06-30,2026-06,2026,1
PARÇA,SAFARI MONTAGEM,SP,Jandira,2026-07-15,2026-07,2026,1
PARÇA,SAFARI MONTAGEM,SP,Jandira,2026-07-20,2026-07,2026,3
PARÇA,SAFARI MONTAGEM,SP,Jandira,2026-07-21,2026-07,2026,1
PARÇA,SAFARI MONTAGEM,SP,Jandira,2026-07-24,2026-07,2026,2
PARÇA,SAFARI MONTAGEM,SP,Juquitiba,2026-02-12,2026-02,2026,1
PARÇA,SAFARI MONTAGEM,SP,Juquitiba,2026-03-11,2026-03,2026,3
PARÇA,SAFARI MONTAGEM,SP,Mairipora,2026-01-20,2026-01,2026,1
PARÇA,SAFARI MONTAGEM,SP,Mairipora,2026-01-21,2026-01,2026,1
PARÇA,SAFARI MONTAGEM,SP,Mairipora,2026-02-04,2026-02,2026,2
PARÇA,SAFARI MONTAGEM,SP,Mairipora,2026-02-07,2026-02,2026,1
PARÇA,SAFARI MONTAGEM,SP,Mairipora,2026-03-05,2026-03,2026,4
PARÇA,SAFARI MONTAGEM,SP,Mairipora,2026-03-06,2026-03,2026,1
PARÇA,SAFARI MONTAGEM,SP,Mairipora,2026-03-27,2026-03,2026,2
PARÇA,SAFARI MONTAGEM,SP,Mairipora,2026-04-13,2026-04,2026,3
PARÇA,SAFARI MONTAGEM,SP,Mairipora,2026-04-20,2026-04,2026,1
PARÇA,SAFARI MONTAGEM,SP,Mairipora,2026-05-20,2026-05,2026,5
PARÇA,SAFARI MONTAGEM,SP,Mairipora,2026-06-15,2026-06,2026,1
PARÇA,SAFARI MONTAGEM,SP,Mairipora,2026-06-26,2026-06,2026,1
PARÇA,SAFARI MONTAGEM,SP,Mairipora,2026-07-28,2026-07,2026,1
PARÇA,SAFARI MONTAGEM,SP,Maua,2026-01-02,2026-01,2026,4
PARÇA,SAFARI MONTAGEM,SP,Maua,2026-01-13,2026-01,2026,4
PARÇA,SAFARI MONTAGEM,SP,Maua,2026-01-19,2026-01,2026,1
PARÇA,SAFARI MONTAGEM,SP,Maua,2026-01-27,2026-01,2026,5
PARÇA,SAFARI MONTAGEM,SP,Maua,2026-01-28,2026-01,2026,1
PARÇA,SAFARI MONTAGEM,SP,Maua,2026-02-02,2026-02,2026,1
PARÇA,SAFARI MONTAGEM,SP,Maua,2026-02-06,2026-02,2026,6
PARÇA,SAFARI MONTAGEM,SP,Maua,2026-02-10,2026-02,2026,2
PARÇA,SAFARI MONTAGEM,SP,Maua,2026-02-19,2026-02,2026,3
PARÇA,SAFARI MONTAGEM,SP,Maua,2026-03-03,2026-03,2026,5
PARÇA,SAFARI MONTAGEM,SP,Maua,2026-03-16,2026-03,2026,4
PARÇA,SAFARI MONTAGEM,SP,Maua,2026-03-19,2026-03,2026,2
PARÇA,SAFARI MONTAGEM,SP,Maua,2026-03-28,2026-03,2026,2
PARÇA,SAFARI MONTAGEM,SP,Maua,2026-03-30,2026-03,2026,4
PARÇA,SAFARI MONTAGEM,SP,Maua,2026-04-07,2026-04,2026,4
PARÇA,SAFARI MONTAGEM,SP,Maua,2026-04-14,2026-04,2026,2
PARÇA,SAFARI MONTAGEM,SP,Maua,2026-04-15,2026-04,2026,1
PARÇA,SAFARI MONTAGEM,SP,Maua,2026-04-23,2026-04,2026,5
PARÇA,SAFARI MONTAGEM,SP,Maua,2026-04-28,2026-04,2026,3
PARÇA,SAFARI MONTAGEM,SP,Maua,2026-05-07,2026-05,2026,5
PARÇA,SAFARI MONTAGEM,SP,Maua,2026-05-12,2026-05,2026,3
PARÇA,SAFARI MONTAGEM,SP,Maua,2026-05-28,2026-05,2026,8
PARÇA,SAFARI MONTAGEM,SP,Maua,2026-05-29,2026-05,2026,1
PARÇA,SAFARI MONTAGEM,SP,Maua,2026-06-08,2026-06,2026,3
PARÇA,SAFARI MONTAGEM,SP,Maua,2026-06-11,2026-06,2026,3
PARÇA,SAFARI MONTAGEM,SP,Maua,2026-06-15,2026-06,2026,1
PARÇA,SAFARI MONTAGEM,SP,Maua,2026-06-16,2026-06,2026,7
PARÇA,SAFARI MONTAGEM,SP,Maua,2026-06-18,2026-06,2026,1
PARÇA,SAFARI MONTAGEM,SP,Maua,2026-06-20,2026-06,2026,4
PARÇA,SAFARI MONTAGEM,SP,Maua,2026-06-30,2026-06,2026,6
PARÇA,SAFARI MONTAGEM,SP,Maua,2026-07-03,2026-07,2026,2
PARÇA,SAFARI MONTAGEM,SP,Maua,2026-07-06,2026-07,2026,3
PARÇA,SAFARI MONTAGEM,SP,Maua,2026-07-16,2026-07,2026,3
PARÇA,SAFARI MONTAGEM,SP,Maua,2026-07-25,2026-07,2026,2
PARÇA,SAFARI MONTAGEM,SP,Maua,2026-07-28,2026-07,2026,1
PARÇA,SAFARI MONTAGEM,SP,Mogi das Cruzes,2026-01-12,2026-01,2026,1
PARÇA,SAFARI MONTAGEM,SP,Mogi das Cruzes,2026-01-13,2026-01,2026,4
PARÇA,SAFARI MONTAGEM,SP,Mogi das Cruzes,2026-01-22,2026-01,2026,3
PARÇA,SAFARI MONTAGEM,SP,Mogi das Cruzes,2026-01-29,2026-01,2026,5
PARÇA,SAFARI MONTAGEM,SP,Mogi das Cruzes,2026-01-30,2026-01,2026,1
PARÇA,SAFARI MONTAGEM,SP,Mogi das Cruzes,2026-02-02,2026-02,2026,3
PARÇA,SAFARI MONTAGEM,SP,Mogi das Cruzes,2026-02-06,2026-02,2026,2
PARÇA,SAFARI MONTAGEM,SP,Mogi das Cruzes,2026-02-14,2026-02,2026,2
PARÇA,SAFARI MONTAGEM,SP,Mogi das Cruzes,2026-02-16,2026-02,2026,1
PARÇA,SAFARI MONTAGEM,SP,Mogi das Cruzes,2026-02-21,2026-02,2026,4
PARÇA,SAFARI MONTAGEM,SP,Mogi das Cruzes,2026-02-23,2026-02,2026,1
PARÇA,SAFARI MONTAGEM,SP,Mogi das Cruzes,2026-03-03,2026-03,2026,6
PARÇA,SAFARI MONTAGEM,SP,Mogi das Cruzes,2026-03-09,2026-03,2026,4
PARÇA,SAFARI MONTAGEM,SP,Mogi das Cruzes,2026-03-10,2026-03,2026,1
PARÇA,SAFARI MONTAGEM,SP,Mogi das Cruzes,2026-04-02,2026-04,2026,5
PARÇA,SAFARI MONTAGEM,SP,Mogi das Cruzes,2026-04-03,2026-04,2026,2
PARÇA,SAFARI MONTAGEM,SP,Mogi das Cruzes,2026-04-04,2026-04,2026,1
PARÇA,SAFARI MONTAGEM,SP,Mogi das Cruzes,2026-04-07,2026-04,2026,8
PARÇA,SAFARI MONTAGEM,SP,Mogi das Cruzes,2026-04-17,2026-04,2026,3
PARÇA,SAFARI MONTAGEM,SP,Mogi das Cruzes,2026-04-25,2026-04,2026,2
PARÇA,SAFARI MONTAGEM,SP,Mogi das Cruzes,2026-05-06,2026-05,2026,6
PARÇA,SAFARI MONTAGEM,SP,Mogi das Cruzes,2026-05-12,2026-05,2026,1
PARÇA,SAFARI MONTAGEM,SP,Mogi das Cruzes,2026-05-13,2026-05,2026,3
PARÇA,SAFARI MONTAGEM,SP,Mogi das Cruzes,2026-05-19,2026-05,2026,5
PARÇA,SAFARI MONTAGEM,SP,Mogi das Cruzes,2026-05-27,2026-05,2026,9
PARÇA,SAFARI MONTAGEM,SP,Mogi das Cruzes,2026-05-30,2026-05,2026,2
PARÇA,SAFARI MONTAGEM,SP,Mogi das Cruzes,2026-06-01,2026-06,2026,1
PARÇA,SAFARI MONTAGEM,SP,Mogi das Cruzes,2026-06-05,2026-06,2026,2
PARÇA,SAFARI MONTAGEM,SP,Mogi das Cruzes,2026-06-15,2026-06,2026,2
PARÇA,SAFARI MONTAGEM,SP,Mogi das Cruzes,2026-06-24,2026-06,2026,2
PARÇA,SAFARI MONTAGEM,SP,Mogi das Cruzes,2026-07-04,2026-07,2026,5
PARÇA,SAFARI MONTAGEM,SP,Mogi das Cruzes,2026-07-15,2026-07,2026,5
PARÇA,SAFARI MONTAGEM,SP,Mogi das Cruzes,2026-07-20,2026-07,2026,6
PARÇA,SAFARI MONTAGEM,SP,Mogi das Cruzes,2026-07-25,2026-07,2026,1
PARÇA,SAFARI MONTAGEM,SP,Mogi das Cruzes,2026-07-27,2026-07,2026,1
PARÇA,SAFARI MONTAGEM,SP,Mongagua,2026-01-28,2026-01,2026,1
PARÇA,SAFARI MONTAGEM,SP,Mongagua,2026-03-10,2026-03,2026,1
PARÇA,SAFARI MONTAGEM,SP,Mongagua,2026-03-17,2026-03,2026,3
PARÇA,SAFARI MONTAGEM,SP,Mongagua,2026-04-14,2026-04,2026,1
PARÇA,SAFARI MONTAGEM,SP,Mongagua,2026-05-05,2026-05,2026,2
PARÇA,SAFARI MONTAGEM,SP,Mongagua,2026-05-19,2026-05,2026,2
PARÇA,SAFARI MONTAGEM,SP,Mongagua,2026-06-16,2026-06,2026,1
PARÇA,SAFARI MONTAGEM,SP,Mongagua,2026-07-02,2026-07,2026,2
PARÇA,SAFARI MONTAGEM,SP,Mongagua,2026-07-24,2026-07,2026,1
PARÇA,SAFARI MONTAGEM,SP,Osasco,2026-01-02,2026-01,2026,1
PARÇA,SAFARI MONTAGEM,SP,Osasco,2026-01-06,2026-01,2026,1
PARÇA,SAFARI MONTAGEM,SP,Osasco,2026-01-07,2026-01,2026,1
PARÇA,SAFARI MONTAGEM,SP,Osasco,2026-01-08,2026-01,2026,2
PARÇA,SAFARI MONTAGEM,SP,Osasco,2026-01-12,2026-01,2026,3
PARÇA,SAFARI MONTAGEM,SP,Osasco,2026-01-14,2026-01,2026,7
PARÇA,SAFARI MONTAGEM,SP,Osasco,2026-01-16,2026-01,2026,2
PARÇA,SAFARI MONTAGEM,SP,Osasco,2026-01-20,2026-01,2026,6
PARÇA,SAFARI MONTAGEM,SP,Osasco,2026-01-21,2026-01,2026,2
PARÇA,SAFARI MONTAGEM,SP,Osasco,2026-01-27,2026-01,2026,1
PARÇA,SAFARI MONTAGEM,SP,Osasco,2026-01-29,2026-01,2026,1
PARÇA,SAFARI MONTAGEM,SP,Osasco,2026-01-30,2026-01,2026,1
PARÇA,SAFARI MONTAGEM,SP,Osasco,2026-02-03,2026-02,2026,4
PARÇA,SAFARI MONTAGEM,SP,Osasco,2026-02-05,2026-02,2026,1
PARÇA,SAFARI MONTAGEM,SP,Osasco,2026-02-06,2026-02,2026,1
PARÇA,SAFARI MONTAGEM,SP,Osasco,2026-02-11,2026-02,2026,6
PARÇA,SAFARI MONTAGEM,SP,Osasco,2026-02-12,2026-02,2026,6
PARÇA,SAFARI MONTAGEM,SP,Osasco,2026-02-13,2026-02,2026,1
PARÇA,SAFARI MONTAGEM,SP,Osasco,2026-02-17,2026-02,2026,1
PARÇA,SAFARI MONTAGEM,SP,Osasco,2026-02-18,2026-02,2026,1
PARÇA,SAFARI MONTAGEM,SP,Osasco,2026-02-23,2026-02,2026,1
PARÇA,SAFARI MONTAGEM,SP,Osasco,2026-02-24,2026-02,2026,5
PARÇA,SAFARI MONTAGEM,SP,Osasco,2026-02-25,2026-02,2026,1
PARÇA,SAFARI MONTAGEM,SP,Osasco,2026-03-02,2026-03,2026,2
PARÇA,SAFARI MONTAGEM,SP,Osasco,2026-03-06,2026-03,2026,5
PARÇA,SAFARI MONTAGEM,SP,Osasco,2026-03-07,2026-03,2026,1
PARÇA,SAFARI MONTAGEM,SP,Osasco,2026-03-09,2026-03,2026,1
PARÇA,SAFARI MONTAGEM,SP,Osasco,2026-03-10,2026-03,2026,1
PARÇA,SAFARI MONTAGEM,SP,Osasco,2026-03-13,2026-03,2026,8
PARÇA,SAFARI MONTAGEM,SP,Osasco,2026-03-16,2026-03,2026,4
PARÇA,SAFARI MONTAGEM,SP,Osasco,2026-03-17,2026-03,2026,2
PARÇA,SAFARI MONTAGEM,SP,Osasco,2026-03-18,2026-03,2026,3
PARÇA,SAFARI MONTAGEM,SP,Osasco,2026-03-21,2026-03,2026,1
PARÇA,SAFARI MONTAGEM,SP,Osasco,2026-03-24,2026-03,2026,3
PARÇA,SAFARI MONTAGEM,SP,Osasco,2026-03-25,2026-03,2026,1
PARÇA,SAFARI MONTAGEM,SP,Osasco,2026-03-26,2026-03,2026,2
PARÇA,SAFARI MONTAGEM,SP,Osasco,2026-03-27,2026-03,2026,1
PARÇA,SAFARI MONTAGEM,SP,Osasco,2026-03-31,2026-03,2026,8
PARÇA,SAFARI MONTAGEM,SP,Osasco,2026-04-06,2026-04,2026,3
PARÇA,SAFARI MONTAGEM,SP,Osasco,2026-04-08,2026-04,2026,1
PARÇA,SAFARI MONTAGEM,SP,Osasco,2026-04-13,2026-04,2026,3
PARÇA,SAFARI MONTAGEM,SP,Osasco,2026-04-16,2026-04,2026,4
PARÇA,SAFARI MONTAGEM,SP,Osasco,2026-04-22,2026-04,2026,2
PARÇA,SAFARI MONTAGEM,SP,Osasco,2026-04-23,2026-04,2026,3
PARÇA,SAFARI MONTAGEM,SP,Osasco,2026-04-28,2026-04,2026,1
PARÇA,SAFARI MONTAGEM,SP,Osasco,2026-05-05,2026-05,2026,7
PARÇA,SAFARI MONTAGEM,SP,Osasco,2026-05-11,2026-05,2026,1
PARÇA,SAFARI MONTAGEM,SP,Osasco,2026-05-12,2026-05,2026,1
PARÇA,SAFARI MONTAGEM,SP,Osasco,2026-05-15,2026-05,2026,1
PARÇA,SAFARI MONTAGEM,SP,Osasco,2026-05-28,2026-05,2026,1
PARÇA,SAFARI MONTAGEM,SP,Osasco,2026-05-29,2026-05,2026,5
PARÇA,SAFARI MONTAGEM,SP,Osasco,2026-06-02,2026-06,2026,18
PARÇA,SAFARI MONTAGEM,SP,Osasco,2026-06-05,2026-06,2026,2
PARÇA,SAFARI MONTAGEM,SP,Osasco,2026-06-08,2026-06,2026,4
PARÇA,SAFARI MONTAGEM,SP,Osasco,2026-06-11,2026-06,2026,5
PARÇA,SAFARI MONTAGEM,SP,Osasco,2026-06-16,2026-06,2026,4
PARÇA,SAFARI MONTAGEM,SP,Osasco,2026-06-18,2026-06,2026,5
PARÇA,SAFARI MONTAGEM,SP,Osasco,2026-06-22,2026-06,2026,2
PARÇA,SAFARI MONTAGEM,SP,Osasco,2026-06-23,2026-06,2026,2
PARÇA,SAFARI MONTAGEM,SP,Osasco,2026-06-24,2026-06,2026,1
PARÇA,SAFARI MONTAGEM,SP,Osasco,2026-06-25,2026-06,2026,6
PARÇA,SAFARI MONTAGEM,SP,Osasco,2026-06-30,2026-06,2026,2
PARÇA,SAFARI MONTAGEM,SP,Osasco,2026-07-03,2026-07,2026,1
PARÇA,SAFARI MONTAGEM,SP,Osasco,2026-07-08,2026-07,2026,5
PARÇA,SAFARI MONTAGEM,SP,Osasco,2026-07-09,2026-07,2026,1
PARÇA,SAFARI MONTAGEM,SP,Osasco,2026-07-13,2026-07,2026,1
PARÇA,SAFARI MONTAGEM,SP,Osasco,2026-07-14,2026-07,2026,5
PARÇA,SAFARI MONTAGEM,SP,Osasco,2026-07-15,2026-07,2026,5
PARÇA,SAFARI MONTAGEM,SP,Osasco,2026-07-20,2026-07,2026,4
PARÇA,SAFARI MONTAGEM,SP,Osasco,2026-07-21,2026-07,2026,1
PARÇA,SAFARI MONTAGEM,SP,Osasco,2026-07-24,2026-07,2026,6
PARÇA,SAFARI MONTAGEM,SP,Osasco,2026-07-28,2026-07,2026,1
PARÇA,SAFARI MONTAGEM,SP,Pardinho,2026-07-27,2026-07,2026,1
PARÇA,SAFARI MONTAGEM,SP,Peruibe,2026-03-10,2026-03,2026,1
PARÇA,SAFARI MONTAGEM,SP,Peruibe,2026-03-31,2026-03,2026,1
PARÇA,SAFARI MONTAGEM,SP,Poa,2026-01-10,2026-01,2026,2
PARÇA,SAFARI MONTAGEM,SP,Poa,2026-01-26,2026-01,2026,1
PARÇA,SAFARI MONTAGEM,SP,Poa,2026-01-29,2026-01,2026,1
PARÇA,SAFARI MONTAGEM,SP,Poa,2026-02-02,2026-02,2026,1
PARÇA,SAFARI MONTAGEM,SP,Poa,2026-02-09,2026-02,2026,1
PARÇA,SAFARI MONTAGEM,SP,Poa,2026-02-12,2026-02,2026,1
PARÇA,SAFARI MONTAGEM,SP,Poa,2026-02-21,2026-02,2026,1
PARÇA,SAFARI MONTAGEM,SP,Poa,2026-03-21,2026-03,2026,1
PARÇA,SAFARI MONTAGEM,SP,Poa,2026-04-04,2026-04,2026,2
PARÇA,SAFARI MONTAGEM,SP,Poa,2026-04-17,2026-04,2026,1
PARÇA,SAFARI MONTAGEM,SP,Poa,2026-04-22,2026-04,2026,1
PARÇA,SAFARI MONTAGEM,SP,Poa,2026-04-25,2026-04,2026,1
PARÇA,SAFARI MONTAGEM,SP,Poa,2026-05-06,2026-05,2026,1
PARÇA,SAFARI MONTAGEM,SP,Poa,2026-05-27,2026-05,2026,2
PARÇA,SAFARI MONTAGEM,SP,Poa,2026-05-30,2026-05,2026,1
PARÇA,SAFARI MONTAGEM,SP,Poa,2026-06-05,2026-06,2026,1
PARÇA,SAFARI MONTAGEM,SP,Poa,2026-06-15,2026-06,2026,1
PARÇA,SAFARI MONTAGEM,SP,Poa,2026-07-04,2026-07,2026,2
PARÇA,SAFARI MONTAGEM,SP,Poa,2026-07-15,2026-07,2026,2
PARÇA,SAFARI MONTAGEM,SP,Poa,2026-07-27,2026-07,2026,1
PARÇA,SAFARI MONTAGEM,SP,Praia Grande,2026-01-06,2026-01,2026,4
PARÇA,SAFARI MONTAGEM,SP,Praia Grande,2026-01-14,2026-01,2026,3
PARÇA,SAFARI MONTAGEM,SP,Praia Grande,2026-01-20,2026-01,2026,4
PARÇA,SAFARI MONTAGEM,SP,Praia Grande,2026-01-21,2026-01,2026,1
PARÇA,SAFARI MONTAGEM,SP,Praia Grande,2026-01-22,2026-01,2026,4
PARÇA,SAFARI MONTAGEM,SP,Praia Grande,2026-01-23,2026-01,2026,1
PARÇA,SAFARI MONTAGEM,SP,Praia Grande,2026-01-29,2026-01,2026,1
PARÇA,SAFARI MONTAGEM,SP,Praia Grande,2026-01-30,2026-01,2026,3
PARÇA,SAFARI MONTAGEM,SP,Praia Grande,2026-02-03,2026-02,2026,1
PARÇA,SAFARI MONTAGEM,SP,Praia Grande,2026-02-04,2026-02,2026,1
PARÇA,SAFARI MONTAGEM,SP,Praia Grande,2026-02-05,2026-02,2026,1
PARÇA,SAFARI MONTAGEM,SP,Praia Grande,2026-02-12,2026-02,2026,5
PARÇA,SAFARI MONTAGEM,SP,Praia Grande,2026-02-19,2026-02,2026,3
PARÇA,SAFARI MONTAGEM,SP,Praia Grande,2026-02-24,2026-02,2026,2
PARÇA,SAFARI MONTAGEM,SP,Praia Grande,2026-03-02,2026-03,2026,3
PARÇA,SAFARI MONTAGEM,SP,Praia Grande,2026-03-03,2026-03,2026,2
PARÇA,SAFARI MONTAGEM,SP,Praia Grande,2026-03-09,2026-03,2026,1
PARÇA,SAFARI MONTAGEM,SP,Praia Grande,2026-03-10,2026-03,2026,6
PARÇA,SAFARI MONTAGEM,SP,Praia Grande,2026-03-11,2026-03,2026,1
PARÇA,SAFARI MONTAGEM,SP,Praia Grande,2026-03-17,2026-03,2026,1
PARÇA,SAFARI MONTAGEM,SP,Praia Grande,2026-03-24,2026-03,2026,4
PARÇA,SAFARI MONTAGEM,SP,Praia Grande,2026-03-26,2026-03,2026,1
PARÇA,SAFARI MONTAGEM,SP,Praia Grande,2026-03-30,2026-03,2026,1
PARÇA,SAFARI MONTAGEM,SP,Praia Grande,2026-04-07,2026-04,2026,5
PARÇA,SAFARI MONTAGEM,SP,Praia Grande,2026-04-13,2026-04,2026,3
PARÇA,SAFARI MONTAGEM,SP,Praia Grande,2026-04-16,2026-04,2026,3
PARÇA,SAFARI MONTAGEM,SP,Praia Grande,2026-04-27,2026-04,2026,3
PARÇA,SAFARI MONTAGEM,SP,Praia Grande,2026-05-05,2026-05,2026,9
PARÇA,SAFARI MONTAGEM,SP,Praia Grande,2026-05-07,2026-05,2026,1
PARÇA,SAFARI MONTAGEM,SP,Praia Grande,2026-05-19,2026-05,2026,7
PARÇA,SAFARI MONTAGEM,SP,Praia Grande,2026-05-21,2026-05,2026,1
PARÇA,SAFARI MONTAGEM,SP,Praia Grande,2026-06-02,2026-06,2026,8
PARÇA,SAFARI MONTAGEM,SP,Praia Grande,2026-06-09,2026-06,2026,4
PARÇA,SAFARI MONTAGEM,SP,Praia Grande,2026-06-15,2026-06,2026,1
PARÇA,SAFARI MONTAGEM,SP,Praia Grande,2026-06-23,2026-06,2026,6
PARÇA,SAFARI MONTAGEM,SP,Praia Grande,2026-07-07,2026-07,2026,7
PARÇA,SAFARI MONTAGEM,SP,Praia Grande,2026-07-08,2026-07,2026,1
PARÇA,SAFARI MONTAGEM,SP,Praia Grande,2026-07-14,2026-07,2026,8
PARÇA,SAFARI MONTAGEM,SP,Praia Grande,2026-07-16,2026-07,2026,2
PARÇA,SAFARI MONTAGEM,SP,Praia Grande,2026-07-17,2026-07,2026,4
PARÇA,SAFARI MONTAGEM,SP,Praia Grande,2026-07-18,2026-07,2026,1
PARÇA,SAFARI MONTAGEM,SP,Praia Grande,2026-07-21,2026-07,2026,5
PARÇA,SAFARI MONTAGEM,SP,Praia Grande,2026-07-28,2026-07,2026,2
PARÇA,SAFARI MONTAGEM,SP,Ribeirao Pires,2026-01-13,2026-01,2026,3
PARÇA,SAFARI MONTAGEM,SP,Ribeirao Pires,2026-02-19,2026-02,2026,4
PARÇA,SAFARI MONTAGEM,SP,Ribeirao Pires,2026-03-06,2026-03,2026,1
PARÇA,SAFARI MONTAGEM,SP,Ribeirao Pires,2026-03-12,2026-03,2026,1
PARÇA,SAFARI MONTAGEM,SP,Ribeirao Pires,2026-03-13,2026-03,2026,1
PARÇA,SAFARI MONTAGEM,SP,Ribeirao Pires,2026-03-27,2026-03,2026,2
PARÇA,SAFARI MONTAGEM,SP,Ribeirao Pires,2026-04-07,2026-04,2026,1
PARÇA,SAFARI MONTAGEM,SP,Ribeirao Pires,2026-05-16,2026-05,2026,5
PARÇA,SAFARI MONTAGEM,SP,Ribeirao Pires,2026-06-08,2026-06,2026,3
PARÇA,SAFARI MONTAGEM,SP,Ribeirao Pires,2026-06-11,2026-06,2026,3
PARÇA,SAFARI MONTAGEM,SP,Ribeirao Pires,2026-07-20,2026-07,2026,2
PARÇA,SAFARI MONTAGEM,SP,Ribeirao Pires,2026-07-25,2026-07,2026,2
PARÇA,SAFARI MONTAGEM,SP,Rio Grande da Serra,2026-01-27,2026-01,2026,1
PARÇA,SAFARI MONTAGEM,SP,Rio Grande da Serra,2026-02-10,2026-02,2026,1
PARÇA,SAFARI MONTAGEM,SP,Rio Grande da Serra,2026-03-19,2026-03,2026,1
PARÇA,SAFARI MONTAGEM,SP,Rio Grande da Serra,2026-03-28,2026-03,2026,1
PARÇA,SAFARI MONTAGEM,SP,Rio Grande da Serra,2026-06-20,2026-06,2026,1
PARÇA,SAFARI MONTAGEM,SP,Santana de Parnaiba,2026-01-12,2026-01,2026,2
PARÇA,SAFARI MONTAGEM,SP,Santana de Parnaiba,2026-01-26,2026-01,2026,1
PARÇA,SAFARI MONTAGEM,SP,Santana de Parnaiba,2026-02-10,2026-02,2026,1
PARÇA,SAFARI MONTAGEM,SP,Santana de Parnaiba,2026-02-13,2026-02,2026,1
PARÇA,SAFARI MONTAGEM,SP,Santana de Parnaiba,2026-02-17,2026-02,2026,1
PARÇA,SAFARI MONTAGEM,SP,Santana de Parnaiba,2026-02-19,2026-02,2026,3
PARÇA,SAFARI MONTAGEM,SP,Santana de Parnaiba,2026-02-27,2026-02,2026,3
PARÇA,SAFARI MONTAGEM,SP,Santana de Parnaiba,2026-03-18,2026-03,2026,3
PARÇA,SAFARI MONTAGEM,SP,Santana de Parnaiba,2026-03-31,2026-03,2026,5
PARÇA,SAFARI MONTAGEM,SP,Santana de Parnaiba,2026-04-13,2026-04,2026,4
PARÇA,SAFARI MONTAGEM,SP,Santana de Parnaiba,2026-04-30,2026-04,2026,2
PARÇA,SAFARI MONTAGEM,SP,Santana de Parnaiba,2026-06-17,2026-06,2026,1
PARÇA,SAFARI MONTAGEM,SP,Santana de Parnaiba,2026-06-18,2026-06,2026,1
PARÇA,SAFARI MONTAGEM,SP,Santana de Parnaiba,2026-06-30,2026-06,2026,1
PARÇA,SAFARI MONTAGEM,SP,Santana de Parnaiba,2026-07-03,2026-07,2026,2
PARÇA,SAFARI MONTAGEM,SP,Santana de Parnaiba,2026-07-08,2026-07,2026,1
PARÇA,SAFARI MONTAGEM,SP,Santana de Parnaiba,2026-07-13,2026-07,2026,1
PARÇA,SAFARI MONTAGEM,SP,Santana de Parnaiba,2026-07-15,2026-07,2026,1
PARÇA,SAFARI MONTAGEM,SP,Santana de Parnaiba,2026-07-20,2026-07,2026,6
PARÇA,SAFARI MONTAGEM,SP,Santana de Parnaiba,2026-07-28,2026-07,2026,3
PARÇA,SAFARI MONTAGEM,SP,Santo Andre,2026-01-02,2026-01,2026,5
PARÇA,SAFARI MONTAGEM,SP,Santo Andre,2026-01-09,2026-01,2026,4
PARÇA,SAFARI MONTAGEM,SP,Santo Andre,2026-01-10,2026-01,2026,3
PARÇA,SAFARI MONTAGEM,SP,Santo Andre,2026-01-13,2026-01,2026,2
PARÇA,SAFARI MONTAGEM,SP,Santo Andre,2026-01-14,2026-01,2026,1
PARÇA,SAFARI MONTAGEM,SP,Santo Andre,2026-01-17,2026-01,2026,2
PARÇA,SAFARI MONTAGEM,SP,Santo Andre,2026-01-22,2026-01,2026,3
PARÇA,SAFARI MONTAGEM,SP,Santo Andre,2026-01-23,2026-01,2026,2
PARÇA,SAFARI MONTAGEM,SP,Santo Andre,2026-01-27,2026-01,2026,4
PARÇA,SAFARI MONTAGEM,SP,Santo Andre,2026-02-02,2026-02,2026,7
PARÇA,SAFARI MONTAGEM,SP,Santo Andre,2026-02-06,2026-02,2026,2
PARÇA,SAFARI MONTAGEM,SP,Santo Andre,2026-02-10,2026-02,2026,6
PARÇA,SAFARI MONTAGEM,SP,Santo Andre,2026-02-13,2026-02,2026,6
PARÇA,SAFARI MONTAGEM,SP,Santo Andre,2026-02-16,2026-02,2026,1
PARÇA,SAFARI MONTAGEM,SP,Santo Andre,2026-02-19,2026-02,2026,5
PARÇA,SAFARI MONTAGEM,SP,Santo Andre,2026-02-20,2026-02,2026,1
PARÇA,SAFARI MONTAGEM,SP,Santo Andre,2026-03-03,2026-03,2026,6
PARÇA,SAFARI MONTAGEM,SP,Santo Andre,2026-03-06,2026-03,2026,2
PARÇA,SAFARI MONTAGEM,SP,Santo Andre,2026-03-11,2026-03,2026,4
PARÇA,SAFARI MONTAGEM,SP,Santo Andre,2026-03-16,2026-03,2026,5
PARÇA,SAFARI MONTAGEM,SP,Santo Andre,2026-03-20,2026-03,2026,1
PARÇA,SAFARI MONTAGEM,SP,Santo Andre,2026-03-25,2026-03,2026,4
PARÇA,SAFARI MONTAGEM,SP,Santo Andre,2026-03-27,2026-03,2026,1
PARÇA,SAFARI MONTAGEM,SP,Santo Andre,2026-03-28,2026-03,2026,4
PARÇA,SAFARI MONTAGEM,SP,Santo Andre,2026-03-30,2026-03,2026,7
PARÇA,SAFARI MONTAGEM,SP,Santo Andre,2026-03-31,2026-03,2026,1
PARÇA,SAFARI MONTAGEM,SP,Santo Andre,2026-04-02,2026-04,2026,3
PARÇA,SAFARI MONTAGEM,SP,Santo Andre,2026-04-03,2026-04,2026,1
PARÇA,SAFARI MONTAGEM,SP,Santo Andre,2026-04-07,2026-04,2026,1
PARÇA,SAFARI MONTAGEM,SP,Santo Andre,2026-04-10,2026-04,2026,3
PARÇA,SAFARI MONTAGEM,SP,Santo Andre,2026-04-13,2026-04,2026,1
PARÇA,SAFARI MONTAGEM,SP,Santo Andre,2026-04-14,2026-04,2026,3
PARÇA,SAFARI MONTAGEM,SP,Santo Andre,2026-04-15,2026-04,2026,3
PARÇA,SAFARI MONTAGEM,SP,Santo Andre,2026-04-18,2026-04,2026,3
PARÇA,SAFARI MONTAGEM,SP,Santo Andre,2026-04-23,2026-04,2026,8
PARÇA,SAFARI MONTAGEM,SP,Santo Andre,2026-04-28,2026-04,2026,2
PARÇA,SAFARI MONTAGEM,SP,Santo Andre,2026-04-30,2026-04,2026,1
PARÇA,SAFARI MONTAGEM,SP,Santo Andre,2026-05-07,2026-05,2026,3
PARÇA,SAFARI MONTAGEM,SP,Santo Andre,2026-05-12,2026-05,2026,2
PARÇA,SAFARI MONTAGEM,SP,Santo Andre,2026-05-16,2026-05,2026,5
PARÇA,SAFARI MONTAGEM,SP,Santo Andre,2026-05-22,2026-05,2026,6
PARÇA,SAFARI MONTAGEM,SP,Santo Andre,2026-05-28,2026-05,2026,4
PARÇA,SAFARI MONTAGEM,SP,Santo Andre,2026-05-29,2026-05,2026,5
PARÇA,SAFARI MONTAGEM,SP,Santo Andre,2026-06-01,2026-06,2026,1
PARÇA,SAFARI MONTAGEM,SP,Santo Andre,2026-06-02,2026-06,2026,2
PARÇA,SAFARI MONTAGEM,SP,Santo Andre,2026-06-04,2026-06,2026,3
PARÇA,SAFARI MONTAGEM,SP,Santo Andre,2026-06-08,2026-06,2026,2
PARÇA,SAFARI MONTAGEM,SP,Santo Andre,2026-06-11,2026-06,2026,2
PARÇA,SAFARI MONTAGEM,SP,Santo Andre,2026-06-12,2026-06,2026,4
PARÇA,SAFARI MONTAGEM,SP,Santo Andre,2026-06-16,2026-06,2026,4
PARÇA,SAFARI MONTAGEM,SP,Santo Andre,2026-06-20,2026-06,2026,6
PARÇA,SAFARI MONTAGEM,SP,Santo Andre,2026-06-25,2026-06,2026,10
PARÇA,SAFARI MONTAGEM,SP,Santo Andre,2026-06-30,2026-06,2026,8
PARÇA,SAFARI MONTAGEM,SP,Santo Andre,2026-07-03,2026-07,2026,1
PARÇA,SAFARI MONTAGEM,SP,Santo Andre,2026-07-06,2026-07,2026,9
PARÇA,SAFARI MONTAGEM,SP,Santo Andre,2026-07-07,2026-07,2026,3
PARÇA,SAFARI MONTAGEM,SP,Santo Andre,2026-07-09,2026-07,2026,4
PARÇA,SAFARI MONTAGEM,SP,Santo Andre,2026-07-11,2026-07,2026,4
PARÇA,SAFARI MONTAGEM,SP,Santo Andre,2026-07-16,2026-07,2026,6
PARÇA,SAFARI MONTAGEM,SP,Santo Andre,2026-07-17,2026-07,2026,1
PARÇA,SAFARI MONTAGEM,SP,Santo Andre,2026-07-23,2026-07,2026,4
PARÇA,SAFARI MONTAGEM,SP,Santo Andre,2026-07-25,2026-07,2026,2
PARÇA,SAFARI MONTAGEM,SP,Santos,2026-01-06,2026-01,2026,5
PARÇA,SAFARI MONTAGEM,SP,Santos,2026-01-13,2026-01,2026,1
PARÇA,SAFARI MONTAGEM,SP,Santos,2026-01-14,2026-01,2026,10
PARÇA,SAFARI MONTAGEM,SP,Santos,2026-01-19,2026-01,2026,1
PARÇA,SAFARI MONTAGEM,SP,Santos,2026-01-20,2026-01,2026,1
PARÇA,SAFARI MONTAGEM,SP,Santos,2026-01-21,2026-01,2026,3
PARÇA,SAFARI MONTAGEM,SP,Santos,2026-01-22,2026-01,2026,4
PARÇA,SAFARI MONTAGEM,SP,Santos,2026-01-30,2026-01,2026,3
PARÇA,SAFARI MONTAGEM,SP,Santos,2026-02-03,2026-02,2026,4
PARÇA,SAFARI MONTAGEM,SP,Santos,2026-02-04,2026-02,2026,1
PARÇA,SAFARI MONTAGEM,SP,Santos,2026-02-05,2026-02,2026,2
PARÇA,SAFARI MONTAGEM,SP,Santos,2026-02-06,2026-02,2026,1
PARÇA,SAFARI MONTAGEM,SP,Santos,2026-02-12,2026-02,2026,2
PARÇA,SAFARI MONTAGEM,SP,Santos,2026-02-19,2026-02,2026,6
PARÇA,SAFARI MONTAGEM,SP,Santos,2026-02-20,2026-02,2026,1
PARÇA,SAFARI MONTAGEM,SP,Santos,2026-02-24,2026-02,2026,5
PARÇA,SAFARI MONTAGEM,SP,Santos,2026-03-02,2026-03,2026,10
PARÇA,SAFARI MONTAGEM,SP,Santos,2026-03-03,2026-03,2026,4
PARÇA,SAFARI MONTAGEM,SP,Santos,2026-03-10,2026-03,2026,6
PARÇA,SAFARI MONTAGEM,SP,Santos,2026-03-17,2026-03,2026,17
PARÇA,SAFARI MONTAGEM,SP,Santos,2026-03-24,2026-03,2026,2
PARÇA,SAFARI MONTAGEM,SP,Santos,2026-03-31,2026-03,2026,8
PARÇA,SAFARI MONTAGEM,SP,Santos,2026-04-01,2026-04,2026,6
PARÇA,SAFARI MONTAGEM,SP,Santos,2026-04-07,2026-04,2026,4
PARÇA,SAFARI MONTAGEM,SP,Santos,2026-04-13,2026-04,2026,7
PARÇA,SAFARI MONTAGEM,SP,Santos,2026-04-16,2026-04,2026,6
PARÇA,SAFARI MONTAGEM,SP,Santos,2026-04-22,2026-04,2026,1
PARÇA,SAFARI MONTAGEM,SP,Santos,2026-04-27,2026-04,2026,6
PARÇA,SAFARI MONTAGEM,SP,Santos,2026-04-28,2026-04,2026,1
PARÇA,SAFARI MONTAGEM,SP,Santos,2026-05-05,2026-05,2026,6
PARÇA,SAFARI MONTAGEM,SP,Santos,2026-05-12,2026-05,2026,8
PARÇA,SAFARI MONTAGEM,SP,Santos,2026-05-13,2026-05,2026,1
PARÇA,SAFARI MONTAGEM,SP,Santos,2026-05-19,2026-05,2026,6
PARÇA,SAFARI MONTAGEM,SP,Santos,2026-05-20,2026-05,2026,1
PARÇA,SAFARI MONTAGEM,SP,Santos,2026-05-25,2026-05,2026,4
PARÇA,SAFARI MONTAGEM,SP,Santos,2026-05-26,2026-05,2026,2
PARÇA,SAFARI MONTAGEM,SP,Santos,2026-06-09,2026-06,2026,12
PARÇA,SAFARI MONTAGEM,SP,Santos,2026-06-16,2026-06,2026,8
PARÇA,SAFARI MONTAGEM,SP,Santos,2026-06-19,2026-06,2026,5
PARÇA,SAFARI MONTAGEM,SP,Santos,2026-06-23,2026-06,2026,6
PARÇA,SAFARI MONTAGEM,SP,Santos,2026-06-30,2026-06,2026,8
PARÇA,SAFARI MONTAGEM,SP,Santos,2026-07-07,2026-07,2026,7
PARÇA,SAFARI MONTAGEM,SP,Santos,2026-07-14,2026-07,2026,7
PARÇA,SAFARI MONTAGEM,SP,Santos,2026-07-16,2026-07,2026,1
PARÇA,SAFARI MONTAGEM,SP,Santos,2026-07-17,2026-07,2026,1
PARÇA,SAFARI MONTAGEM,SP,Santos,2026-07-21,2026-07,2026,12
PARÇA,SAFARI MONTAGEM,SP,Santos,2026-07-28,2026-07,2026,7
PARÇA,SAFARI MONTAGEM,SP,Sao Bernardo do Campo,2026-01-05,2026-01,2026,5
PARÇA,SAFARI MONTAGEM,SP,Sao Bernardo do Campo,2026-01-17,2026-01,2026,5
PARÇA,SAFARI MONTAGEM,SP,Sao Bernardo do Campo,2026-01-19,2026-01,2026,6
PARÇA,SAFARI MONTAGEM,SP,Sao Bernardo do Campo,2026-01-22,2026-01,2026,5
PARÇA,SAFARI MONTAGEM,SP,Sao Bernardo do Campo,2026-01-23,2026-01,2026,1
PARÇA,SAFARI MONTAGEM,SP,Sao Bernardo do Campo,2026-01-27,2026-01,2026,4
PARÇA,SAFARI MONTAGEM,SP,Sao Bernardo do Campo,2026-01-31,2026-01,2026,1
PARÇA,SAFARI MONTAGEM,SP,Sao Bernardo do Campo,2026-02-02,2026-02,2026,7
PARÇA,SAFARI MONTAGEM,SP,Sao Bernardo do Campo,2026-02-06,2026-02,2026,4
PARÇA,SAFARI MONTAGEM,SP,Sao Bernardo do Campo,2026-02-10,2026-02,2026,1
PARÇA,SAFARI MONTAGEM,SP,Sao Bernardo do Campo,2026-02-11,2026-02,2026,3
PARÇA,SAFARI MONTAGEM,SP,Sao Bernardo do Campo,2026-02-12,2026-02,2026,1
PARÇA,SAFARI MONTAGEM,SP,Sao Bernardo do Campo,2026-02-13,2026-02,2026,2
PARÇA,SAFARI MONTAGEM,SP,Sao Bernardo do Campo,2026-02-19,2026-02,2026,2
PARÇA,SAFARI MONTAGEM,SP,Sao Bernardo do Campo,2026-02-20,2026-02,2026,1
PARÇA,SAFARI MONTAGEM,SP,Sao Bernardo do Campo,2026-02-27,2026-02,2026,5
PARÇA,SAFARI MONTAGEM,SP,Sao Bernardo do Campo,2026-03-06,2026-03,2026,3
PARÇA,SAFARI MONTAGEM,SP,Sao Bernardo do Campo,2026-03-09,2026-03,2026,1
PARÇA,SAFARI MONTAGEM,SP,Sao Bernardo do Campo,2026-03-11,2026-03,2026,4
PARÇA,SAFARI MONTAGEM,SP,Sao Bernardo do Campo,2026-03-12,2026-03,2026,1
PARÇA,SAFARI MONTAGEM,SP,Sao Bernardo do Campo,2026-03-16,2026-03,2026,2
PARÇA,SAFARI MONTAGEM,SP,Sao Bernardo do Campo,2026-03-19,2026-03,2026,1
PARÇA,SAFARI MONTAGEM,SP,Sao Bernardo do Campo,2026-03-25,2026-03,2026,2
PARÇA,SAFARI MONTAGEM,SP,Sao Bernardo do Campo,2026-03-26,2026-03,2026,2
PARÇA,SAFARI MONTAGEM,SP,Sao Bernardo do Campo,2026-03-27,2026-03,2026,1
PARÇA,SAFARI MONTAGEM,SP,Sao Bernardo do Campo,2026-03-30,2026-03,2026,6
PARÇA,SAFARI MONTAGEM,SP,Sao Bernardo do Campo,2026-04-02,2026-04,2026,1
PARÇA,SAFARI MONTAGEM,SP,Sao Bernardo do Campo,2026-04-03,2026-04,2026,1
PARÇA,SAFARI MONTAGEM,SP,Sao Bernardo do Campo,2026-04-07,2026-04,2026,4
PARÇA,SAFARI MONTAGEM,SP,Sao Bernardo do Campo,2026-04-10,2026-04,2026,4
PARÇA,SAFARI MONTAGEM,SP,Sao Bernardo do Campo,2026-04-17,2026-04,2026,1
PARÇA,SAFARI MONTAGEM,SP,Sao Bernardo do Campo,2026-04-18,2026-04,2026,8
PARÇA,SAFARI MONTAGEM,SP,Sao Bernardo do Campo,2026-04-23,2026-04,2026,2
PARÇA,SAFARI MONTAGEM,SP,Sao Bernardo do Campo,2026-04-24,2026-04,2026,1
PARÇA,SAFARI MONTAGEM,SP,Sao Bernardo do Campo,2026-04-28,2026-04,2026,1
PARÇA,SAFARI MONTAGEM,SP,Sao Bernardo do Campo,2026-04-29,2026-04,2026,2
PARÇA,SAFARI MONTAGEM,SP,Sao Bernardo do Campo,2026-04-30,2026-04,2026,4
PARÇA,SAFARI MONTAGEM,SP,Sao Bernardo do Campo,2026-05-07,2026-05,2026,5
PARÇA,SAFARI MONTAGEM,SP,Sao Bernardo do Campo,2026-05-08,2026-05,2026,1
PARÇA,SAFARI MONTAGEM,SP,Sao Bernardo do Campo,2026-05-12,2026-05,2026,3
PARÇA,SAFARI MONTAGEM,SP,Sao Bernardo do Campo,2026-05-16,2026-05,2026,1
PARÇA,SAFARI MONTAGEM,SP,Sao Bernardo do Campo,2026-05-18,2026-05,2026,1
PARÇA,SAFARI MONTAGEM,SP,Sao Bernardo do Campo,2026-05-22,2026-05,2026,5
PARÇA,SAFARI MONTAGEM,SP,Sao Bernardo do Campo,2026-05-23,2026-05,2026,3
PARÇA,SAFARI MONTAGEM,SP,Sao Bernardo do Campo,2026-05-25,2026-05,2026,1
PARÇA,SAFARI MONTAGEM,SP,Sao Bernardo do Campo,2026-05-29,2026-05,2026,5
PARÇA,SAFARI MONTAGEM,SP,Sao Bernardo do Campo,2026-06-01,2026-06,2026,1
PARÇA,SAFARI MONTAGEM,SP,Sao Bernardo do Campo,2026-06-02,2026-06,2026,6
PARÇA,SAFARI MONTAGEM,SP,Sao Bernardo do Campo,2026-06-04,2026-06,2026,4
PARÇA,SAFARI MONTAGEM,SP,Sao Bernardo do Campo,2026-06-08,2026-06,2026,5
PARÇA,SAFARI MONTAGEM,SP,Sao Bernardo do Campo,2026-06-11,2026-06,2026,2
PARÇA,SAFARI MONTAGEM,SP,Sao Bernardo do Campo,2026-06-12,2026-06,2026,4
PARÇA,SAFARI MONTAGEM,SP,Sao Bernardo do Campo,2026-06-20,2026-06,2026,7
PARÇA,SAFARI MONTAGEM,SP,Sao Bernardo do Campo,2026-06-25,2026-06,2026,8
PARÇA,SAFARI MONTAGEM,SP,Sao Bernardo do Campo,2026-06-30,2026-06,2026,10
PARÇA,SAFARI MONTAGEM,SP,Sao Bernardo do Campo,2026-07-06,2026-07,2026,4
PARÇA,SAFARI MONTAGEM,SP,Sao Bernardo do Campo,2026-07-07,2026-07,2026,3
PARÇA,SAFARI MONTAGEM,SP,Sao Bernardo do Campo,2026-07-09,2026-07,2026,3
PARÇA,SAFARI MONTAGEM,SP,Sao Bernardo do Campo,2026-07-11,2026-07,2026,6
PARÇA,SAFARI MONTAGEM,SP,Sao Bernardo do Campo,2026-07-16,2026-07,2026,6
PARÇA,SAFARI MONTAGEM,SP,Sao Bernardo do Campo,2026-07-20,2026-07,2026,8
PARÇA,SAFARI MONTAGEM,SP,Sao Bernardo do Campo,2026-07-23,2026-07,2026,7
PARÇA,SAFARI MONTAGEM,SP,Sao Bernardo do Campo,2026-07-24,2026-07,2026,1
PARÇA,SAFARI MONTAGEM,SP,Sao Bernardo do Campo,2026-07-28,2026-07,2026,1
PARÇA,SAFARI MONTAGEM,SP,Sao Caetano do Sul,2026-01-17,2026-01,2026,3
PARÇA,SAFARI MONTAGEM,SP,Sao Caetano do Sul,2026-01-27,2026-01,2026,3
PARÇA,SAFARI MONTAGEM,SP,Sao Caetano do Sul,2026-02-12,2026-02,2026,1
PARÇA,SAFARI MONTAGEM,SP,Sao Caetano do Sul,2026-02-13,2026-02,2026,1
PARÇA,SAFARI MONTAGEM,SP,Sao Caetano do Sul,2026-02-27,2026-02,2026,3
PARÇA,SAFARI MONTAGEM,SP,Sao Caetano do Sul,2026-03-03,2026-03,2026,2
PARÇA,SAFARI MONTAGEM,SP,Sao Caetano do Sul,2026-03-04,2026-03,2026,1
PARÇA,SAFARI MONTAGEM,SP,Sao Caetano do Sul,2026-03-06,2026-03,2026,1
PARÇA,SAFARI MONTAGEM,SP,Sao Caetano do Sul,2026-03-09,2026-03,2026,1
PARÇA,SAFARI MONTAGEM,SP,Sao Caetano do Sul,2026-03-11,2026-03,2026,1
PARÇA,SAFARI MONTAGEM,SP,Sao Caetano do Sul,2026-03-16,2026-03,2026,1
PARÇA,SAFARI MONTAGEM,SP,Sao Caetano do Sul,2026-03-20,2026-03,2026,1
PARÇA,SAFARI MONTAGEM,SP,Sao Caetano do Sul,2026-03-25,2026-03,2026,2
PARÇA,SAFARI MONTAGEM,SP,Sao Caetano do Sul,2026-03-30,2026-03,2026,1
PARÇA,SAFARI MONTAGEM,SP,Sao Caetano do Sul,2026-03-31,2026-03,2026,1
PARÇA,SAFARI MONTAGEM,SP,Sao Caetano do Sul,2026-04-02,2026-04,2026,2
PARÇA,SAFARI MONTAGEM,SP,Sao Caetano do Sul,2026-04-07,2026-04,2026,1
PARÇA,SAFARI MONTAGEM,SP,Sao Caetano do Sul,2026-04-14,2026-04,2026,2
PARÇA,SAFARI MONTAGEM,SP,Sao Caetano do Sul,2026-04-18,2026-04,2026,1
PARÇA,SAFARI MONTAGEM,SP,Sao Caetano do Sul,2026-04-28,2026-04,2026,1
PARÇA,SAFARI MONTAGEM,SP,Sao Caetano do Sul,2026-04-30,2026-04,2026,1
PARÇA,SAFARI MONTAGEM,SP,Sao Caetano do Sul,2026-05-01,2026-05,2026,1
PARÇA,SAFARI MONTAGEM,SP,Sao Caetano do Sul,2026-05-22,2026-05,2026,2
PARÇA,SAFARI MONTAGEM,SP,Sao Caetano do Sul,2026-05-29,2026-05,2026,1
PARÇA,SAFARI MONTAGEM,SP,Sao Caetano do Sul,2026-06-02,2026-06,2026,1
PARÇA,SAFARI MONTAGEM,SP,Sao Caetano do Sul,2026-06-08,2026-06,2026,1
PARÇA,SAFARI MONTAGEM,SP,Sao Caetano do Sul,2026-06-11,2026-06,2026,2
PARÇA,SAFARI MONTAGEM,SP,Sao Caetano do Sul,2026-06-12,2026-06,2026,3
PARÇA,SAFARI MONTAGEM,SP,Sao Caetano do Sul,2026-06-20,2026-06,2026,1
PARÇA,SAFARI MONTAGEM,SP,Sao Caetano do Sul,2026-06-30,2026-06,2026,2
PARÇA,SAFARI MONTAGEM,SP,Sao Caetano do Sul,2026-07-09,2026-07,2026,3
PARÇA,SAFARI MONTAGEM,SP,Sao Caetano do Sul,2026-07-16,2026-07,2026,2
PARÇA,SAFARI MONTAGEM,SP,Sao Caetano do Sul,2026-07-25,2026-07,2026,5
PARÇA,SAFARI MONTAGEM,SP,Sao Jose dos Campos,2026-01-08,2026-01,2026,2
PARÇA,SAFARI MONTAGEM,SP,Sao Jose dos Campos,2026-01-19,2026-01,2026,4
PARÇA,SAFARI MONTAGEM,SP,Sao Jose dos Campos,2026-01-20,2026-01,2026,1
PARÇA,SAFARI MONTAGEM,SP,Sao Jose dos Campos,2026-01-26,2026-01,2026,7
PARÇA,SAFARI MONTAGEM,SP,Sao Jose dos Campos,2026-02-02,2026-02,2026,7
PARÇA,SAFARI MONTAGEM,SP,Sao Jose dos Campos,2026-02-03,2026-02,2026,1
PARÇA,SAFARI MONTAGEM,SP,Sao Jose dos Campos,2026-02-09,2026-02,2026,12
PARÇA,SAFARI MONTAGEM,SP,Sao Jose dos Campos,2026-02-13,2026-02,2026,2
PARÇA,SAFARI MONTAGEM,SP,Sao Jose dos Campos,2026-02-19,2026-02,2026,6
PARÇA,SAFARI MONTAGEM,SP,Sao Jose dos Campos,2026-02-26,2026-02,2026,5
PARÇA,SAFARI MONTAGEM,SP,Sao Jose dos Campos,2026-03-03,2026-03,2026,6
PARÇA,SAFARI MONTAGEM,SP,Sao Jose dos Campos,2026-03-04,2026-03,2026,1
PARÇA,SAFARI MONTAGEM,SP,Sao Jose dos Campos,2026-03-09,2026-03,2026,9
PARÇA,SAFARI MONTAGEM,SP,Sao Jose dos Campos,2026-03-16,2026-03,2026,11
PARÇA,SAFARI MONTAGEM,SP,Sao Jose dos Campos,2026-03-23,2026-03,2026,3
PARÇA,SAFARI MONTAGEM,SP,Sao Jose dos Campos,2026-03-24,2026-03,2026,1
PARÇA,SAFARI MONTAGEM,SP,Sao Jose dos Campos,2026-03-27,2026-03,2026,1
PARÇA,SAFARI MONTAGEM,SP,Sao Jose dos Campos,2026-04-06,2026-04,2026,2
PARÇA,SAFARI MONTAGEM,SP,Sao Jose dos Campos,2026-04-13,2026-04,2026,5
PARÇA,SAFARI MONTAGEM,SP,Sao Jose dos Campos,2026-04-20,2026-04,2026,1
PARÇA,SAFARI MONTAGEM,SP,Sao Jose dos Campos,2026-04-21,2026-04,2026,5
PARÇA,SAFARI MONTAGEM,SP,Sao Jose dos Campos,2026-04-27,2026-04,2026,1
PARÇA,SAFARI MONTAGEM,SP,Sao Jose dos Campos,2026-04-30,2026-04,2026,8
PARÇA,SAFARI MONTAGEM,SP,Sao Jose dos Campos,2026-05-07,2026-05,2026,1
PARÇA,SAFARI MONTAGEM,SP,Sao Jose dos Campos,2026-05-15,2026-05,2026,8
PARÇA,SAFARI MONTAGEM,SP,Sao Jose dos Campos,2026-05-21,2026-05,2026,9
PARÇA,SAFARI MONTAGEM,SP,Sao Jose dos Campos,2026-05-28,2026-05,2026,12
PARÇA,SAFARI MONTAGEM,SP,Sao Jose dos Campos,2026-06-02,2026-06,2026,5
PARÇA,SAFARI MONTAGEM,SP,Sao Jose dos Campos,2026-06-11,2026-06,2026,12
PARÇA,SAFARI MONTAGEM,SP,Sao Jose dos Campos,2026-06-18,2026-06,2026,10
PARÇA,SAFARI MONTAGEM,SP,Sao Jose dos Campos,2026-06-25,2026-06,2026,10
PARÇA,SAFARI MONTAGEM,SP,Sao Jose dos Campos,2026-07-03,2026-07,2026,4
PARÇA,SAFARI MONTAGEM,SP,Sao Jose dos Campos,2026-07-06,2026-07,2026,9
PARÇA,SAFARI MONTAGEM,SP,Sao Jose dos Campos,2026-07-14,2026-07,2026,10
PARÇA,SAFARI MONTAGEM,SP,Sao Jose dos Campos,2026-07-20,2026-07,2026,8
PARÇA,SAFARI MONTAGEM,SP,Sao Jose dos Campos,2026-07-21,2026-07,2026,1
PARÇA,SAFARI MONTAGEM,SP,Sao Jose dos Campos,2026-07-24,2026-07,2026,1
PARÇA,SAFARI MONTAGEM,SP,Sao Jose dos Campos,2026-07-27,2026-07,2026,4
PARÇA,SAFARI MONTAGEM,SP,Sao Paulo,2026-01-02,2026-01,2026,3
PARÇA,SAFARI MONTAGEM,SP,Sao Paulo,2026-01-03,2026-01,2026,2
PARÇA,SAFARI MONTAGEM,SP,Sao Paulo,2026-01-05,2026-01,2026,12
PARÇA,SAFARI MONTAGEM,SP,Sao Paulo,2026-01-07,2026-01,2026,8
PARÇA,SAFARI MONTAGEM,SP,Sao Paulo,2026-01-08,2026-01,2026,22
PARÇA,SAFARI MONTAGEM,SP,Sao Paulo,2026-01-09,2026-01,2026,28
PARÇA,SAFARI MONTAGEM,SP,Sao Paulo,2026-01-10,2026-01,2026,29
PARÇA,SAFARI MONTAGEM,SP,Sao Paulo,2026-01-12,2026-01,2026,12
PARÇA,SAFARI MONTAGEM,SP,Sao Paulo,2026-01-13,2026-01,2026,20
PARÇA,SAFARI MONTAGEM,SP,Sao Paulo,2026-01-14,2026-01,2026,27
PARÇA,SAFARI MONTAGEM,SP,Sao Paulo,2026-01-15,2026-01,2026,34
PARÇA,SAFARI MONTAGEM,SP,Sao Paulo,2026-01-16,2026-01,2026,6
PARÇA,SAFARI MONTAGEM,SP,Sao Paulo,2026-01-17,2026-01,2026,23
PARÇA,SAFARI MONTAGEM,SP,Sao Paulo,2026-01-19,2026-01,2026,53
PARÇA,SAFARI MONTAGEM,SP,Sao Paulo,2026-01-20,2026-01,2026,5
PARÇA,SAFARI MONTAGEM,SP,Sao Paulo,2026-01-21,2026-01,2026,19
PARÇA,SAFARI MONTAGEM,SP,Sao Paulo,2026-01-22,2026-01,2026,37
PARÇA,SAFARI MONTAGEM,SP,Sao Paulo,2026-01-23,2026-01,2026,19
PARÇA,SAFARI MONTAGEM,SP,Sao Paulo,2026-01-24,2026-01,2026,22
PARÇA,SAFARI MONTAGEM,SP,Sao Paulo,2026-01-26,2026-01,2026,33
PARÇA,SAFARI MONTAGEM,SP,Sao Paulo,2026-01-27,2026-01,2026,11
PARÇA,SAFARI MONTAGEM,SP,Sao Paulo,2026-01-28,2026-01,2026,24
PARÇA,SAFARI MONTAGEM,SP,Sao Paulo,2026-01-29,2026-01,2026,16
PARÇA,SAFARI MONTAGEM,SP,Sao Paulo,2026-01-30,2026-01,2026,11
PARÇA,SAFARI MONTAGEM,SP,Sao Paulo,2026-01-31,2026-01,2026,9
PARÇA,SAFARI MONTAGEM,SP,Sao Paulo,2026-02-01,2026-02,2026,2
PARÇA,SAFARI MONTAGEM,SP,Sao Paulo,2026-02-02,2026-02,2026,19
PARÇA,SAFARI MONTAGEM,SP,Sao Paulo,2026-02-03,2026-02,2026,5
PARÇA,SAFARI MONTAGEM,SP,Sao Paulo,2026-02-04,2026-02,2026,32
PARÇA,SAFARI MONTAGEM,SP,Sao Paulo,2026-02-05,2026-02,2026,17
PARÇA,SAFARI MONTAGEM,SP,Sao Paulo,2026-02-06,2026-02,2026,18
PARÇA,SAFARI MONTAGEM,SP,Sao Paulo,2026-02-07,2026-02,2026,22
PARÇA,SAFARI MONTAGEM,SP,Sao Paulo,2026-02-09,2026-02,2026,27
PARÇA,SAFARI MONTAGEM,SP,Sao Paulo,2026-02-10,2026-02,2026,19
PARÇA,SAFARI MONTAGEM,SP,Sao Paulo,2026-02-11,2026-02,2026,21
PARÇA,SAFARI MONTAGEM,SP,Sao Paulo,2026-02-12,2026-02,2026,15
PARÇA,SAFARI MONTAGEM,SP,Sao Paulo,2026-02-13,2026-02,2026,22
PARÇA,SAFARI MONTAGEM,SP,Sao Paulo,2026-02-14,2026-02,2026,23
PARÇA,SAFARI MONTAGEM,SP,Sao Paulo,2026-02-16,2026-02,2026,10
PARÇA,SAFARI MONTAGEM,SP,Sao Paulo,2026-02-17,2026-02,2026,2
PARÇA,SAFARI MONTAGEM,SP,Sao Paulo,2026-02-18,2026-02,2026,9
PARÇA,SAFARI MONTAGEM,SP,Sao Paulo,2026-02-19,2026-02,2026,2
PARÇA,SAFARI MONTAGEM,SP,Sao Paulo,2026-02-20,2026-02,2026,33
PARÇA,SAFARI MONTAGEM,SP,Sao Paulo,2026-02-21,2026-02,2026,21
PARÇA,SAFARI MONTAGEM,SP,Sao Paulo,2026-02-23,2026-02,2026,55
PARÇA,SAFARI MONTAGEM,SP,Sao Paulo,2026-02-24,2026-02,2026,19
PARÇA,SAFARI MONTAGEM,SP,Sao Paulo,2026-02-25,2026-02,2026,18
PARÇA,SAFARI MONTAGEM,SP,Sao Paulo,2026-02-26,2026-02,2026,18
PARÇA,SAFARI MONTAGEM,SP,Sao Paulo,2026-02-27,2026-02,2026,22
PARÇA,SAFARI MONTAGEM,SP,Sao Paulo,2026-02-28,2026-02,2026,43
PARÇA,SAFARI MONTAGEM,SP,Sao Paulo,2026-03-02,2026-03,2026,32
PARÇA,SAFARI MONTAGEM,SP,Sao Paulo,2026-03-03,2026-03,2026,3
PARÇA,SAFARI MONTAGEM,SP,Sao Paulo,2026-03-04,2026-03,2026,33
PARÇA,SAFARI MONTAGEM,SP,Sao Paulo,2026-03-05,2026-03,2026,31
PARÇA,SAFARI MONTAGEM,SP,Sao Paulo,2026-03-06,2026-03,2026,13
PARÇA,SAFARI MONTAGEM,SP,Sao Paulo,2026-03-07,2026-03,2026,16
PARÇA,SAFARI MONTAGEM,SP,Sao Paulo,2026-03-09,2026-03,2026,18
PARÇA,SAFARI MONTAGEM,SP,Sao Paulo,2026-03-10,2026-03,2026,21
PARÇA,SAFARI MONTAGEM,SP,Sao Paulo,2026-03-11,2026-03,2026,21
PARÇA,SAFARI MONTAGEM,SP,Sao Paulo,2026-03-12,2026-03,2026,28
PARÇA,SAFARI MONTAGEM,SP,Sao Paulo,2026-03-13,2026-03,2026,15
PARÇA,SAFARI MONTAGEM,SP,Sao Paulo,2026-03-14,2026-03,2026,37
PARÇA,SAFARI MONTAGEM,SP,Sao Paulo,2026-03-16,2026-03,2026,15
PARÇA,SAFARI MONTAGEM,SP,Sao Paulo,2026-03-17,2026-03,2026,8
PARÇA,SAFARI MONTAGEM,SP,Sao Paulo,2026-03-18,2026-03,2026,13
PARÇA,SAFARI MONTAGEM,SP,Sao Paulo,2026-03-19,2026-03,2026,21
PARÇA,SAFARI MONTAGEM,SP,Sao Paulo,2026-03-20,2026-03,2026,44
PARÇA,SAFARI MONTAGEM,SP,Sao Paulo,2026-03-21,2026-03,2026,12
PARÇA,SAFARI MONTAGEM,SP,Sao Paulo,2026-03-23,2026-03,2026,20
PARÇA,SAFARI MONTAGEM,SP,Sao Paulo,2026-03-24,2026-03,2026,35
PARÇA,SAFARI MONTAGEM,SP,Sao Paulo,2026-03-25,2026-03,2026,11
PARÇA,SAFARI MONTAGEM,SP,Sao Paulo,2026-03-26,2026-03,2026,23
PARÇA,SAFARI MONTAGEM,SP,Sao Paulo,2026-03-27,2026-03,2026,15
PARÇA,SAFARI MONTAGEM,SP,Sao Paulo,2026-03-28,2026-03,2026,10
PARÇA,SAFARI MONTAGEM,SP,Sao Paulo,2026-03-30,2026-03,2026,15
PARÇA,SAFARI MONTAGEM,SP,Sao Paulo,2026-03-31,2026-03,2026,35
PARÇA,SAFARI MONTAGEM,SP,Sao Paulo,2026-04-01,2026-04,2026,22
PARÇA,SAFARI MONTAGEM,SP,Sao Paulo,2026-04-02,2026-04,2026,9
PARÇA,SAFARI MONTAGEM,SP,Sao Paulo,2026-04-03,2026-04,2026,18
PARÇA,SAFARI MONTAGEM,SP,Sao Paulo,2026-04-04,2026-04,2026,13
PARÇA,SAFARI MONTAGEM,SP,Sao Paulo,2026-04-06,2026-04,2026,38
PARÇA,SAFARI MONTAGEM,SP,Sao Paulo,2026-04-07,2026-04,2026,12
PARÇA,SAFARI MONTAGEM,SP,Sao Paulo,2026-04-08,2026-04,2026,25
PARÇA,SAFARI MONTAGEM,SP,Sao Paulo,2026-04-09,2026-04,2026,20
PARÇA,SAFARI MONTAGEM,SP,Sao Paulo,2026-04-10,2026-04,2026,36
PARÇA,SAFARI MONTAGEM,SP,Sao Paulo,2026-04-11,2026-04,2026,21
PARÇA,SAFARI MONTAGEM,SP,Sao Paulo,2026-04-13,2026-04,2026,5
PARÇA,SAFARI MONTAGEM,SP,Sao Paulo,2026-04-14,2026-04,2026,22
PARÇA,SAFARI MONTAGEM,SP,Sao Paulo,2026-04-15,2026-04,2026,38
PARÇA,SAFARI MONTAGEM,SP,Sao Paulo,2026-04-16,2026-04,2026,27
PARÇA,SAFARI MONTAGEM,SP,Sao Paulo,2026-04-17,2026-04,2026,28
PARÇA,SAFARI MONTAGEM,SP,Sao Paulo,2026-04-18,2026-04,2026,25
PARÇA,SAFARI MONTAGEM,SP,Sao Paulo,2026-04-20,2026-04,2026,14
PARÇA,SAFARI MONTAGEM,SP,Sao Paulo,2026-04-21,2026-04,2026,28
PARÇA,SAFARI MONTAGEM,SP,Sao Paulo,2026-04-22,2026-04,2026,39
PARÇA,SAFARI MONTAGEM,SP,Sao Paulo,2026-04-23,2026-04,2026,11
PARÇA,SAFARI MONTAGEM,SP,Sao Paulo,2026-04-24,2026-04,2026,32
PARÇA,SAFARI MONTAGEM,SP,Sao Paulo,2026-04-25,2026-04,2026,9
PARÇA,SAFARI MONTAGEM,SP,Sao Paulo,2026-04-27,2026-04,2026,22
PARÇA,SAFARI MONTAGEM,SP,Sao Paulo,2026-04-28,2026-04,2026,14
PARÇA,SAFARI MONTAGEM,SP,Sao Paulo,2026-04-29,2026-04,2026,29
PARÇA,SAFARI MONTAGEM,SP,Sao Paulo,2026-04-30,2026-04,2026,14
PARÇA,SAFARI MONTAGEM,SP,Sao Paulo,2026-05-01,2026-05,2026,17
PARÇA,SAFARI MONTAGEM,SP,Sao Paulo,2026-05-02,2026-05,2026,14
PARÇA,SAFARI MONTAGEM,SP,Sao Paulo,2026-05-04,2026-05,2026,34
PARÇA,SAFARI MONTAGEM,SP,Sao Paulo,2026-05-05,2026-05,2026,18
PARÇA,SAFARI MONTAGEM,SP,Sao Paulo,2026-05-06,2026-05,2026,15
PARÇA,SAFARI MONTAGEM,SP,Sao Paulo,2026-05-07,2026-05,2026,29
PARÇA,SAFARI MONTAGEM,SP,Sao Paulo,2026-05-08,2026-05,2026,27
PARÇA,SAFARI MONTAGEM,SP,Sao Paulo,2026-05-09,2026-05,2026,11
PARÇA,SAFARI MONTAGEM,SP,Sao Paulo,2026-05-11,2026-05,2026,24
PARÇA,SAFARI MONTAGEM,SP,Sao Paulo,2026-05-12,2026-05,2026,16
PARÇA,SAFARI MONTAGEM,SP,Sao Paulo,2026-05-13,2026-05,2026,11
PARÇA,SAFARI MONTAGEM,SP,Sao Paulo,2026-05-14,2026-05,2026,17
PARÇA,SAFARI MONTAGEM,SP,Sao Paulo,2026-05-15,2026-05,2026,32
PARÇA,SAFARI MONTAGEM,SP,Sao Paulo,2026-05-16,2026-05,2026,8
PARÇA,SAFARI MONTAGEM,SP,Sao Paulo,2026-05-18,2026-05,2026,17
PARÇA,SAFARI MONTAGEM,SP,Sao Paulo,2026-05-19,2026-05,2026,14
PARÇA,SAFARI MONTAGEM,SP,Sao Paulo,2026-05-20,2026-05,2026,25
PARÇA,SAFARI MONTAGEM,SP,Sao Paulo,2026-05-21,2026-05,2026,23
PARÇA,SAFARI MONTAGEM,SP,Sao Paulo,2026-05-22,2026-05,2026,12
PARÇA,SAFARI MONTAGEM,SP,Sao Paulo,2026-05-23,2026-05,2026,29
PARÇA,SAFARI MONTAGEM,SP,Sao Paulo,2026-05-25,2026-05,2026,16
PARÇA,SAFARI MONTAGEM,SP,Sao Paulo,2026-05-26,2026-05,2026,30
PARÇA,SAFARI MONTAGEM,SP,Sao Paulo,2026-05-27,2026-05,2026,11
PARÇA,SAFARI MONTAGEM,SP,Sao Paulo,2026-05-28,2026-05,2026,10
PARÇA,SAFARI MONTAGEM,SP,Sao Paulo,2026-05-29,2026-05,2026,26
PARÇA,SAFARI MONTAGEM,SP,Sao Paulo,2026-05-30,2026-05,2026,18
PARÇA,SAFARI MONTAGEM,SP,Sao Paulo,2026-06-01,2026-06,2026,65
PARÇA,SAFARI MONTAGEM,SP,Sao Paulo,2026-06-02,2026-06,2026,2
PARÇA,SAFARI MONTAGEM,SP,Sao Paulo,2026-06-03,2026-06,2026,33
PARÇA,SAFARI MONTAGEM,SP,Sao Paulo,2026-06-04,2026-06,2026,11
PARÇA,SAFARI MONTAGEM,SP,Sao Paulo,2026-06-05,2026-06,2026,19
PARÇA,SAFARI MONTAGEM,SP,Sao Paulo,2026-06-06,2026-06,2026,19
PARÇA,SAFARI MONTAGEM,SP,Sao Paulo,2026-06-08,2026-06,2026,19
PARÇA,SAFARI MONTAGEM,SP,Sao Paulo,2026-06-09,2026-06,2026,30
PARÇA,SAFARI MONTAGEM,SP,Sao Paulo,2026-06-10,2026-06,2026,25
PARÇA,SAFARI MONTAGEM,SP,Sao Paulo,2026-06-11,2026-06,2026,23
PARÇA,SAFARI MONTAGEM,SP,Sao Paulo,2026-06-12,2026-06,2026,34
PARÇA,SAFARI MONTAGEM,SP,Sao Paulo,2026-06-13,2026-06,2026,9
PARÇA,SAFARI MONTAGEM,SP,Sao Paulo,2026-06-15,2026-06,2026,18
PARÇA,SAFARI MONTAGEM,SP,Sao Paulo,2026-06-16,2026-06,2026,8
PARÇA,SAFARI MONTAGEM,SP,Sao Paulo,2026-06-17,2026-06,2026,31
PARÇA,SAFARI MONTAGEM,SP,Sao Paulo,2026-06-18,2026-06,2026,23
PARÇA,SAFARI MONTAGEM,SP,Sao Paulo,2026-06-19,2026-06,2026,22
PARÇA,SAFARI MONTAGEM,SP,Sao Paulo,2026-06-20,2026-06,2026,1
PARÇA,SAFARI MONTAGEM,SP,Sao Paulo,2026-06-22,2026-06,2026,56
PARÇA,SAFARI MONTAGEM,SP,Sao Paulo,2026-06-23,2026-06,2026,3
PARÇA,SAFARI MONTAGEM,SP,Sao Paulo,2026-06-24,2026-06,2026,38
PARÇA,SAFARI MONTAGEM,SP,Sao Paulo,2026-06-25,2026-06,2026,10
PARÇA,SAFARI MONTAGEM,SP,Sao Paulo,2026-06-26,2026-06,2026,30
PARÇA,SAFARI MONTAGEM,SP,Sao Paulo,2026-06-27,2026-06,2026,19
PARÇA,SAFARI MONTAGEM,SP,Sao Paulo,2026-06-29,2026-06,2026,37
PARÇA,SAFARI MONTAGEM,SP,Sao Paulo,2026-06-30,2026-06,2026,7
PARÇA,SAFARI MONTAGEM,SP,Sao Paulo,2026-07-01,2026-07,2026,30
PARÇA,SAFARI MONTAGEM,SP,Sao Paulo,2026-07-02,2026-07,2026,41
PARÇA,SAFARI MONTAGEM,SP,Sao Paulo,2026-07-03,2026-07,2026,39
PARÇA,SAFARI MONTAGEM,SP,Sao Paulo,2026-07-04,2026-07,2026,3
PARÇA,SAFARI MONTAGEM,SP,Sao Paulo,2026-07-06,2026-07,2026,18
PARÇA,SAFARI MONTAGEM,SP,Sao Paulo,2026-07-07,2026-07,2026,28
PARÇA,SAFARI MONTAGEM,SP,Sao Paulo,2026-07-08,2026-07,2026,21
PARÇA,SAFARI MONTAGEM,SP,Sao Paulo,2026-07-09,2026-07,2026,16
PARÇA,SAFARI MONTAGEM,SP,Sao Paulo,2026-07-10,2026-07,2026,37
PARÇA,SAFARI MONTAGEM,SP,Sao Paulo,2026-07-11,2026-07,2026,23
PARÇA,SAFARI MONTAGEM,SP,Sao Paulo,2026-07-13,2026-07,2026,28
PARÇA,SAFARI MONTAGEM,SP,Sao Paulo,2026-07-14,2026-07,2026,23
PARÇA,SAFARI MONTAGEM,SP,Sao Paulo,2026-07-15,2026-07,2026,24
PARÇA,SAFARI MONTAGEM,SP,Sao Paulo,2026-07-16,2026-07,2026,36
PARÇA,SAFARI MONTAGEM,SP,Sao Paulo,2026-07-17,2026-07,2026,36
PARÇA,SAFARI MONTAGEM,SP,Sao Paulo,2026-07-18,2026-07,2026,41
PARÇA,SAFARI MONTAGEM,SP,Sao Paulo,2026-07-20,2026-07,2026,8
PARÇA,SAFARI MONTAGEM,SP,Sao Paulo,2026-07-21,2026-07,2026,23
PARÇA,SAFARI MONTAGEM,SP,Sao Paulo,2026-07-22,2026-07,2026,25
PARÇA,SAFARI MONTAGEM,SP,Sao Paulo,2026-07-23,2026-07,2026,20
PARÇA,SAFARI MONTAGEM,SP,Sao Paulo,2026-07-24,2026-07,2026,19
PARÇA,SAFARI MONTAGEM,SP,Sao Paulo,2026-07-25,2026-07,2026,20
PARÇA,SAFARI MONTAGEM,SP,Sao Paulo,2026-07-27,2026-07,2026,12
PARÇA,SAFARI MONTAGEM,SP,Sao Paulo,2026-07-28,2026-07,2026,17
PARÇA,SAFARI MONTAGEM,SP,Sao Vicente,2026-01-06,2026-01,2026,3
PARÇA,SAFARI MONTAGEM,SP,Sao Vicente,2026-01-14,2026-01,2026,3
PARÇA,SAFARI MONTAGEM,SP,Sao Vicente,2026-01-19,2026-01,2026,1
PARÇA,SAFARI MONTAGEM,SP,Sao Vicente,2026-01-20,2026-01,2026,4
PARÇA,SAFARI MONTAGEM,SP,Sao Vicente,2026-01-29,2026-01,2026,3
PARÇA,SAFARI MONTAGEM,SP,Sao Vicente,2026-01-30,2026-01,2026,3
PARÇA,SAFARI MONTAGEM,SP,Sao Vicente,2026-02-03,2026-02,2026,2
PARÇA,SAFARI MONTAGEM,SP,Sao Vicente,2026-02-12,2026-02,2026,3
PARÇA,SAFARI MONTAGEM,SP,Sao Vicente,2026-02-19,2026-02,2026,4
PARÇA,SAFARI MONTAGEM,SP,Sao Vicente,2026-03-02,2026-03,2026,1
PARÇA,SAFARI MONTAGEM,SP,Sao Vicente,2026-03-10,2026-03,2026,1
PARÇA,SAFARI MONTAGEM,SP,Sao Vicente,2026-03-17,2026-03,2026,1
PARÇA,SAFARI MONTAGEM,SP,Sao Vicente,2026-03-18,2026-03,2026,1
PARÇA,SAFARI MONTAGEM,SP,Sao Vicente,2026-03-24,2026-03,2026,3
PARÇA,SAFARI MONTAGEM,SP,Sao Vicente,2026-04-07,2026-04,2026,3
PARÇA,SAFARI MONTAGEM,SP,Sao Vicente,2026-04-16,2026-04,2026,1
PARÇA,SAFARI MONTAGEM,SP,Sao Vicente,2026-04-27,2026-04,2026,3
PARÇA,SAFARI MONTAGEM,SP,Sao Vicente,2026-05-12,2026-05,2026,7
PARÇA,SAFARI MONTAGEM,SP,Sao Vicente,2026-05-25,2026-05,2026,2
PARÇA,SAFARI MONTAGEM,SP,Sao Vicente,2026-05-26,2026-05,2026,2
PARÇA,SAFARI MONTAGEM,SP,Sao Vicente,2026-06-02,2026-06,2026,2
PARÇA,SAFARI MONTAGEM,SP,Sao Vicente,2026-06-03,2026-06,2026,1
PARÇA,SAFARI MONTAGEM,SP,Sao Vicente,2026-06-09,2026-06,2026,5
PARÇA,SAFARI MONTAGEM,SP,Sao Vicente,2026-06-23,2026-06,2026,3
PARÇA,SAFARI MONTAGEM,SP,Sao Vicente,2026-06-24,2026-06,2026,1
PARÇA,SAFARI MONTAGEM,SP,Sao Vicente,2026-06-30,2026-06,2026,6
PARÇA,SAFARI MONTAGEM,SP,Sao Vicente,2026-07-03,2026-07,2026,1
PARÇA,SAFARI MONTAGEM,SP,Sao Vicente,2026-07-07,2026-07,2026,3
PARÇA,SAFARI MONTAGEM,SP,Sao Vicente,2026-07-14,2026-07,2026,4
PARÇA,SAFARI MONTAGEM,SP,Sao Vicente,2026-07-16,2026-07,2026,1
PARÇA,SAFARI MONTAGEM,SP,Sao Vicente,2026-07-17,2026-07,2026,1
PARÇA,SAFARI MONTAGEM,SP,Sao Vicente,2026-07-21,2026-07,2026,2
PARÇA,SAFARI MONTAGEM,SP,Sao Vicente,2026-07-28,2026-07,2026,7
PARÇA,SAFARI MONTAGEM,SP,Suzano,2026-01-09,2026-01,2026,1
PARÇA,SAFARI MONTAGEM,SP,Suzano,2026-01-10,2026-01,2026,1
PARÇA,SAFARI MONTAGEM,SP,Suzano,2026-01-13,2026-01,2026,3
PARÇA,SAFARI MONTAGEM,SP,Suzano,2026-01-22,2026-01,2026,5
PARÇA,SAFARI MONTAGEM,SP,Suzano,2026-01-26,2026-01,2026,1
PARÇA,SAFARI MONTAGEM,SP,Suzano,2026-01-29,2026-01,2026,1
PARÇA,SAFARI MONTAGEM,SP,Suzano,2026-02-02,2026-02,2026,5
PARÇA,SAFARI MONTAGEM,SP,Suzano,2026-02-14,2026-02,2026,2
PARÇA,SAFARI MONTAGEM,SP,Suzano,2026-02-16,2026-02,2026,1
PARÇA,SAFARI MONTAGEM,SP,Suzano,2026-02-21,2026-02,2026,5
PARÇA,SAFARI MONTAGEM,SP,Suzano,2026-03-03,2026-03,2026,2
PARÇA,SAFARI MONTAGEM,SP,Suzano,2026-03-09,2026-03,2026,4
PARÇA,SAFARI MONTAGEM,SP,Suzano,2026-03-18,2026-03,2026,7
PARÇA,SAFARI MONTAGEM,SP,Suzano,2026-04-07,2026-04,2026,1
PARÇA,SAFARI MONTAGEM,SP,Suzano,2026-04-17,2026-04,2026,1
PARÇA,SAFARI MONTAGEM,SP,Suzano,2026-04-25,2026-04,2026,2
PARÇA,SAFARI MONTAGEM,SP,Suzano,2026-04-27,2026-04,2026,1
PARÇA,SAFARI MONTAGEM,SP,Suzano,2026-05-13,2026-05,2026,4
PARÇA,SAFARI MONTAGEM,SP,Suzano,2026-05-15,2026-05,2026,1
PARÇA,SAFARI MONTAGEM,SP,Suzano,2026-05-27,2026-05,2026,2
PARÇA,SAFARI MONTAGEM,SP,Suzano,2026-05-28,2026-05,2026,1
PARÇA,SAFARI MONTAGEM,SP,Suzano,2026-06-05,2026-06,2026,1
PARÇA,SAFARI MONTAGEM,SP,Suzano,2026-06-15,2026-06,2026,4
PARÇA,SAFARI MONTAGEM,SP,Suzano,2026-06-24,2026-06,2026,2
PARÇA,SAFARI MONTAGEM,SP,Suzano,2026-07-04,2026-07,2026,7
PARÇA,SAFARI MONTAGEM,SP,Suzano,2026-07-15,2026-07,2026,3
PARÇA,SAFARI MONTAGEM,SP,Suzano,2026-07-20,2026-07,2026,1
PARÇA,SAFARI MONTAGEM,SP,Suzano,2026-07-27,2026-07,2026,1
PARÇA,SAFARI MONTAGEM,SP,Taboao da Serra,2026-01-09,2026-01,2026,1
PARÇA,SAFARI MONTAGEM,SP,Taboao da Serra,2026-01-15,2026-01,2026,6
PARÇA,SAFARI MONTAGEM,SP,Taboao da Serra,2026-01-21,2026-01,2026,2
PARÇA,SAFARI MONTAGEM,SP,Taboao da Serra,2026-01-23,2026-01,2026,3
PARÇA,SAFARI MONTAGEM,SP,Taboao da Serra,2026-02-05,2026-02,2026,2
PARÇA,SAFARI MONTAGEM,SP,Taboao da Serra,2026-02-12,2026-02,2026,1
PARÇA,SAFARI MONTAGEM,SP,Taboao da Serra,2026-02-16,2026-02,2026,2
PARÇA,SAFARI MONTAGEM,SP,Taboao da Serra,2026-02-18,2026-02,2026,5
PARÇA,SAFARI MONTAGEM,SP,Taboao da Serra,2026-02-23,2026-02,2026,1
PARÇA,SAFARI MONTAGEM,SP,Taboao da Serra,2026-03-04,2026-03,2026,2
PARÇA,SAFARI MONTAGEM,SP,Taboao da Serra,2026-03-09,2026-03,2026,3
PARÇA,SAFARI MONTAGEM,SP,Taboao da Serra,2026-03-11,2026-03,2026,1
PARÇA,SAFARI MONTAGEM,SP,Taboao da Serra,2026-03-12,2026-03,2026,1
PARÇA,SAFARI MONTAGEM,SP,Taboao da Serra,2026-03-24,2026-03,2026,1
PARÇA,SAFARI MONTAGEM,SP,Taboao da Serra,2026-03-25,2026-03,2026,2
PARÇA,SAFARI MONTAGEM,SP,Taboao da Serra,2026-03-31,2026-03,2026,1
PARÇA,SAFARI MONTAGEM,SP,Taboao da Serra,2026-04-01,2026-04,2026,5
PARÇA,SAFARI MONTAGEM,SP,Taboao da Serra,2026-04-06,2026-04,2026,1
PARÇA,SAFARI MONTAGEM,SP,Taboao da Serra,2026-04-09,2026-04,2026,2
PARÇA,SAFARI MONTAGEM,SP,Taboao da Serra,2026-04-14,2026-04,2026,2
PARÇA,SAFARI MONTAGEM,SP,Taboao da Serra,2026-04-15,2026-04,2026,2
PARÇA,SAFARI MONTAGEM,SP,Taboao da Serra,2026-04-23,2026-04,2026,1
PARÇA,SAFARI MONTAGEM,SP,Taboao da Serra,2026-04-29,2026-04,2026,2
PARÇA,SAFARI MONTAGEM,SP,Taboao da Serra,2026-05-04,2026-05,2026,2
PARÇA,SAFARI MONTAGEM,SP,Taboao da Serra,2026-05-13,2026-05,2026,1
PARÇA,SAFARI MONTAGEM,SP,Taboao da Serra,2026-06-03,2026-06,2026,1
PARÇA,SAFARI MONTAGEM,SP,Taboao da Serra,2026-06-09,2026-06,2026,7
PARÇA,SAFARI MONTAGEM,SP,Taboao da Serra,2026-06-15,2026-06,2026,2
PARÇA,SAFARI MONTAGEM,SP,Taboao da Serra,2026-06-17,2026-06,2026,1
PARÇA,SAFARI MONTAGEM,SP,Taboao da Serra,2026-06-24,2026-06,2026,1
PARÇA,SAFARI MONTAGEM,SP,Taboao da Serra,2026-07-01,2026-07,2026,4
PARÇA,SAFARI MONTAGEM,SP,Taboao da Serra,2026-07-07,2026-07,2026,1
PARÇA,SAFARI MONTAGEM,SP,Taboao da Serra,2026-07-13,2026-07,2026,1
PARÇA,SAFARI MONTAGEM,SP,Taboao da Serra,2026-07-14,2026-07,2026,1
PARÇA,SAFARI MONTAGEM,SP,Taboao da Serra,2026-07-23,2026-07,2026,2
PARÇA,SAFARI MONTAGEM,SP,Taubate,2026-01-07,2026-01,2026,1
PARÇA,SAFARI MONTAGEM,SP,Taubate,2026-01-08,2026-01,2026,1
PARÇA,SAFARI MONTAGEM,SP,Taubate,2026-01-26,2026-01,2026,2
PARÇA,SAFARI MONTAGEM,SP,Taubate,2026-02-02,2026-02,2026,3
PARÇA,SAFARI MONTAGEM,SP,Taubate,2026-02-09,2026-02,2026,4
PARÇA,SAFARI MONTAGEM,SP,Taubate,2026-02-19,2026-02,2026,3
PARÇA,SAFARI MONTAGEM,SP,Taubate,2026-02-26,2026-02,2026,3
PARÇA,SAFARI MONTAGEM,SP,Taubate,2026-03-03,2026-03,2026,1
PARÇA,SAFARI MONTAGEM,SP,Taubate,2026-03-09,2026-03,2026,1
PARÇA,SAFARI MONTAGEM,SP,Taubate,2026-03-16,2026-03,2026,2
PARÇA,SAFARI MONTAGEM,SP,Taubate,2026-03-27,2026-03,2026,5
PARÇA,SAFARI MONTAGEM,SP,Taubate,2026-04-06,2026-04,2026,2
PARÇA,SAFARI MONTAGEM,SP,Taubate,2026-04-13,2026-04,2026,1
PARÇA,SAFARI MONTAGEM,SP,Taubate,2026-04-30,2026-04,2026,2
PARÇA,SAFARI MONTAGEM,SP,Taubate,2026-05-15,2026-05,2026,1
PARÇA,SAFARI MONTAGEM,SP,Taubate,2026-05-28,2026-05,2026,3
PARÇA,SAFARI MONTAGEM,SP,Taubate,2026-05-29,2026-05,2026,1
PARÇA,SAFARI MONTAGEM,SP,Taubate,2026-06-02,2026-06,2026,3
PARÇA,SAFARI MONTAGEM,SP,Taubate,2026-06-11,2026-06,2026,4
PARÇA,SAFARI MONTAGEM,SP,Taubate,2026-06-25,2026-06,2026,2
PARÇA,SAFARI MONTAGEM,SP,Taubate,2026-07-03,2026-07,2026,3
PARÇA,SAFARI MONTAGEM,SP,Taubate,2026-07-14,2026-07,2026,5
PARÇA,SAFARI MONTAGEM,SP,Taubate,2026-07-20,2026-07,2026,1
PARÇA,SAFARI MONTAGEM,SP,Taubate,2026-07-24,2026-07,2026,1
PARÇA,SAFARI MONTAGEM,SP,Vargem Grande Paulista,2026-01-05,2026-01,2026,1
PARÇA,SAFARI MONTAGEM,SP,Vargem Grande Paulista,2026-01-12,2026-01,2026,2
PARÇA,SAFARI MONTAGEM,SP,Vargem Grande Paulista,2026-01-26,2026-01,2026,2
PARÇA,SAFARI MONTAGEM,SP,Vargem Grande Paulista,2026-03-18,2026-03,2026,1
PARÇA,SAFARI MONTAGEM,SP,Vargem Grande Paulista,2026-04-28,2026-04,2026,3
PARÇA,SAFARI MONTAGEM,SP,Vargem Grande Paulista,2026-06-23,2026-06,2026,1
PARÇA,SAFARI MONTAGEM,SP,Vargem Grande Paulista,2026-07-20,2026-07,2026,1
PARÇA,SALDAO CAMPINAS,SP,Aluminio,2026-01-19,2026-01,2026,1
PARÇA,SALDAO CAMPINAS,SP,Aluminio,2026-06-17,2026-06,2026,1
PARÇA,SALDAO CAMPINAS,SP,Americana,2026-01-07,2026-01,2026,6
PARÇA,SALDAO CAMPINAS,SP,Americana,2026-01-08,2026-01,2026,1
PARÇA,SALDAO CAMPINAS,SP,Americana,2026-01-12,2026-01,2026,1
PARÇA,SALDAO CAMPINAS,SP,Americana,2026-01-19,2026-01,2026,1
PARÇA,SALDAO CAMPINAS,SP,Americana,2026-01-22,2026-01,2026,1
PARÇA,SALDAO CAMPINAS,SP,Americana,2026-01-23,2026-01,2026,1
PARÇA,SALDAO CAMPINAS,SP,Americana,2026-01-27,2026-01,2026,1
PARÇA,SALDAO CAMPINAS,SP,Americana,2026-02-04,2026-02,2026,3
PARÇA,SALDAO CAMPINAS,SP,Americana,2026-02-05,2026-02,2026,1
PARÇA,SALDAO CAMPINAS,SP,Americana,2026-02-13,2026-02,2026,1
PARÇA,SALDAO CAMPINAS,SP,Americana,2026-02-20,2026-02,2026,3
PARÇA,SALDAO CAMPINAS,SP,Americana,2026-02-26,2026-02,2026,3
PARÇA,SALDAO CAMPINAS,SP,Americana,2026-03-11,2026-03,2026,1
PARÇA,SALDAO CAMPINAS,SP,Americana,2026-03-25,2026-03,2026,1
PARÇA,SALDAO CAMPINAS,SP,Americana,2026-04-08,2026-04,2026,2
PARÇA,SALDAO CAMPINAS,SP,Americana,2026-04-13,2026-04,2026,3
PARÇA,SALDAO CAMPINAS,SP,Americana,2026-04-17,2026-04,2026,1
PARÇA,SALDAO CAMPINAS,SP,Americana,2026-04-23,2026-04,2026,1
PARÇA,SALDAO CAMPINAS,SP,Americana,2026-04-28,2026-04,2026,3
PARÇA,SALDAO CAMPINAS,SP,Americana,2026-05-13,2026-05,2026,4
PARÇA,SALDAO CAMPINAS,SP,Americana,2026-05-19,2026-05,2026,1
PARÇA,SALDAO CAMPINAS,SP,Americana,2026-05-26,2026-05,2026,5
PARÇA,SALDAO CAMPINAS,SP,Americana,2026-06-01,2026-06,2026,1
PARÇA,SALDAO CAMPINAS,SP,Americana,2026-06-10,2026-06,2026,3
PARÇA,SALDAO CAMPINAS,SP,Americana,2026-06-19,2026-06,2026,1
PARÇA,SALDAO CAMPINAS,SP,Americana,2026-06-24,2026-06,2026,3
PARÇA,SALDAO CAMPINAS,SP,Americana,2026-06-30,2026-06,2026,1
PARÇA,SALDAO CAMPINAS,SP,Americana,2026-07-07,2026-07,2026,3
PARÇA,SALDAO CAMPINAS,SP,Americana,2026-07-08,2026-07,2026,1
PARÇA,SALDAO CAMPINAS,SP,Americana,2026-07-14,2026-07,2026,1
PARÇA,SALDAO CAMPINAS,SP,Americana,2026-07-17,2026-07,2026,1
PARÇA,SALDAO CAMPINAS,SP,Americana,2026-07-21,2026-07,2026,3
PARÇA,SALDAO CAMPINAS,SP,Americana,2026-07-28,2026-07,2026,1
PARÇA,SALDAO CAMPINAS,SP,Aracariguama,2026-01-07,2026-01,2026,1
PARÇA,SALDAO CAMPINAS,SP,Aracariguama,2026-01-12,2026-01,2026,1
PARÇA,SALDAO CAMPINAS,SP,Aracariguama,2026-01-22,2026-01,2026,2
PARÇA,SALDAO CAMPINAS,SP,Aracariguama,2026-03-12,2026-03,2026,1
PARÇA,SALDAO CAMPINAS,SP,Aracariguama,2026-03-19,2026-03,2026,1
PARÇA,SALDAO CAMPINAS,SP,Aracariguama,2026-04-07,2026-04,2026,1
PARÇA,SALDAO CAMPINAS,SP,Aracariguama,2026-04-14,2026-04,2026,2
PARÇA,SALDAO CAMPINAS,SP,Aracariguama,2026-05-15,2026-05,2026,1
PARÇA,SALDAO CAMPINAS,SP,Aracoiaba da Serra,2026-01-13,2026-01,2026,1
PARÇA,SALDAO CAMPINAS,SP,Aracoiaba da Serra,2026-01-16,2026-01,2026,1
PARÇA,SALDAO CAMPINAS,SP,Aracoiaba da Serra,2026-02-06,2026-02,2026,1
PARÇA,SALDAO CAMPINAS,SP,Aracoiaba da Serra,2026-03-06,2026-03,2026,1
PARÇA,SALDAO CAMPINAS,SP,Aracoiaba da Serra,2026-04-07,2026-04,2026,2
PARÇA,SALDAO CAMPINAS,SP,Aracoiaba da Serra,2026-05-11,2026-05,2026,1
PARÇA,SALDAO CAMPINAS,SP,Aracoiaba da Serra,2026-06-11,2026-06,2026,1
PARÇA,SALDAO CAMPINAS,SP,Aracoiaba da Serra,2026-07-13,2026-07,2026,1
PARÇA,SALDAO CAMPINAS,SP,Aracoiaba da Serra,2026-07-24,2026-07,2026,1
PARÇA,SALDAO CAMPINAS,SP,Araras,2026-01-07,2026-01,2026,1
PARÇA,SALDAO CAMPINAS,SP,Araras,2026-01-15,2026-01,2026,1
PARÇA,SALDAO CAMPINAS,SP,Araras,2026-01-22,2026-01,2026,1
PARÇA,SALDAO CAMPINAS,SP,Araras,2026-01-23,2026-01,2026,1
PARÇA,SALDAO CAMPINAS,SP,Araras,2026-02-04,2026-02,2026,1
PARÇA,SALDAO CAMPINAS,SP,Araras,2026-02-12,2026-02,2026,1
PARÇA,SALDAO CAMPINAS,SP,Araras,2026-02-13,2026-02,2026,2
PARÇA,SALDAO CAMPINAS,SP,Araras,2026-03-05,2026-03,2026,2
PARÇA,SALDAO CAMPINAS,SP,Araras,2026-04-01,2026-04,2026,1
PARÇA,SALDAO CAMPINAS,SP,Araras,2026-04-08,2026-04,2026,1
PARÇA,SALDAO CAMPINAS,SP,Araras,2026-04-23,2026-04,2026,1
PARÇA,SALDAO CAMPINAS,SP,Araras,2026-05-06,2026-05,2026,1
PARÇA,SALDAO CAMPINAS,SP,Araras,2026-05-26,2026-05,2026,1
PARÇA,SALDAO CAMPINAS,SP,Araras,2026-06-10,2026-06,2026,2
PARÇA,SALDAO CAMPINAS,SP,Araras,2026-06-15,2026-06,2026,3
PARÇA,SALDAO CAMPINAS,SP,Araras,2026-06-24,2026-06,2026,2
PARÇA,SALDAO CAMPINAS,SP,Araras,2026-07-07,2026-07,2026,1
PARÇA,SALDAO CAMPINAS,SP,Araras,2026-07-14,2026-07,2026,1
PARÇA,SALDAO CAMPINAS,SP,Araras,2026-07-21,2026-07,2026,2
PARÇA,SALDAO CAMPINAS,SP,Artur Nogueira,2026-01-07,2026-01,2026,1
PARÇA,SALDAO CAMPINAS,SP,Artur Nogueira,2026-05-13,2026-05,2026,1
PARÇA,SALDAO CAMPINAS,SP,Artur Nogueira,2026-06-24,2026-06,2026,1
PARÇA,SALDAO CAMPINAS,SP,Artur Nogueira,2026-07-28,2026-07,2026,1
PARÇA,SALDAO CAMPINAS,SP,Atibaia,2026-01-08,2026-01,2026,2
PARÇA,SALDAO CAMPINAS,SP,Atibaia,2026-02-02,2026-02,2026,1
PARÇA,SALDAO CAMPINAS,SP,Atibaia,2026-02-18,2026-02,2026,3
PARÇA,SALDAO CAMPINAS,SP,Atibaia,2026-02-25,2026-02,2026,1
PARÇA,SALDAO CAMPINAS,SP,Atibaia,2026-03-09,2026-03,2026,2
PARÇA,SALDAO CAMPINAS,SP,Atibaia,2026-03-18,2026-03,2026,5
PARÇA,SALDAO CAMPINAS,SP,Atibaia,2026-03-23,2026-03,2026,2
PARÇA,SALDAO CAMPINAS,SP,Atibaia,2026-03-30,2026-03,2026,1
PARÇA,SALDAO CAMPINAS,SP,Atibaia,2026-04-06,2026-04,2026,1
PARÇA,SALDAO CAMPINAS,SP,Atibaia,2026-04-15,2026-04,2026,2
PARÇA,SALDAO CAMPINAS,SP,Atibaia,2026-04-22,2026-04,2026,3
PARÇA,SALDAO CAMPINAS,SP,Atibaia,2026-04-30,2026-04,2026,2
PARÇA,SALDAO CAMPINAS,SP,Atibaia,2026-05-06,2026-05,2026,1
PARÇA,SALDAO CAMPINAS,SP,Atibaia,2026-05-08,2026-05,2026,2
PARÇA,SALDAO CAMPINAS,SP,Atibaia,2026-05-14,2026-05,2026,2
PARÇA,SALDAO CAMPINAS,SP,Atibaia,2026-05-21,2026-05,2026,3
PARÇA,SALDAO CAMPINAS,SP,Atibaia,2026-05-28,2026-05,2026,1
PARÇA,SALDAO CAMPINAS,SP,Atibaia,2026-06-08,2026-06,2026,1
PARÇA,SALDAO CAMPINAS,SP,Atibaia,2026-06-16,2026-06,2026,2
PARÇA,SALDAO CAMPINAS,SP,Atibaia,2026-06-22,2026-06,2026,1
PARÇA,SALDAO CAMPINAS,SP,Atibaia,2026-07-03,2026-07,2026,1
PARÇA,SALDAO CAMPINAS,SP,Atibaia,2026-07-10,2026-07,2026,2
PARÇA,SALDAO CAMPINAS,SP,Atibaia,2026-07-16,2026-07,2026,1
PARÇA,SALDAO CAMPINAS,SP,Atibaia,2026-07-23,2026-07,2026,1
PARÇA,SALDAO CAMPINAS,SP,Boituva,2026-01-06,2026-01,2026,1
PARÇA,SALDAO CAMPINAS,SP,Boituva,2026-02-03,2026-02,2026,1
PARÇA,SALDAO CAMPINAS,SP,Boituva,2026-03-06,2026-03,2026,2
PARÇA,SALDAO CAMPINAS,SP,Boituva,2026-04-07,2026-04,2026,1
PARÇA,SALDAO CAMPINAS,SP,Boituva,2026-04-10,2026-04,2026,2
PARÇA,SALDAO CAMPINAS,SP,Boituva,2026-04-27,2026-04,2026,1
PARÇA,SALDAO CAMPINAS,SP,Boituva,2026-05-20,2026-05,2026,1
PARÇA,SALDAO CAMPINAS,SP,Boituva,2026-06-17,2026-06,2026,1
PARÇA,SALDAO CAMPINAS,SP,Boituva,2026-07-01,2026-07,2026,1
PARÇA,SALDAO CAMPINAS,SP,Boituva,2026-07-13,2026-07,2026,3
PARÇA,SALDAO CAMPINAS,SP,Boituva,2026-07-17,2026-07,2026,1
PARÇA,SALDAO CAMPINAS,SP,Boituva,2026-07-24,2026-07,2026,1
PARÇA,SALDAO CAMPINAS,SP,Cabreuva,2026-02-10,2026-02,2026,1
PARÇA,SALDAO CAMPINAS,SP,Cabreuva,2026-02-25,2026-02,2026,1
PARÇA,SALDAO CAMPINAS,SP,Cabreuva,2026-03-06,2026-03,2026,1
PARÇA,SALDAO CAMPINAS,SP,Cabreuva,2026-03-30,2026-03,2026,1
PARÇA,SALDAO CAMPINAS,SP,Cabreuva,2026-04-06,2026-04,2026,1
PARÇA,SALDAO CAMPINAS,SP,Cabreuva,2026-05-28,2026-05,2026,1
PARÇA,SALDAO CAMPINAS,SP,Cabreuva,2026-06-17,2026-06,2026,1
PARÇA,SALDAO CAMPINAS,SP,Cabreuva,2026-07-22,2026-07,2026,1
PARÇA,SALDAO CAMPINAS,SP,Campinas,2026-01-07,2026-01,2026,1
PARÇA,SALDAO CAMPINAS,SP,Campinas,2026-01-09,2026-01,2026,16
PARÇA,SALDAO CAMPINAS,SP,Campinas,2026-01-13,2026-01,2026,9
PARÇA,SALDAO CAMPINAS,SP,Campinas,2026-01-19,2026-01,2026,1
PARÇA,SALDAO CAMPINAS,SP,Campinas,2026-01-21,2026-01,2026,13
PARÇA,SALDAO CAMPINAS,SP,Campinas,2026-01-26,2026-01,2026,7
PARÇA,SALDAO CAMPINAS,SP,Campinas,2026-01-27,2026-01,2026,3
PARÇA,SALDAO CAMPINAS,SP,Campinas,2026-01-28,2026-01,2026,1
PARÇA,SALDAO CAMPINAS,SP,Campinas,2026-01-30,2026-01,2026,11
PARÇA,SALDAO CAMPINAS,SP,Campinas,2026-02-02,2026-02,2026,2
PARÇA,SALDAO CAMPINAS,SP,Campinas,2026-02-04,2026-02,2026,1
PARÇA,SALDAO CAMPINAS,SP,Campinas,2026-02-05,2026-02,2026,9
PARÇA,SALDAO CAMPINAS,SP,Campinas,2026-02-09,2026-02,2026,6
PARÇA,SALDAO CAMPINAS,SP,Campinas,2026-02-17,2026-02,2026,10
PARÇA,SALDAO CAMPINAS,SP,Campinas,2026-02-23,2026-02,2026,7
PARÇA,SALDAO CAMPINAS,SP,Campinas,2026-02-27,2026-02,2026,8
PARÇA,SALDAO CAMPINAS,SP,Campinas,2026-03-02,2026-03,2026,1
PARÇA,SALDAO CAMPINAS,SP,Campinas,2026-03-04,2026-03,2026,5
PARÇA,SALDAO CAMPINAS,SP,Campinas,2026-03-10,2026-03,2026,8
PARÇA,SALDAO CAMPINAS,SP,Campinas,2026-03-13,2026-03,2026,9
PARÇA,SALDAO CAMPINAS,SP,Campinas,2026-03-17,2026-03,2026,6
PARÇA,SALDAO CAMPINAS,SP,Campinas,2026-03-20,2026-03,2026,8
PARÇA,SALDAO CAMPINAS,SP,Campinas,2026-03-23,2026-03,2026,2
PARÇA,SALDAO CAMPINAS,SP,Campinas,2026-03-26,2026-03,2026,5
PARÇA,SALDAO CAMPINAS,SP,Campinas,2026-03-27,2026-03,2026,1
PARÇA,SALDAO CAMPINAS,SP,Campinas,2026-03-30,2026-03,2026,2
PARÇA,SALDAO CAMPINAS,SP,Campinas,2026-03-31,2026-03,2026,1
PARÇA,SALDAO CAMPINAS,SP,Campinas,2026-04-02,2026-04,2026,11
PARÇA,SALDAO CAMPINAS,SP,Campinas,2026-04-06,2026-04,2026,2
PARÇA,SALDAO CAMPINAS,SP,Campinas,2026-04-09,2026-04,2026,8
PARÇA,SALDAO CAMPINAS,SP,Campinas,2026-04-16,2026-04,2026,7
PARÇA,SALDAO CAMPINAS,SP,Campinas,2026-04-22,2026-04,2026,1
PARÇA,SALDAO CAMPINAS,SP,Campinas,2026-04-24,2026-04,2026,13
PARÇA,SALDAO CAMPINAS,SP,Campinas,2026-04-28,2026-04,2026,1
PARÇA,SALDAO CAMPINAS,SP,Campinas,2026-04-29,2026-04,2026,5
PARÇA,SALDAO CAMPINAS,SP,Campinas,2026-05-05,2026-05,2026,17
PARÇA,SALDAO CAMPINAS,SP,Campinas,2026-05-06,2026-05,2026,2
PARÇA,SALDAO CAMPINAS,SP,Campinas,2026-05-12,2026-05,2026,12
PARÇA,SALDAO CAMPINAS,SP,Campinas,2026-05-15,2026-05,2026,1
PARÇA,SALDAO CAMPINAS,SP,Campinas,2026-05-18,2026-05,2026,11
PARÇA,SALDAO CAMPINAS,SP,Campinas,2026-05-22,2026-05,2026,1
PARÇA,SALDAO CAMPINAS,SP,Campinas,2026-05-25,2026-05,2026,11
PARÇA,SALDAO CAMPINAS,SP,Campinas,2026-05-27,2026-05,2026,1
PARÇA,SALDAO CAMPINAS,SP,Campinas,2026-05-29,2026-05,2026,9
PARÇA,SALDAO CAMPINAS,SP,Campinas,2026-06-05,2026-06,2026,8
PARÇA,SALDAO CAMPINAS,SP,Campinas,2026-06-09,2026-06,2026,8
PARÇA,SALDAO CAMPINAS,SP,Campinas,2026-06-10,2026-06,2026,2
PARÇA,SALDAO CAMPINAS,SP,Campinas,2026-06-11,2026-06,2026,1
PARÇA,SALDAO CAMPINAS,SP,Campinas,2026-06-12,2026-06,2026,6
PARÇA,SALDAO CAMPINAS,SP,Campinas,2026-06-18,2026-06,2026,7
PARÇA,SALDAO CAMPINAS,SP,Campinas,2026-06-22,2026-06,2026,2
PARÇA,SALDAO CAMPINAS,SP,Campinas,2026-06-25,2026-06,2026,9
PARÇA,SALDAO CAMPINAS,SP,Campinas,2026-07-03,2026-07,2026,9
PARÇA,SALDAO CAMPINAS,SP,Campinas,2026-07-06,2026-07,2026,1
PARÇA,SALDAO CAMPINAS,SP,Campinas,2026-07-08,2026-07,2026,9
PARÇA,SALDAO CAMPINAS,SP,Campinas,2026-07-13,2026-07,2026,1
PARÇA,SALDAO CAMPINAS,SP,Campinas,2026-07-15,2026-07,2026,13
PARÇA,SALDAO CAMPINAS,SP,Campinas,2026-07-22,2026-07,2026,7
PARÇA,SALDAO CAMPINAS,SP,Campinas,2026-07-23,2026-07,2026,3
PARÇA,SALDAO CAMPINAS,SP,Campinas,2026-07-25,2026-07,2026,1
PARÇA,SALDAO CAMPINAS,SP,Campinas,2026-07-29,2026-07,2026,10
PARÇA,SALDAO CAMPINAS,SP,Campo Limpo Paulista,2026-01-08,2026-01,2026,2
PARÇA,SALDAO CAMPINAS,SP,Campo Limpo Paulista,2026-01-15,2026-01,2026,1
PARÇA,SALDAO CAMPINAS,SP,Campo Limpo Paulista,2026-01-28,2026-01,2026,2
PARÇA,SALDAO CAMPINAS,SP,Campo Limpo Paulista,2026-03-18,2026-03,2026,1
PARÇA,SALDAO CAMPINAS,SP,Campo Limpo Paulista,2026-04-06,2026-04,2026,1
PARÇA,SALDAO CAMPINAS,SP,Campo Limpo Paulista,2026-04-22,2026-04,2026,1
PARÇA,SALDAO CAMPINAS,SP,Campo Limpo Paulista,2026-05-14,2026-05,2026,1
PARÇA,SALDAO CAMPINAS,SP,Campo Limpo Paulista,2026-05-21,2026-05,2026,1
PARÇA,SALDAO CAMPINAS,SP,Campo Limpo Paulista,2026-06-16,2026-06,2026,1
PARÇA,SALDAO CAMPINAS,SP,Capela do Alto,2026-01-19,2026-01,2026,1
PARÇA,SALDAO CAMPINAS,SP,Capela do Alto,2026-03-02,2026-03,2026,1
PARÇA,SALDAO CAMPINAS,SP,Capela do Alto,2026-04-10,2026-04,2026,1
PARÇA,SALDAO CAMPINAS,SP,Capela do Alto,2026-04-27,2026-04,2026,1
PARÇA,SALDAO CAMPINAS,SP,Capela do Alto,2026-05-15,2026-05,2026,1
PARÇA,SALDAO CAMPINAS,SP,Capela do Alto,2026-05-20,2026-05,2026,1
PARÇA,SALDAO CAMPINAS,SP,Capela do Alto,2026-07-01,2026-07,2026,1
PARÇA,SALDAO CAMPINAS,SP,Capivari,2026-01-29,2026-01,2026,1
PARÇA,SALDAO CAMPINAS,SP,Capivari,2026-03-27,2026-03,2026,1
PARÇA,SALDAO CAMPINAS,SP,Capivari,2026-04-23,2026-04,2026,1
PARÇA,SALDAO CAMPINAS,SP,Capivari,2026-05-13,2026-05,2026,1
PARÇA,SALDAO CAMPINAS,SP,Capivari,2026-06-01,2026-06,2026,1
PARÇA,SALDAO CAMPINAS,SP,Capivari,2026-07-07,2026-07,2026,1
PARÇA,SALDAO CAMPINAS,SP,Capivari,2026-07-22,2026-07,2026,1
PARÇA,SALDAO CAMPINAS,SP,Cerquilho,2026-01-13,2026-01,2026,1
PARÇA,SALDAO CAMPINAS,SP,Cerquilho,2026-02-11,2026-02,2026,2
PARÇA,SALDAO CAMPINAS,SP,Cerquilho,2026-03-02,2026-03,2026,1
PARÇA,SALDAO CAMPINAS,SP,Cerquilho,2026-03-12,2026-03,2026,1
PARÇA,SALDAO CAMPINAS,SP,Cerquilho,2026-03-26,2026-03,2026,1
PARÇA,SALDAO CAMPINAS,SP,Cerquilho,2026-04-07,2026-04,2026,2
PARÇA,SALDAO CAMPINAS,SP,Cerquilho,2026-04-14,2026-04,2026,1
PARÇA,SALDAO CAMPINAS,SP,Cerquilho,2026-04-27,2026-04,2026,2
PARÇA,SALDAO CAMPINAS,SP,Cerquilho,2026-05-15,2026-05,2026,1
PARÇA,SALDAO CAMPINAS,SP,Cerquilho,2026-06-11,2026-06,2026,1
PARÇA,SALDAO CAMPINAS,SP,Cerquilho,2026-07-06,2026-07,2026,1
PARÇA,SALDAO CAMPINAS,SP,Cerquilho,2026-07-24,2026-07,2026,2
PARÇA,SALDAO CAMPINAS,SP,Cerquilho,2026-07-27,2026-07,2026,1
PARÇA,SALDAO CAMPINAS,SP,Cesario Lange,2026-02-24,2026-02,2026,1
PARÇA,SALDAO CAMPINAS,SP,Cesario Lange,2026-03-24,2026-03,2026,1
PARÇA,SALDAO CAMPINAS,SP,Conchal,2026-01-15,2026-01,2026,1
PARÇA,SALDAO CAMPINAS,SP,Conchal,2026-03-05,2026-03,2026,1
PARÇA,SALDAO CAMPINAS,SP,Conchal,2026-05-19,2026-05,2026,1
PARÇA,SALDAO CAMPINAS,SP,Cosmopolis,2026-01-19,2026-01,2026,2
PARÇA,SALDAO CAMPINAS,SP,Cosmopolis,2026-02-04,2026-02,2026,2
PARÇA,SALDAO CAMPINAS,SP,Cosmopolis,2026-03-31,2026-03,2026,1
PARÇA,SALDAO CAMPINAS,SP,Cosmopolis,2026-04-08,2026-04,2026,1
PARÇA,SALDAO CAMPINAS,SP,Cosmopolis,2026-04-28,2026-04,2026,1
PARÇA,SALDAO CAMPINAS,SP,Cosmopolis,2026-05-06,2026-05,2026,2
PARÇA,SALDAO CAMPINAS,SP,Cosmopolis,2026-06-10,2026-06,2026,1
PARÇA,SALDAO CAMPINAS,SP,Cosmopolis,2026-07-28,2026-07,2026,3
PARÇA,SALDAO CAMPINAS,SP,Engenheiro Coelho,2026-01-07,2026-01,2026,2
PARÇA,SALDAO CAMPINAS,SP,Engenheiro Coelho,2026-06-01,2026-06,2026,1
PARÇA,SALDAO CAMPINAS,SP,Engenheiro Coelho,2026-07-07,2026-07,2026,1
PARÇA,SALDAO CAMPINAS,SP,Engenheiro Coelho,2026-07-21,2026-07,2026,1
PARÇA,SALDAO CAMPINAS,SP,Estiva Gerbi,2026-05-26,2026-05,2026,1
PARÇA,SALDAO CAMPINAS,SP,Estiva Gerbi,2026-07-21,2026-07,2026,1
PARÇA,SALDAO CAMPINAS,SP,Holambra,2026-01-27,2026-01,2026,1
PARÇA,SALDAO CAMPINAS,SP,Holambra,2026-04-08,2026-04,2026,1
PARÇA,SALDAO CAMPINAS,SP,Holambra,2026-05-26,2026-05,2026,1
PARÇA,SALDAO CAMPINAS,SP,Holambra,2026-06-10,2026-06,2026,1
PARÇA,SALDAO CAMPINAS,SP,Holambra,2026-06-24,2026-06,2026,1
PARÇA,SALDAO CAMPINAS,SP,Holambra,2026-07-07,2026-07,2026,1
PARÇA,SALDAO CAMPINAS,SP,Holambra,2026-07-21,2026-07,2026,2
PARÇA,SALDAO CAMPINAS,SP,Hortolandia,2026-01-09,2026-01,2026,1
PARÇA,SALDAO CAMPINAS,SP,Hortolandia,2026-01-13,2026-01,2026,2
PARÇA,SALDAO CAMPINAS,SP,Hortolandia,2026-01-21,2026-01,2026,1
PARÇA,SALDAO CAMPINAS,SP,Hortolandia,2026-01-26,2026-01,2026,1
PARÇA,SALDAO CAMPINAS,SP,Hortolandia,2026-01-27,2026-01,2026,1
PARÇA,SALDAO CAMPINAS,SP,Hortolandia,2026-02-05,2026-02,2026,1
PARÇA,SALDAO CAMPINAS,SP,Hortolandia,2026-02-09,2026-02,2026,2
PARÇA,SALDAO CAMPINAS,SP,Hortolandia,2026-02-12,2026-02,2026,1
PARÇA,SALDAO CAMPINAS,SP,Hortolandia,2026-02-13,2026-02,2026,1
PARÇA,SALDAO CAMPINAS,SP,Hortolandia,2026-02-17,2026-02,2026,3
PARÇA,SALDAO CAMPINAS,SP,Hortolandia,2026-02-23,2026-02,2026,2
PARÇA,SALDAO CAMPINAS,SP,Hortolandia,2026-03-10,2026-03,2026,2
PARÇA,SALDAO CAMPINAS,SP,Hortolandia,2026-03-13,2026-03,2026,3
PARÇA,SALDAO CAMPINAS,SP,Hortolandia,2026-03-17,2026-03,2026,2
PARÇA,SALDAO CAMPINAS,SP,Hortolandia,2026-03-26,2026-03,2026,2
PARÇA,SALDAO CAMPINAS,SP,Hortolandia,2026-04-02,2026-04,2026,1
PARÇA,SALDAO CAMPINAS,SP,Hortolandia,2026-04-09,2026-04,2026,4
PARÇA,SALDAO CAMPINAS,SP,Hortolandia,2026-04-13,2026-04,2026,1
PARÇA,SALDAO CAMPINAS,SP,Hortolandia,2026-04-16,2026-04,2026,3
PARÇA,SALDAO CAMPINAS,SP,Hortolandia,2026-04-24,2026-04,2026,3
PARÇA,SALDAO CAMPINAS,SP,Hortolandia,2026-04-29,2026-04,2026,3
PARÇA,SALDAO CAMPINAS,SP,Hortolandia,2026-05-12,2026-05,2026,2
PARÇA,SALDAO CAMPINAS,SP,Hortolandia,2026-05-18,2026-05,2026,2
PARÇA,SALDAO CAMPINAS,SP,Hortolandia,2026-05-25,2026-05,2026,3
PARÇA,SALDAO CAMPINAS,SP,Hortolandia,2026-05-29,2026-05,2026,1
PARÇA,SALDAO CAMPINAS,SP,Hortolandia,2026-06-05,2026-06,2026,3
PARÇA,SALDAO CAMPINAS,SP,Hortolandia,2026-06-09,2026-06,2026,2
PARÇA,SALDAO CAMPINAS,SP,Hortolandia,2026-06-12,2026-06,2026,1
PARÇA,SALDAO CAMPINAS,SP,Hortolandia,2026-06-18,2026-06,2026,2
PARÇA,SALDAO CAMPINAS,SP,Hortolandia,2026-07-03,2026-07,2026,3
PARÇA,SALDAO CAMPINAS,SP,Hortolandia,2026-07-08,2026-07,2026,2
PARÇA,SALDAO CAMPINAS,SP,Hortolandia,2026-07-15,2026-07,2026,3
PARÇA,SALDAO CAMPINAS,SP,Hortolandia,2026-07-16,2026-07,2026,1
PARÇA,SALDAO CAMPINAS,SP,Hortolandia,2026-07-22,2026-07,2026,6
PARÇA,SALDAO CAMPINAS,SP,Hortolandia,2026-07-29,2026-07,2026,2
PARÇA,SALDAO CAMPINAS,SP,Ibiuna,2026-01-17,2026-01,2026,2
PARÇA,SALDAO CAMPINAS,SP,Ibiuna,2026-01-22,2026-01,2026,1
PARÇA,SALDAO CAMPINAS,SP,Ibiuna,2026-02-19,2026-02,2026,1
PARÇA,SALDAO CAMPINAS,SP,Ibiuna,2026-02-24,2026-02,2026,1
PARÇA,SALDAO CAMPINAS,SP,Ibiuna,2026-03-31,2026-03,2026,1
PARÇA,SALDAO CAMPINAS,SP,Ibiuna,2026-04-14,2026-04,2026,1
PARÇA,SALDAO CAMPINAS,SP,Ibiuna,2026-05-11,2026-05,2026,2
PARÇA,SALDAO CAMPINAS,SP,Indaiatuba,2026-01-06,2026-01,2026,2
PARÇA,SALDAO CAMPINAS,SP,Indaiatuba,2026-01-08,2026-01,2026,1
PARÇA,SALDAO CAMPINAS,SP,Indaiatuba,2026-01-13,2026-01,2026,1
PARÇA,SALDAO CAMPINAS,SP,Indaiatuba,2026-01-22,2026-01,2026,1
PARÇA,SALDAO CAMPINAS,SP,Indaiatuba,2026-01-29,2026-01,2026,2
PARÇA,SALDAO CAMPINAS,SP,Indaiatuba,2026-01-30,2026-01,2026,1
PARÇA,SALDAO CAMPINAS,SP,Indaiatuba,2026-02-03,2026-02,2026,4
PARÇA,SALDAO CAMPINAS,SP,Indaiatuba,2026-02-06,2026-02,2026,3
PARÇA,SALDAO CAMPINAS,SP,Indaiatuba,2026-02-11,2026-02,2026,2
PARÇA,SALDAO CAMPINAS,SP,Indaiatuba,2026-02-19,2026-02,2026,3
PARÇA,SALDAO CAMPINAS,SP,Indaiatuba,2026-02-24,2026-02,2026,2
PARÇA,SALDAO CAMPINAS,SP,Indaiatuba,2026-03-02,2026-03,2026,2
PARÇA,SALDAO CAMPINAS,SP,Indaiatuba,2026-03-06,2026-03,2026,2
PARÇA,SALDAO CAMPINAS,SP,Indaiatuba,2026-03-12,2026-03,2026,2
PARÇA,SALDAO CAMPINAS,SP,Indaiatuba,2026-03-16,2026-03,2026,1
PARÇA,SALDAO CAMPINAS,SP,Indaiatuba,2026-03-19,2026-03,2026,4
PARÇA,SALDAO CAMPINAS,SP,Indaiatuba,2026-03-26,2026-03,2026,1
PARÇA,SALDAO CAMPINAS,SP,Indaiatuba,2026-03-31,2026-03,2026,1
PARÇA,SALDAO CAMPINAS,SP,Indaiatuba,2026-04-07,2026-04,2026,1
PARÇA,SALDAO CAMPINAS,SP,Indaiatuba,2026-04-10,2026-04,2026,3
PARÇA,SALDAO CAMPINAS,SP,Indaiatuba,2026-04-14,2026-04,2026,1
PARÇA,SALDAO CAMPINAS,SP,Indaiatuba,2026-04-20,2026-04,2026,2
PARÇA,SALDAO CAMPINAS,SP,Indaiatuba,2026-05-11,2026-05,2026,2
PARÇA,SALDAO CAMPINAS,SP,Indaiatuba,2026-05-15,2026-05,2026,3
PARÇA,SALDAO CAMPINAS,SP,Indaiatuba,2026-05-20,2026-05,2026,3
PARÇA,SALDAO CAMPINAS,SP,Indaiatuba,2026-05-22,2026-05,2026,4
PARÇA,SALDAO CAMPINAS,SP,Indaiatuba,2026-05-27,2026-05,2026,2
PARÇA,SALDAO CAMPINAS,SP,Indaiatuba,2026-06-03,2026-06,2026,3
PARÇA,SALDAO CAMPINAS,SP,Indaiatuba,2026-06-04,2026-06,2026,1
PARÇA,SALDAO CAMPINAS,SP,Indaiatuba,2026-06-11,2026-06,2026,1
PARÇA,SALDAO CAMPINAS,SP,Indaiatuba,2026-06-23,2026-06,2026,4
PARÇA,SALDAO CAMPINAS,SP,Indaiatuba,2026-06-26,2026-06,2026,3
PARÇA,SALDAO CAMPINAS,SP,Indaiatuba,2026-07-01,2026-07,2026,2
PARÇA,SALDAO CAMPINAS,SP,Indaiatuba,2026-07-06,2026-07,2026,3
PARÇA,SALDAO CAMPINAS,SP,Indaiatuba,2026-07-13,2026-07,2026,5
PARÇA,SALDAO CAMPINAS,SP,Indaiatuba,2026-07-18,2026-07,2026,1
PARÇA,SALDAO CAMPINAS,SP,Indaiatuba,2026-07-20,2026-07,2026,4
PARÇA,SALDAO CAMPINAS,SP,Indaiatuba,2026-07-24,2026-07,2026,2
PARÇA,SALDAO CAMPINAS,SP,Indaiatuba,2026-07-27,2026-07,2026,5
PARÇA,SALDAO CAMPINAS,SP,Ipero,2026-01-17,2026-01,2026,1
PARÇA,SALDAO CAMPINAS,SP,Ipero,2026-03-02,2026-03,2026,1
PARÇA,SALDAO CAMPINAS,SP,Ipero,2026-03-12,2026-03,2026,1
PARÇA,SALDAO CAMPINAS,SP,Ipero,2026-07-13,2026-07,2026,1
PARÇA,SALDAO CAMPINAS,SP,Ipeuna,2026-03-11,2026-03,2026,1
PARÇA,SALDAO CAMPINAS,SP,Iracemapolis,2026-01-06,2026-01,2026,1
PARÇA,SALDAO CAMPINAS,SP,Iracemapolis,2026-02-20,2026-02,2026,1
PARÇA,SALDAO CAMPINAS,SP,Iracemapolis,2026-03-11,2026-03,2026,1
PARÇA,SALDAO CAMPINAS,SP,Iracemapolis,2026-07-21,2026-07,2026,1
PARÇA,SALDAO CAMPINAS,SP,Itatiba,2026-01-06,2026-01,2026,1
PARÇA,SALDAO CAMPINAS,SP,Itatiba,2026-01-08,2026-01,2026,1
PARÇA,SALDAO CAMPINAS,SP,Itatiba,2026-01-15,2026-01,2026,3
PARÇA,SALDAO CAMPINAS,SP,Itatiba,2026-01-20,2026-01,2026,1
PARÇA,SALDAO CAMPINAS,SP,Itatiba,2026-02-02,2026-02,2026,1
PARÇA,SALDAO CAMPINAS,SP,Itatiba,2026-02-10,2026-02,2026,1
PARÇA,SALDAO CAMPINAS,SP,Itatiba,2026-02-18,2026-02,2026,2
PARÇA,SALDAO CAMPINAS,SP,Itatiba,2026-02-20,2026-02,2026,2
PARÇA,SALDAO CAMPINAS,SP,Itatiba,2026-02-25,2026-02,2026,1
PARÇA,SALDAO CAMPINAS,SP,Itatiba,2026-03-18,2026-03,2026,1
PARÇA,SALDAO CAMPINAS,SP,Itatiba,2026-03-23,2026-03,2026,1
PARÇA,SALDAO CAMPINAS,SP,Itatiba,2026-04-06,2026-04,2026,2
PARÇA,SALDAO CAMPINAS,SP,Itatiba,2026-05-06,2026-05,2026,1
PARÇA,SALDAO CAMPINAS,SP,Itatiba,2026-05-08,2026-05,2026,2
PARÇA,SALDAO CAMPINAS,SP,Itatiba,2026-05-14,2026-05,2026,2
PARÇA,SALDAO CAMPINAS,SP,Itatiba,2026-05-28,2026-05,2026,2
PARÇA,SALDAO CAMPINAS,SP,Itatiba,2026-06-08,2026-06,2026,2
PARÇA,SALDAO CAMPINAS,SP,Itatiba,2026-07-02,2026-07,2026,2
PARÇA,SALDAO CAMPINAS,SP,Itatiba,2026-07-10,2026-07,2026,3
PARÇA,SALDAO CAMPINAS,SP,Itatiba,2026-07-16,2026-07,2026,1
PARÇA,SALDAO CAMPINAS,SP,Itatiba,2026-07-23,2026-07,2026,1
PARÇA,SALDAO CAMPINAS,SP,Itu,2026-01-13,2026-01,2026,2
PARÇA,SALDAO CAMPINAS,SP,Itu,2026-01-16,2026-01,2026,1
PARÇA,SALDAO CAMPINAS,SP,Itu,2026-01-17,2026-01,2026,1
PARÇA,SALDAO CAMPINAS,SP,Itu,2026-01-22,2026-01,2026,1
PARÇA,SALDAO CAMPINAS,SP,Itu,2026-01-29,2026-01,2026,2
PARÇA,SALDAO CAMPINAS,SP,Itu,2026-02-11,2026-02,2026,3
PARÇA,SALDAO CAMPINAS,SP,Itu,2026-02-19,2026-02,2026,1
PARÇA,SALDAO CAMPINAS,SP,Itu,2026-03-02,2026-03,2026,1
PARÇA,SALDAO CAMPINAS,SP,Itu,2026-03-06,2026-03,2026,1
PARÇA,SALDAO CAMPINAS,SP,Itu,2026-03-10,2026-03,2026,1
PARÇA,SALDAO CAMPINAS,SP,Itu,2026-03-24,2026-03,2026,1
PARÇA,SALDAO CAMPINAS,SP,Itu,2026-03-27,2026-03,2026,1
PARÇA,SALDAO CAMPINAS,SP,Itu,2026-03-31,2026-03,2026,1
PARÇA,SALDAO CAMPINAS,SP,Itu,2026-04-27,2026-04,2026,1
PARÇA,SALDAO CAMPINAS,SP,Itu,2026-05-04,2026-05,2026,1
PARÇA,SALDAO CAMPINAS,SP,Itu,2026-06-03,2026-06,2026,2
PARÇA,SALDAO CAMPINAS,SP,Itu,2026-06-11,2026-06,2026,1
PARÇA,SALDAO CAMPINAS,SP,Itu,2026-06-17,2026-06,2026,2
PARÇA,SALDAO CAMPINAS,SP,Itu,2026-07-01,2026-07,2026,2
PARÇA,SALDAO CAMPINAS,SP,Itu,2026-07-06,2026-07,2026,1
PARÇA,SALDAO CAMPINAS,SP,Itu,2026-07-13,2026-07,2026,1
PARÇA,SALDAO CAMPINAS,SP,Itu,2026-07-24,2026-07,2026,1
PARÇA,SALDAO CAMPINAS,SP,Itu,2026-07-27,2026-07,2026,2
PARÇA,SALDAO CAMPINAS,SP,Itupeva,2026-01-08,2026-01,2026,1
PARÇA,SALDAO CAMPINAS,SP,Itupeva,2026-01-15,2026-01,2026,1
PARÇA,SALDAO CAMPINAS,SP,Itupeva,2026-01-20,2026-01,2026,2
PARÇA,SALDAO CAMPINAS,SP,Itupeva,2026-01-28,2026-01,2026,1
PARÇA,SALDAO CAMPINAS,SP,Itupeva,2026-02-02,2026-02,2026,1
PARÇA,SALDAO CAMPINAS,SP,Itupeva,2026-02-10,2026-02,2026,2
PARÇA,SALDAO CAMPINAS,SP,Itupeva,2026-02-18,2026-02,2026,3
PARÇA,SALDAO CAMPINAS,SP,Itupeva,2026-02-25,2026-02,2026,1
PARÇA,SALDAO CAMPINAS,SP,Itupeva,2026-03-03,2026-03,2026,1
PARÇA,SALDAO CAMPINAS,SP,Itupeva,2026-03-09,2026-03,2026,1
PARÇA,SALDAO CAMPINAS,SP,Itupeva,2026-03-23,2026-03,2026,2
PARÇA,SALDAO CAMPINAS,SP,Itupeva,2026-04-15,2026-04,2026,1
PARÇA,SALDAO CAMPINAS,SP,Itupeva,2026-04-29,2026-04,2026,1
PARÇA,SALDAO CAMPINAS,SP,Itupeva,2026-04-30,2026-04,2026,3
PARÇA,SALDAO CAMPINAS,SP,Itupeva,2026-05-14,2026-05,2026,2
PARÇA,SALDAO CAMPINAS,SP,Itupeva,2026-05-28,2026-05,2026,2
PARÇA,SALDAO CAMPINAS,SP,Itupeva,2026-06-22,2026-06,2026,1
PARÇA,SALDAO CAMPINAS,SP,Itupeva,2026-07-02,2026-07,2026,1
PARÇA,SALDAO CAMPINAS,SP,Itupeva,2026-07-10,2026-07,2026,3
PARÇA,SALDAO CAMPINAS,SP,Itupeva,2026-07-16,2026-07,2026,1
PARÇA,SALDAO CAMPINAS,SP,Jarinu,2026-01-15,2026-01,2026,1
PARÇA,SALDAO CAMPINAS,SP,Jarinu,2026-01-28,2026-01,2026,1
PARÇA,SALDAO CAMPINAS,SP,Jarinu,2026-03-18,2026-03,2026,1
PARÇA,SALDAO CAMPINAS,SP,Jarinu,2026-03-30,2026-03,2026,1
PARÇA,SALDAO CAMPINAS,SP,Jarinu,2026-04-30,2026-04,2026,1
PARÇA,SALDAO CAMPINAS,SP,Jarinu,2026-06-08,2026-06,2026,1
PARÇA,SALDAO CAMPINAS,SP,Jarinu,2026-07-02,2026-07,2026,1
PARÇA,SALDAO CAMPINAS,SP,Jarinu,2026-07-16,2026-07,2026,1
PARÇA,SALDAO CAMPINAS,SP,Jundiai,2026-01-08,2026-01,2026,3
PARÇA,SALDAO CAMPINAS,SP,Jundiai,2026-01-12,2026-01,2026,1
PARÇA,SALDAO CAMPINAS,SP,Jundiai,2026-01-15,2026-01,2026,4
PARÇA,SALDAO CAMPINAS,SP,Jundiai,2026-01-20,2026-01,2026,6
PARÇA,SALDAO CAMPINAS,SP,Jundiai,2026-01-28,2026-01,2026,6
PARÇA,SALDAO CAMPINAS,SP,Jundiai,2026-02-02,2026-02,2026,2
PARÇA,SALDAO CAMPINAS,SP,Jundiai,2026-02-06,2026-02,2026,1
PARÇA,SALDAO CAMPINAS,SP,Jundiai,2026-02-10,2026-02,2026,5
PARÇA,SALDAO CAMPINAS,SP,Jundiai,2026-02-18,2026-02,2026,3
PARÇA,SALDAO CAMPINAS,SP,Jundiai,2026-02-25,2026-02,2026,4
PARÇA,SALDAO CAMPINAS,SP,Jundiai,2026-03-03,2026-03,2026,4
PARÇA,SALDAO CAMPINAS,SP,Jundiai,2026-03-09,2026-03,2026,5
PARÇA,SALDAO CAMPINAS,SP,Jundiai,2026-03-18,2026-03,2026,4
PARÇA,SALDAO CAMPINAS,SP,Jundiai,2026-03-23,2026-03,2026,3
PARÇA,SALDAO CAMPINAS,SP,Jundiai,2026-03-30,2026-03,2026,3
PARÇA,SALDAO CAMPINAS,SP,Jundiai,2026-04-09,2026-04,2026,1
PARÇA,SALDAO CAMPINAS,SP,Jundiai,2026-04-13,2026-04,2026,1
PARÇA,SALDAO CAMPINAS,SP,Jundiai,2026-04-15,2026-04,2026,5
PARÇA,SALDAO CAMPINAS,SP,Jundiai,2026-04-16,2026-04,2026,1
PARÇA,SALDAO CAMPINAS,SP,Jundiai,2026-04-17,2026-04,2026,1
PARÇA,SALDAO CAMPINAS,SP,Jundiai,2026-04-22,2026-04,2026,8
PARÇA,SALDAO CAMPINAS,SP,Jundiai,2026-04-30,2026-04,2026,7
PARÇA,SALDAO CAMPINAS,SP,Jundiai,2026-05-08,2026-05,2026,5
PARÇA,SALDAO CAMPINAS,SP,Jundiai,2026-05-14,2026-05,2026,3
PARÇA,SALDAO CAMPINAS,SP,Jundiai,2026-05-21,2026-05,2026,5
PARÇA,SALDAO CAMPINAS,SP,Jundiai,2026-05-25,2026-05,2026,1
PARÇA,SALDAO CAMPINAS,SP,Jundiai,2026-05-28,2026-05,2026,4
PARÇA,SALDAO CAMPINAS,SP,Jundiai,2026-06-02,2026-06,2026,8
PARÇA,SALDAO CAMPINAS,SP,Jundiai,2026-06-08,2026-06,2026,3
PARÇA,SALDAO CAMPINAS,SP,Jundiai,2026-06-16,2026-06,2026,8
PARÇA,SALDAO CAMPINAS,SP,Jundiai,2026-06-18,2026-06,2026,1
PARÇA,SALDAO CAMPINAS,SP,Jundiai,2026-06-22,2026-06,2026,4
PARÇA,SALDAO CAMPINAS,SP,Jundiai,2026-07-02,2026-07,2026,8
PARÇA,SALDAO CAMPINAS,SP,Jundiai,2026-07-10,2026-07,2026,4
PARÇA,SALDAO CAMPINAS,SP,Jundiai,2026-07-15,2026-07,2026,1
PARÇA,SALDAO CAMPINAS,SP,Jundiai,2026-07-16,2026-07,2026,3
PARÇA,SALDAO CAMPINAS,SP,Jundiai,2026-07-17,2026-07,2026,1
PARÇA,SALDAO CAMPINAS,SP,Jundiai,2026-07-20,2026-07,2026,1
PARÇA,SALDAO CAMPINAS,SP,Jundiai,2026-07-23,2026-07,2026,5
PARÇA,SALDAO CAMPINAS,SP,Leme,2026-01-14,2026-01,2026,2
PARÇA,SALDAO CAMPINAS,SP,Leme,2026-02-26,2026-02,2026,1
PARÇA,SALDAO CAMPINAS,SP,Leme,2026-03-25,2026-03,2026,1
PARÇA,SALDAO CAMPINAS,SP,Leme,2026-04-13,2026-04,2026,1
PARÇA,SALDAO CAMPINAS,SP,Leme,2026-04-17,2026-04,2026,1
PARÇA,SALDAO CAMPINAS,SP,Leme,2026-05-19,2026-05,2026,1
PARÇA,SALDAO CAMPINAS,SP,Leme,2026-06-10,2026-06,2026,1
PARÇA,SALDAO CAMPINAS,SP,Leme,2026-06-15,2026-06,2026,1
PARÇA,SALDAO CAMPINAS,SP,Leme,2026-06-30,2026-06,2026,1
PARÇA,SALDAO CAMPINAS,SP,Leme,2026-07-07,2026-07,2026,1
PARÇA,SALDAO CAMPINAS,SP,Leme,2026-07-14,2026-07,2026,1
PARÇA,SALDAO CAMPINAS,SP,Leme,2026-07-28,2026-07,2026,1
PARÇA,SALDAO CAMPINAS,SP,Limeira,2026-01-06,2026-01,2026,1
PARÇA,SALDAO CAMPINAS,SP,Limeira,2026-01-07,2026-01,2026,2
PARÇA,SALDAO CAMPINAS,SP,Limeira,2026-01-12,2026-01,2026,1
PARÇA,SALDAO CAMPINAS,SP,Limeira,2026-01-15,2026-01,2026,1
PARÇA,SALDAO CAMPINAS,SP,Limeira,2026-01-19,2026-01,2026,2
PARÇA,SALDAO CAMPINAS,SP,Limeira,2026-01-23,2026-01,2026,3
PARÇA,SALDAO CAMPINAS,SP,Limeira,2026-02-04,2026-02,2026,1
PARÇA,SALDAO CAMPINAS,SP,Limeira,2026-02-12,2026-02,2026,3
PARÇA,SALDAO CAMPINAS,SP,Limeira,2026-02-13,2026-02,2026,1
PARÇA,SALDAO CAMPINAS,SP,Limeira,2026-02-20,2026-02,2026,4
PARÇA,SALDAO CAMPINAS,SP,Limeira,2026-02-26,2026-02,2026,1
PARÇA,SALDAO CAMPINAS,SP,Limeira,2026-03-05,2026-03,2026,2
PARÇA,SALDAO CAMPINAS,SP,Limeira,2026-03-11,2026-03,2026,1
PARÇA,SALDAO CAMPINAS,SP,Limeira,2026-03-16,2026-03,2026,1
PARÇA,SALDAO CAMPINAS,SP,Limeira,2026-03-25,2026-03,2026,2
PARÇA,SALDAO CAMPINAS,SP,Limeira,2026-04-01,2026-04,2026,1
PARÇA,SALDAO CAMPINAS,SP,Limeira,2026-04-08,2026-04,2026,2
PARÇA,SALDAO CAMPINAS,SP,Limeira,2026-04-13,2026-04,2026,1
PARÇA,SALDAO CAMPINAS,SP,Limeira,2026-04-17,2026-04,2026,1
PARÇA,SALDAO CAMPINAS,SP,Limeira,2026-04-23,2026-04,2026,2
PARÇA,SALDAO CAMPINAS,SP,Limeira,2026-05-13,2026-05,2026,2
PARÇA,SALDAO CAMPINAS,SP,Limeira,2026-05-19,2026-05,2026,2
PARÇA,SALDAO CAMPINAS,SP,Limeira,2026-05-26,2026-05,2026,3
PARÇA,SALDAO CAMPINAS,SP,Limeira,2026-06-01,2026-06,2026,2
PARÇA,SALDAO CAMPINAS,SP,Limeira,2026-06-10,2026-06,2026,2
PARÇA,SALDAO CAMPINAS,SP,Limeira,2026-06-15,2026-06,2026,3
PARÇA,SALDAO CAMPINAS,SP,Limeira,2026-06-24,2026-06,2026,2
PARÇA,SALDAO CAMPINAS,SP,Limeira,2026-06-30,2026-06,2026,1
PARÇA,SALDAO CAMPINAS,SP,Limeira,2026-07-07,2026-07,2026,1
PARÇA,SALDAO CAMPINAS,SP,Limeira,2026-07-14,2026-07,2026,1
PARÇA,SALDAO CAMPINAS,SP,Limeira,2026-07-21,2026-07,2026,1
PARÇA,SALDAO CAMPINAS,SP,Limeira,2026-07-28,2026-07,2026,3
PARÇA,SALDAO CAMPINAS,SP,Louveira,2026-01-28,2026-01,2026,2
PARÇA,SALDAO CAMPINAS,SP,Louveira,2026-02-02,2026-02,2026,1
PARÇA,SALDAO CAMPINAS,SP,Louveira,2026-02-10,2026-02,2026,1
PARÇA,SALDAO CAMPINAS,SP,Louveira,2026-02-18,2026-02,2026,2
PARÇA,SALDAO CAMPINAS,SP,Louveira,2026-02-25,2026-02,2026,1
PARÇA,SALDAO CAMPINAS,SP,Louveira,2026-03-03,2026-03,2026,2
PARÇA,SALDAO CAMPINAS,SP,Louveira,2026-03-18,2026-03,2026,1
PARÇA,SALDAO CAMPINAS,SP,Louveira,2026-03-23,2026-03,2026,1
PARÇA,SALDAO CAMPINAS,SP,Louveira,2026-04-22,2026-04,2026,1
PARÇA,SALDAO CAMPINAS,SP,Louveira,2026-05-28,2026-05,2026,1
PARÇA,SALDAO CAMPINAS,SP,Louveira,2026-06-08,2026-06,2026,1
PARÇA,SALDAO CAMPINAS,SP,Louveira,2026-06-16,2026-06,2026,1
PARÇA,SALDAO CAMPINAS,SP,Louveira,2026-07-02,2026-07,2026,1
PARÇA,SALDAO CAMPINAS,SP,Mairinque,2026-03-12,2026-03,2026,1
PARÇA,SALDAO CAMPINAS,SP,Mairinque,2026-03-19,2026-03,2026,1
PARÇA,SALDAO CAMPINAS,SP,Mairinque,2026-04-09,2026-04,2026,1
PARÇA,SALDAO CAMPINAS,SP,Mairinque,2026-04-20,2026-04,2026,1
PARÇA,SALDAO CAMPINAS,SP,Mairinque,2026-04-27,2026-04,2026,1
PARÇA,SALDAO CAMPINAS,SP,Mairinque,2026-05-27,2026-05,2026,1
PARÇA,SALDAO CAMPINAS,SP,Mairinque,2026-06-11,2026-06,2026,1
PARÇA,SALDAO CAMPINAS,SP,Mairinque,2026-06-17,2026-06,2026,1
PARÇA,SALDAO CAMPINAS,SP,Mairinque,2026-06-23,2026-06,2026,1
PARÇA,SALDAO CAMPINAS,SP,Mairinque,2026-07-06,2026-07,2026,1
PARÇA,SALDAO CAMPINAS,SP,Mairinque,2026-07-20,2026-07,2026,1
PARÇA,SALDAO CAMPINAS,SP,Mogi Guacu,2026-01-06,2026-01,2026,1
PARÇA,SALDAO CAMPINAS,SP,Mogi Guacu,2026-01-07,2026-01,2026,1
PARÇA,SALDAO CAMPINAS,SP,Mogi Guacu,2026-02-04,2026-02,2026,1
PARÇA,SALDAO CAMPINAS,SP,Mogi Guacu,2026-02-20,2026-02,2026,1
PARÇA,SALDAO CAMPINAS,SP,Mogi Guacu,2026-03-26,2026-03,2026,2
PARÇA,SALDAO CAMPINAS,SP,Mogi Guacu,2026-04-01,2026-04,2026,4
PARÇA,SALDAO CAMPINAS,SP,Mogi Guacu,2026-04-08,2026-04,2026,3
PARÇA,SALDAO CAMPINAS,SP,Mogi Guacu,2026-05-06,2026-05,2026,1
PARÇA,SALDAO CAMPINAS,SP,Mogi Mirim,2026-01-14,2026-01,2026,1
PARÇA,SALDAO CAMPINAS,SP,Mogi Mirim,2026-01-27,2026-01,2026,1
PARÇA,SALDAO CAMPINAS,SP,Mogi Mirim,2026-02-04,2026-02,2026,1
PARÇA,SALDAO CAMPINAS,SP,Mogi Mirim,2026-05-06,2026-05,2026,1
PARÇA,SALDAO CAMPINAS,SP,Mombuca,2026-01-15,2026-01,2026,1
PARÇA,SALDAO CAMPINAS,SP,Mombuca,2026-02-12,2026-02,2026,1
PARÇA,SALDAO CAMPINAS,SP,Mombuca,2026-02-26,2026-02,2026,1
PARÇA,SALDAO CAMPINAS,SP,Mombuca,2026-03-05,2026-03,2026,1
PARÇA,SALDAO CAMPINAS,SP,Mombuca,2026-03-16,2026-03,2026,1
PARÇA,SALDAO CAMPINAS,SP,Mombuca,2026-03-25,2026-03,2026,1
PARÇA,SALDAO CAMPINAS,SP,Mombuca,2026-04-01,2026-04,2026,2
PARÇA,SALDAO CAMPINAS,SP,Mombuca,2026-04-17,2026-04,2026,2
PARÇA,SALDAO CAMPINAS,SP,Mombuca,2026-04-23,2026-04,2026,2
PARÇA,SALDAO CAMPINAS,SP,Mombuca,2026-07-14,2026-07,2026,1
PARÇA,SALDAO CAMPINAS,SP,Mombuca,2026-07-21,2026-07,2026,1
PARÇA,SALDAO CAMPINAS,SP,Monte Alegre do Sul,2026-01-23,2026-01,2026,1
PARÇA,SALDAO CAMPINAS,SP,Monte Alegre do Sul,2026-01-27,2026-01,2026,1
PARÇA,SALDAO CAMPINAS,SP,Monte Alegre do Sul,2026-01-28,2026-01,2026,1
PARÇA,SALDAO CAMPINAS,SP,Monte Alegre do Sul,2026-02-13,2026-02,2026,1
PARÇA,SALDAO CAMPINAS,SP,Monte Alegre do Sul,2026-03-11,2026-03,2026,1
PARÇA,SALDAO CAMPINAS,SP,Monte Alegre do Sul,2026-04-08,2026-04,2026,1
PARÇA,SALDAO CAMPINAS,SP,Monte Alegre do Sul,2026-04-17,2026-04,2026,1
PARÇA,SALDAO CAMPINAS,SP,Monte Alegre do Sul,2026-05-19,2026-05,2026,1
PARÇA,SALDAO CAMPINAS,SP,Monte Alegre do Sul,2026-06-01,2026-06,2026,1
PARÇA,SALDAO CAMPINAS,SP,Monte Alegre do Sul,2026-06-10,2026-06,2026,1
PARÇA,SALDAO CAMPINAS,SP,Monte Alegre do Sul,2026-06-23,2026-06,2026,1
PARÇA,SALDAO CAMPINAS,SP,Monte Alegre do Sul,2026-06-30,2026-06,2026,1
PARÇA,SALDAO CAMPINAS,SP,Monte Alegre do Sul,2026-07-14,2026-07,2026,1
PARÇA,SALDAO CAMPINAS,SP,Monte Alegre do Sul,2026-07-21,2026-07,2026,1
PARÇA,SALDAO CAMPINAS,SP,Monte Mor,2026-01-13,2026-01,2026,1
PARÇA,SALDAO CAMPINAS,SP,Monte Mor,2026-01-21,2026-01,2026,1
PARÇA,SALDAO CAMPINAS,SP,Monte Mor,2026-03-20,2026-03,2026,2
PARÇA,SALDAO CAMPINAS,SP,Monte Mor,2026-04-24,2026-04,2026,1
PARÇA,SALDAO CAMPINAS,SP,Monte Mor,2026-05-18,2026-05,2026,4
PARÇA,SALDAO CAMPINAS,SP,Monte Mor,2026-05-29,2026-05,2026,1
PARÇA,SALDAO CAMPINAS,SP,Monte Mor,2026-06-05,2026-06,2026,1
PARÇA,SALDAO CAMPINAS,SP,Monte Mor,2026-06-09,2026-06,2026,1
PARÇA,SALDAO CAMPINAS,SP,Monte Mor,2026-07-03,2026-07,2026,2
PARÇA,SALDAO CAMPINAS,SP,Monte Mor,2026-07-29,2026-07,2026,2
PARÇA,SALDAO CAMPINAS,SP,Morungaba,2026-02-25,2026-02,2026,1
PARÇA,SALDAO CAMPINAS,SP,Morungaba,2026-03-03,2026-03,2026,1
PARÇA,SALDAO CAMPINAS,SP,Morungaba,2026-05-28,2026-05,2026,1
PARÇA,SALDAO CAMPINAS,SP,Morungaba,2026-07-10,2026-07,2026,1
PARÇA,SALDAO CAMPINAS,SP,Paulinia,2026-01-13,2026-01,2026,2
PARÇA,SALDAO CAMPINAS,SP,Paulinia,2026-01-21,2026-01,2026,4
PARÇA,SALDAO CAMPINAS,SP,Paulinia,2026-01-26,2026-01,2026,1
PARÇA,SALDAO CAMPINAS,SP,Paulinia,2026-01-27,2026-01,2026,1
PARÇA,SALDAO CAMPINAS,SP,Paulinia,2026-01-30,2026-01,2026,1
PARÇA,SALDAO CAMPINAS,SP,Paulinia,2026-02-05,2026-02,2026,4
PARÇA,SALDAO CAMPINAS,SP,Paulinia,2026-02-09,2026-02,2026,1
PARÇA,SALDAO CAMPINAS,SP,Paulinia,2026-02-13,2026-02,2026,2
PARÇA,SALDAO CAMPINAS,SP,Paulinia,2026-02-23,2026-02,2026,1
PARÇA,SALDAO CAMPINAS,SP,Paulinia,2026-03-04,2026-03,2026,3
PARÇA,SALDAO CAMPINAS,SP,Paulinia,2026-03-10,2026-03,2026,3
PARÇA,SALDAO CAMPINAS,SP,Paulinia,2026-03-26,2026-03,2026,1
PARÇA,SALDAO CAMPINAS,SP,Paulinia,2026-04-02,2026-04,2026,1
PARÇA,SALDAO CAMPINAS,SP,Paulinia,2026-04-09,2026-04,2026,2
PARÇA,SALDAO CAMPINAS,SP,Paulinia,2026-04-24,2026-04,2026,1
PARÇA,SALDAO CAMPINAS,SP,Paulinia,2026-04-29,2026-04,2026,4
PARÇA,SALDAO CAMPINAS,SP,Paulinia,2026-05-05,2026-05,2026,1
PARÇA,SALDAO CAMPINAS,SP,Paulinia,2026-05-12,2026-05,2026,1
PARÇA,SALDAO CAMPINAS,SP,Paulinia,2026-05-18,2026-05,2026,3
PARÇA,SALDAO CAMPINAS,SP,Paulinia,2026-05-25,2026-05,2026,1
PARÇA,SALDAO CAMPINAS,SP,Paulinia,2026-06-03,2026-06,2026,1
PARÇA,SALDAO CAMPINAS,SP,Paulinia,2026-06-05,2026-06,2026,3
PARÇA,SALDAO CAMPINAS,SP,Paulinia,2026-06-09,2026-06,2026,1
PARÇA,SALDAO CAMPINAS,SP,Paulinia,2026-06-12,2026-06,2026,1
PARÇA,SALDAO CAMPINAS,SP,Paulinia,2026-06-18,2026-06,2026,2
PARÇA,SALDAO CAMPINAS,SP,Paulinia,2026-06-25,2026-06,2026,1
PARÇA,SALDAO CAMPINAS,SP,Paulinia,2026-07-02,2026-07,2026,1
PARÇA,SALDAO CAMPINAS,SP,Paulinia,2026-07-03,2026-07,2026,1
PARÇA,SALDAO CAMPINAS,SP,Paulinia,2026-07-08,2026-07,2026,1
PARÇA,SALDAO CAMPINAS,SP,Paulinia,2026-07-15,2026-07,2026,3
PARÇA,SALDAO CAMPINAS,SP,Paulinia,2026-07-22,2026-07,2026,3
PARÇA,SALDAO CAMPINAS,SP,Pedreira,2026-01-15,2026-01,2026,1
PARÇA,SALDAO CAMPINAS,SP,Pedreira,2026-03-16,2026-03,2026,1
PARÇA,SALDAO CAMPINAS,SP,Pedreira,2026-04-06,2026-04,2026,1
PARÇA,SALDAO CAMPINAS,SP,Pedreira,2026-06-01,2026-06,2026,1
PARÇA,SALDAO CAMPINAS,SP,Piedade,2026-01-22,2026-01,2026,1
PARÇA,SALDAO CAMPINAS,SP,Piedade,2026-02-06,2026-02,2026,1
PARÇA,SALDAO CAMPINAS,SP,Piedade,2026-05-15,2026-05,2026,1
PARÇA,SALDAO CAMPINAS,SP,Piedade,2026-05-20,2026-05,2026,1
PARÇA,SALDAO CAMPINAS,SP,Pilar do Sul,2026-03-31,2026-03,2026,1
PARÇA,SALDAO CAMPINAS,SP,Pilar do Sul,2026-04-10,2026-04,2026,1
PARÇA,SALDAO CAMPINAS,SP,Pilar do Sul,2026-04-27,2026-04,2026,1
PARÇA,SALDAO CAMPINAS,SP,Pilar do Sul,2026-05-11,2026-05,2026,1
PARÇA,SALDAO CAMPINAS,SP,Piracicaba,2026-01-15,2026-01,2026,1
PARÇA,SALDAO CAMPINAS,SP,Piracicaba,2026-01-19,2026-01,2026,5
PARÇA,SALDAO CAMPINAS,SP,Piracicaba,2026-01-23,2026-01,2026,2
PARÇA,SALDAO CAMPINAS,SP,Piracicaba,2026-01-27,2026-01,2026,2
PARÇA,SALDAO CAMPINAS,SP,Piracicaba,2026-02-04,2026-02,2026,3
PARÇA,SALDAO CAMPINAS,SP,Piracicaba,2026-02-12,2026-02,2026,2
PARÇA,SALDAO CAMPINAS,SP,Piracicaba,2026-02-13,2026-02,2026,2
PARÇA,SALDAO CAMPINAS,SP,Piracicaba,2026-02-19,2026-02,2026,1
PARÇA,SALDAO CAMPINAS,SP,Piracicaba,2026-02-20,2026-02,2026,3
PARÇA,SALDAO CAMPINAS,SP,Piracicaba,2026-02-26,2026-02,2026,4
PARÇA,SALDAO CAMPINAS,SP,Piracicaba,2026-03-05,2026-03,2026,6
PARÇA,SALDAO CAMPINAS,SP,Piracicaba,2026-03-11,2026-03,2026,1
PARÇA,SALDAO CAMPINAS,SP,Piracicaba,2026-03-16,2026-03,2026,4
PARÇA,SALDAO CAMPINAS,SP,Piracicaba,2026-03-25,2026-03,2026,4
PARÇA,SALDAO CAMPINAS,SP,Piracicaba,2026-04-01,2026-04,2026,2
PARÇA,SALDAO CAMPINAS,SP,Piracicaba,2026-04-08,2026-04,2026,2
PARÇA,SALDAO CAMPINAS,SP,Piracicaba,2026-04-13,2026-04,2026,3
PARÇA,SALDAO CAMPINAS,SP,Piracicaba,2026-04-17,2026-04,2026,2
PARÇA,SALDAO CAMPINAS,SP,Piracicaba,2026-04-23,2026-04,2026,3
PARÇA,SALDAO CAMPINAS,SP,Piracicaba,2026-04-28,2026-04,2026,5
PARÇA,SALDAO CAMPINAS,SP,Piracicaba,2026-05-06,2026-05,2026,3
PARÇA,SALDAO CAMPINAS,SP,Piracicaba,2026-05-13,2026-05,2026,2
PARÇA,SALDAO CAMPINAS,SP,Piracicaba,2026-05-19,2026-05,2026,2
PARÇA,SALDAO CAMPINAS,SP,Piracicaba,2026-05-26,2026-05,2026,2
PARÇA,SALDAO CAMPINAS,SP,Piracicaba,2026-06-01,2026-06,2026,2
PARÇA,SALDAO CAMPINAS,SP,Piracicaba,2026-06-10,2026-06,2026,3
PARÇA,SALDAO CAMPINAS,SP,Piracicaba,2026-06-11,2026-06,2026,1
PARÇA,SALDAO CAMPINAS,SP,Piracicaba,2026-06-15,2026-06,2026,3
PARÇA,SALDAO CAMPINAS,SP,Piracicaba,2026-06-24,2026-06,2026,3
PARÇA,SALDAO CAMPINAS,SP,Piracicaba,2026-06-30,2026-06,2026,2
PARÇA,SALDAO CAMPINAS,SP,Piracicaba,2026-07-07,2026-07,2026,3
PARÇA,SALDAO CAMPINAS,SP,Piracicaba,2026-07-14,2026-07,2026,6
PARÇA,SALDAO CAMPINAS,SP,Piracicaba,2026-07-21,2026-07,2026,2
PARÇA,SALDAO CAMPINAS,SP,Piracicaba,2026-07-28,2026-07,2026,1
PARÇA,SALDAO CAMPINAS,SP,Porto Feliz,2026-01-05,2026-01,2026,1
PARÇA,SALDAO CAMPINAS,SP,Porto Feliz,2026-01-06,2026-01,2026,1
PARÇA,SALDAO CAMPINAS,SP,Porto Feliz,2026-02-11,2026-02,2026,1
PARÇA,SALDAO CAMPINAS,SP,Porto Feliz,2026-05-22,2026-05,2026,2
PARÇA,SALDAO CAMPINAS,SP,Porto Feliz,2026-06-03,2026-06,2026,1
PARÇA,SALDAO CAMPINAS,SP,Porto Feliz,2026-06-23,2026-06,2026,1
PARÇA,SALDAO CAMPINAS,SP,Porto Feliz,2026-06-26,2026-06,2026,1
PARÇA,SALDAO CAMPINAS,SP,Porto Feliz,2026-07-27,2026-07,2026,1
PARÇA,SALDAO CAMPINAS,SP,Rio Claro,2026-01-15,2026-01,2026,1
PARÇA,SALDAO CAMPINAS,SP,Rio Claro,2026-01-19,2026-01,2026,1
PARÇA,SALDAO CAMPINAS,SP,Rio Claro,2026-01-23,2026-01,2026,1
PARÇA,SALDAO CAMPINAS,SP,Rio Claro,2026-02-12,2026-02,2026,2
PARÇA,SALDAO CAMPINAS,SP,Rio Claro,2026-02-13,2026-02,2026,1
PARÇA,SALDAO CAMPINAS,SP,Rio Claro,2026-02-20,2026-02,2026,1
PARÇA,SALDAO CAMPINAS,SP,Rio Claro,2026-03-11,2026-03,2026,1
PARÇA,SALDAO CAMPINAS,SP,Rio Claro,2026-03-25,2026-03,2026,1
PARÇA,SALDAO CAMPINAS,SP,Rio Claro,2026-04-01,2026-04,2026,2
PARÇA,SALDAO CAMPINAS,SP,Rio Claro,2026-04-13,2026-04,2026,1
PARÇA,SALDAO CAMPINAS,SP,Rio Claro,2026-04-17,2026-04,2026,3
PARÇA,SALDAO CAMPINAS,SP,Rio Claro,2026-04-23,2026-04,2026,1
PARÇA,SALDAO CAMPINAS,SP,Rio Claro,2026-04-28,2026-04,2026,1
PARÇA,SALDAO CAMPINAS,SP,Rio Claro,2026-05-06,2026-05,2026,2
PARÇA,SALDAO CAMPINAS,SP,Rio Claro,2026-05-13,2026-05,2026,1
PARÇA,SALDAO CAMPINAS,SP,Rio Claro,2026-05-26,2026-05,2026,3
PARÇA,SALDAO CAMPINAS,SP,Rio Claro,2026-06-10,2026-06,2026,1
PARÇA,SALDAO CAMPINAS,SP,Rio Claro,2026-06-24,2026-06,2026,2
PARÇA,SALDAO CAMPINAS,SP,Rio Claro,2026-06-30,2026-06,2026,1
PARÇA,SALDAO CAMPINAS,SP,Rio Claro,2026-07-07,2026-07,2026,1
PARÇA,SALDAO CAMPINAS,SP,Rio Claro,2026-07-08,2026-07,2026,1
PARÇA,SALDAO CAMPINAS,SP,Rio Claro,2026-07-14,2026-07,2026,1
PARÇA,SALDAO CAMPINAS,SP,Rio Claro,2026-07-21,2026-07,2026,1
PARÇA,SALDAO CAMPINAS,SP,Rio Claro,2026-07-28,2026-07,2026,2
PARÇA,SALDAO CAMPINAS,SP,Rio das Pedras,2026-03-05,2026-03,2026,1
PARÇA,SALDAO CAMPINAS,SP,Rio das Pedras,2026-03-16,2026-03,2026,1
PARÇA,SALDAO CAMPINAS,SP,Rio das Pedras,2026-04-08,2026-04,2026,1
PARÇA,SALDAO CAMPINAS,SP,Rio das Pedras,2026-05-19,2026-05,2026,1
PARÇA,SALDAO CAMPINAS,SP,Rio das Pedras,2026-06-24,2026-06,2026,1
PARÇA,SALDAO CAMPINAS,SP,Saltinho,2026-02-26,2026-02,2026,1
PARÇA,SALDAO CAMPINAS,SP,Saltinho,2026-03-05,2026-03,2026,1
PARÇA,SALDAO CAMPINAS,SP,Salto,2026-01-06,2026-01,2026,1
PARÇA,SALDAO CAMPINAS,SP,Salto,2026-01-12,2026-01,2026,3
PARÇA,SALDAO CAMPINAS,SP,Salto,2026-01-13,2026-01,2026,1
PARÇA,SALDAO CAMPINAS,SP,Salto,2026-01-16,2026-01,2026,1
PARÇA,SALDAO CAMPINAS,SP,Salto,2026-01-19,2026-01,2026,1
PARÇA,SALDAO CAMPINAS,SP,Salto,2026-01-22,2026-01,2026,2
PARÇA,SALDAO CAMPINAS,SP,Salto,2026-01-29,2026-01,2026,1
PARÇA,SALDAO CAMPINAS,SP,Salto,2026-02-19,2026-02,2026,3
PARÇA,SALDAO CAMPINAS,SP,Salto,2026-02-24,2026-02,2026,1
PARÇA,SALDAO CAMPINAS,SP,Salto,2026-03-02,2026-03,2026,1
PARÇA,SALDAO CAMPINAS,SP,Salto,2026-03-06,2026-03,2026,1
PARÇA,SALDAO CAMPINAS,SP,Salto,2026-03-24,2026-03,2026,3
PARÇA,SALDAO CAMPINAS,SP,Salto,2026-03-31,2026-03,2026,1
PARÇA,SALDAO CAMPINAS,SP,Salto,2026-04-10,2026-04,2026,1
PARÇA,SALDAO CAMPINAS,SP,Salto,2026-04-14,2026-04,2026,2
PARÇA,SALDAO CAMPINAS,SP,Salto,2026-04-20,2026-04,2026,2
PARÇA,SALDAO CAMPINAS,SP,Salto,2026-05-04,2026-05,2026,1
PARÇA,SALDAO CAMPINAS,SP,Salto,2026-05-05,2026-05,2026,1
PARÇA,SALDAO CAMPINAS,SP,Salto,2026-05-15,2026-05,2026,1
PARÇA,SALDAO CAMPINAS,SP,Salto,2026-05-20,2026-05,2026,3
PARÇA,SALDAO CAMPINAS,SP,Salto,2026-05-22,2026-05,2026,2
PARÇA,SALDAO CAMPINAS,SP,Salto,2026-06-03,2026-06,2026,1
PARÇA,SALDAO CAMPINAS,SP,Salto,2026-06-17,2026-06,2026,1
PARÇA,SALDAO CAMPINAS,SP,Salto,2026-06-26,2026-06,2026,2
PARÇA,SALDAO CAMPINAS,SP,Salto,2026-07-01,2026-07,2026,1
PARÇA,SALDAO CAMPINAS,SP,Salto,2026-07-06,2026-07,2026,1
PARÇA,SALDAO CAMPINAS,SP,Salto,2026-07-24,2026-07,2026,1
PARÇA,SALDAO CAMPINAS,SP,Salto,2026-07-27,2026-07,2026,1
PARÇA,SALDAO CAMPINAS,SP,Salto de Pirapora,2026-01-05,2026-01,2026,1
PARÇA,SALDAO CAMPINAS,SP,Salto de Pirapora,2026-01-12,2026-01,2026,1
PARÇA,SALDAO CAMPINAS,SP,Salto de Pirapora,2026-02-03,2026-02,2026,1
PARÇA,SALDAO CAMPINAS,SP,Salto de Pirapora,2026-02-19,2026-02,2026,1
PARÇA,SALDAO CAMPINAS,SP,Salto de Pirapora,2026-02-24,2026-02,2026,1
PARÇA,SALDAO CAMPINAS,SP,Salto de Pirapora,2026-05-20,2026-05,2026,2
PARÇA,SALDAO CAMPINAS,SP,Salto de Pirapora,2026-06-26,2026-06,2026,2
PARÇA,SALDAO CAMPINAS,SP,Salto de Pirapora,2026-07-03,2026-07,2026,1
PARÇA,SALDAO CAMPINAS,SP,Salto de Pirapora,2026-07-06,2026-07,2026,1
PARÇA,SALDAO CAMPINAS,SP,Santa Barbara DOeste,2026-01-15,2026-01,2026,1
PARÇA,SALDAO CAMPINAS,SP,Santa Barbara DOeste,2026-01-16,2026-01,2026,1
PARÇA,SALDAO CAMPINAS,SP,Santa Barbara DOeste,2026-01-28,2026-01,2026,1
PARÇA,SALDAO CAMPINAS,SP,Santa Barbara DOeste,2026-02-12,2026-02,2026,1
PARÇA,SALDAO CAMPINAS,SP,Santa Barbara DOeste,2026-02-20,2026-02,2026,1
PARÇA,SALDAO CAMPINAS,SP,Santa Barbara DOeste,2026-03-02,2026-03,2026,1
PARÇA,SALDAO CAMPINAS,SP,Santa Barbara DOeste,2026-03-11,2026-03,2026,1
PARÇA,SALDAO CAMPINAS,SP,Santa Barbara DOeste,2026-03-12,2026-03,2026,1
PARÇA,SALDAO CAMPINAS,SP,Santa Barbara DOeste,2026-03-16,2026-03,2026,2
PARÇA,SALDAO CAMPINAS,SP,Santa Barbara DOeste,2026-03-25,2026-03,2026,1
PARÇA,SALDAO CAMPINAS,SP,Santa Barbara DOeste,2026-04-01,2026-04,2026,1
PARÇA,SALDAO CAMPINAS,SP,Santa Barbara DOeste,2026-04-13,2026-04,2026,1
PARÇA,SALDAO CAMPINAS,SP,Santa Barbara DOeste,2026-04-28,2026-04,2026,2
PARÇA,SALDAO CAMPINAS,SP,Santa Barbara DOeste,2026-05-06,2026-05,2026,3
PARÇA,SALDAO CAMPINAS,SP,Santa Barbara DOeste,2026-05-13,2026-05,2026,2
PARÇA,SALDAO CAMPINAS,SP,Santa Barbara DOeste,2026-05-19,2026-05,2026,1
PARÇA,SALDAO CAMPINAS,SP,Santa Barbara DOeste,2026-06-01,2026-06,2026,2
PARÇA,SALDAO CAMPINAS,SP,Santa Barbara DOeste,2026-06-10,2026-06,2026,1
PARÇA,SALDAO CAMPINAS,SP,Santa Barbara DOeste,2026-06-15,2026-06,2026,1
PARÇA,SALDAO CAMPINAS,SP,Santa Barbara DOeste,2026-06-24,2026-06,2026,2
PARÇA,SALDAO CAMPINAS,SP,Santa Barbara DOeste,2026-06-30,2026-06,2026,3
PARÇA,SALDAO CAMPINAS,SP,Santa Barbara DOeste,2026-07-07,2026-07,2026,1
PARÇA,SALDAO CAMPINAS,SP,Santa Barbara DOeste,2026-07-14,2026-07,2026,1
PARÇA,SALDAO CAMPINAS,SP,Santa Barbara DOeste,2026-07-21,2026-07,2026,2
PARÇA,SALDAO CAMPINAS,SP,Santa Barbara DOeste,2026-07-28,2026-07,2026,1
PARÇA,SALDAO CAMPINAS,SP,Santa Gertrudes,2026-02-04,2026-02,2026,1
PARÇA,SALDAO CAMPINAS,SP,Santa Gertrudes,2026-06-10,2026-06,2026,1
PARÇA,SALDAO CAMPINAS,SP,Santo Antonio de Posse,2026-02-12,2026-02,2026,1
PARÇA,SALDAO CAMPINAS,SP,Santo Antonio de Posse,2026-05-06,2026-05,2026,1
PARÇA,SALDAO CAMPINAS,SP,Sao Roque,2026-01-12,2026-01,2026,2
PARÇA,SALDAO CAMPINAS,SP,Sao Roque,2026-01-22,2026-01,2026,2
PARÇA,SALDAO CAMPINAS,SP,Sao Roque,2026-02-03,2026-02,2026,1
PARÇA,SALDAO CAMPINAS,SP,Sao Roque,2026-02-06,2026-02,2026,1
PARÇA,SALDAO CAMPINAS,SP,Sao Roque,2026-03-24,2026-03,2026,1
PARÇA,SALDAO CAMPINAS,SP,Sao Roque,2026-03-31,2026-03,2026,2
PARÇA,SALDAO CAMPINAS,SP,Sao Roque,2026-04-02,2026-04,2026,1
PARÇA,SALDAO CAMPINAS,SP,Sao Roque,2026-04-10,2026-04,2026,1
PARÇA,SALDAO CAMPINAS,SP,Sao Roque,2026-04-27,2026-04,2026,1
PARÇA,SALDAO CAMPINAS,SP,Sao Roque,2026-05-04,2026-05,2026,1
PARÇA,SALDAO CAMPINAS,SP,Sao Roque,2026-05-11,2026-05,2026,2
PARÇA,SALDAO CAMPINAS,SP,Sao Roque,2026-05-15,2026-05,2026,2
PARÇA,SALDAO CAMPINAS,SP,Sarapui,2026-03-19,2026-03,2026,1
PARÇA,SALDAO CAMPINAS,SP,Sorocaba,2026-01-06,2026-01,2026,7
PARÇA,SALDAO CAMPINAS,SP,Sorocaba,2026-01-13,2026-01,2026,4
PARÇA,SALDAO CAMPINAS,SP,Sorocaba,2026-01-16,2026-01,2026,2
PARÇA,SALDAO CAMPINAS,SP,Sorocaba,2026-01-22,2026-01,2026,6
PARÇA,SALDAO CAMPINAS,SP,Sorocaba,2026-01-29,2026-01,2026,4
PARÇA,SALDAO CAMPINAS,SP,Sorocaba,2026-02-03,2026-02,2026,3
PARÇA,SALDAO CAMPINAS,SP,Sorocaba,2026-02-06,2026-02,2026,4
PARÇA,SALDAO CAMPINAS,SP,Sorocaba,2026-02-11,2026-02,2026,2
PARÇA,SALDAO CAMPINAS,SP,Sorocaba,2026-02-19,2026-02,2026,6
PARÇA,SALDAO CAMPINAS,SP,Sorocaba,2026-02-24,2026-02,2026,5
PARÇA,SALDAO CAMPINAS,SP,Sorocaba,2026-03-02,2026-03,2026,6
PARÇA,SALDAO CAMPINAS,SP,Sorocaba,2026-03-06,2026-03,2026,3
PARÇA,SALDAO CAMPINAS,SP,Sorocaba,2026-03-09,2026-03,2026,1
PARÇA,SALDAO CAMPINAS,SP,Sorocaba,2026-03-12,2026-03,2026,4
PARÇA,SALDAO CAMPINAS,SP,Sorocaba,2026-03-17,2026-03,2026,1
PARÇA,SALDAO CAMPINAS,SP,Sorocaba,2026-03-19,2026-03,2026,2
PARÇA,SALDAO CAMPINAS,SP,Sorocaba,2026-03-20,2026-03,2026,1
PARÇA,SALDAO CAMPINAS,SP,Sorocaba,2026-03-24,2026-03,2026,5
PARÇA,SALDAO CAMPINAS,SP,Sorocaba,2026-03-31,2026-03,2026,5
PARÇA,SALDAO CAMPINAS,SP,Sorocaba,2026-04-07,2026-04,2026,5
PARÇA,SALDAO CAMPINAS,SP,Sorocaba,2026-04-10,2026-04,2026,5
PARÇA,SALDAO CAMPINAS,SP,Sorocaba,2026-04-14,2026-04,2026,5
PARÇA,SALDAO CAMPINAS,SP,Sorocaba,2026-04-15,2026-04,2026,1
PARÇA,SALDAO CAMPINAS,SP,Sorocaba,2026-04-20,2026-04,2026,4
PARÇA,SALDAO CAMPINAS,SP,Sorocaba,2026-04-27,2026-04,2026,5
PARÇA,SALDAO CAMPINAS,SP,Sorocaba,2026-05-04,2026-05,2026,8
PARÇA,SALDAO CAMPINAS,SP,Sorocaba,2026-05-11,2026-05,2026,4
PARÇA,SALDAO CAMPINAS,SP,Sorocaba,2026-05-15,2026-05,2026,7
PARÇA,SALDAO CAMPINAS,SP,Sorocaba,2026-05-20,2026-05,2026,4
PARÇA,SALDAO CAMPINAS,SP,Sorocaba,2026-05-22,2026-05,2026,6
PARÇA,SALDAO CAMPINAS,SP,Sorocaba,2026-05-27,2026-05,2026,5
PARÇA,SALDAO CAMPINAS,SP,Sorocaba,2026-06-03,2026-06,2026,1
PARÇA,SALDAO CAMPINAS,SP,Sorocaba,2026-06-11,2026-06,2026,6
PARÇA,SALDAO CAMPINAS,SP,Sorocaba,2026-06-17,2026-06,2026,7
PARÇA,SALDAO CAMPINAS,SP,Sorocaba,2026-06-22,2026-06,2026,1
PARÇA,SALDAO CAMPINAS,SP,Sorocaba,2026-06-23,2026-06,2026,4
PARÇA,SALDAO CAMPINAS,SP,Sorocaba,2026-06-25,2026-06,2026,1
PARÇA,SALDAO CAMPINAS,SP,Sorocaba,2026-06-26,2026-06,2026,7
PARÇA,SALDAO CAMPINAS,SP,Sorocaba,2026-07-01,2026-07,2026,3
PARÇA,SALDAO CAMPINAS,SP,Sorocaba,2026-07-03,2026-07,2026,1
PARÇA,SALDAO CAMPINAS,SP,Sorocaba,2026-07-06,2026-07,2026,7
PARÇA,SALDAO CAMPINAS,SP,Sorocaba,2026-07-13,2026-07,2026,4
PARÇA,SALDAO CAMPINAS,SP,Sorocaba,2026-07-20,2026-07,2026,7
PARÇA,SALDAO CAMPINAS,SP,Sorocaba,2026-07-24,2026-07,2026,6
PARÇA,SALDAO CAMPINAS,SP,Sorocaba,2026-07-27,2026-07,2026,6
PARÇA,SALDAO CAMPINAS,SP,Sumare,2026-01-09,2026-01,2026,3
PARÇA,SALDAO CAMPINAS,SP,Sumare,2026-01-13,2026-01,2026,3
PARÇA,SALDAO CAMPINAS,SP,Sumare,2026-01-16,2026-01,2026,1
PARÇA,SALDAO CAMPINAS,SP,Sumare,2026-01-21,2026-01,2026,2
PARÇA,SALDAO CAMPINAS,SP,Sumare,2026-01-26,2026-01,2026,3
PARÇA,SALDAO CAMPINAS,SP,Sumare,2026-01-30,2026-01,2026,3
PARÇA,SALDAO CAMPINAS,SP,Sumare,2026-02-05,2026-02,2026,2
PARÇA,SALDAO CAMPINAS,SP,Sumare,2026-02-17,2026-02,2026,2
PARÇA,SALDAO CAMPINAS,SP,Sumare,2026-02-23,2026-02,2026,3
PARÇA,SALDAO CAMPINAS,SP,Sumare,2026-02-27,2026-02,2026,3
PARÇA,SALDAO CAMPINAS,SP,Sumare,2026-03-04,2026-03,2026,2
PARÇA,SALDAO CAMPINAS,SP,Sumare,2026-03-10,2026-03,2026,1
PARÇA,SALDAO CAMPINAS,SP,Sumare,2026-03-13,2026-03,2026,3
PARÇA,SALDAO CAMPINAS,SP,Sumare,2026-03-17,2026-03,2026,2
PARÇA,SALDAO CAMPINAS,SP,Sumare,2026-03-20,2026-03,2026,1
PARÇA,SALDAO CAMPINAS,SP,Sumare,2026-03-26,2026-03,2026,2
PARÇA,SALDAO CAMPINAS,SP,Sumare,2026-04-02,2026-04,2026,2
PARÇA,SALDAO CAMPINAS,SP,Sumare,2026-04-09,2026-04,2026,2
PARÇA,SALDAO CAMPINAS,SP,Sumare,2026-04-15,2026-04,2026,1
PARÇA,SALDAO CAMPINAS,SP,Sumare,2026-04-16,2026-04,2026,4
PARÇA,SALDAO CAMPINAS,SP,Sumare,2026-04-29,2026-04,2026,2
PARÇA,SALDAO CAMPINAS,SP,Sumare,2026-05-05,2026-05,2026,4
PARÇA,SALDAO CAMPINAS,SP,Sumare,2026-05-12,2026-05,2026,1
PARÇA,SALDAO CAMPINAS,SP,Sumare,2026-05-25,2026-05,2026,3
PARÇA,SALDAO CAMPINAS,SP,Sumare,2026-05-29,2026-05,2026,1
PARÇA,SALDAO CAMPINAS,SP,Sumare,2026-06-05,2026-06,2026,2
PARÇA,SALDAO CAMPINAS,SP,Sumare,2026-06-08,2026-06,2026,1
PARÇA,SALDAO CAMPINAS,SP,Sumare,2026-06-12,2026-06,2026,1
PARÇA,SALDAO CAMPINAS,SP,Sumare,2026-06-18,2026-06,2026,1
PARÇA,SALDAO CAMPINAS,SP,Sumare,2026-06-25,2026-06,2026,5
PARÇA,SALDAO CAMPINAS,SP,Sumare,2026-07-03,2026-07,2026,2
PARÇA,SALDAO CAMPINAS,SP,Sumare,2026-07-08,2026-07,2026,3
PARÇA,SALDAO CAMPINAS,SP,Sumare,2026-07-15,2026-07,2026,4
PARÇA,SALDAO CAMPINAS,SP,Sumare,2026-07-22,2026-07,2026,2
PARÇA,SALDAO CAMPINAS,SP,Sumare,2026-07-29,2026-07,2026,5
PARÇA,SALDAO CAMPINAS,SP,Tatui,2026-02-03,2026-02,2026,1
PARÇA,SALDAO CAMPINAS,SP,Tatui,2026-02-06,2026-02,2026,1
PARÇA,SALDAO CAMPINAS,SP,Tatui,2026-03-24,2026-03,2026,1
PARÇA,SALDAO CAMPINAS,SP,Tatui,2026-04-07,2026-04,2026,1
PARÇA,SALDAO CAMPINAS,SP,Tatui,2026-04-10,2026-04,2026,1
PARÇA,SALDAO CAMPINAS,SP,Tatui,2026-04-14,2026-04,2026,1
PARÇA,SALDAO CAMPINAS,SP,Tatui,2026-04-20,2026-04,2026,1
PARÇA,SALDAO CAMPINAS,SP,Tatui,2026-06-03,2026-06,2026,1
PARÇA,SALDAO CAMPINAS,SP,Tatui,2026-06-11,2026-06,2026,1
PARÇA,SALDAO CAMPINAS,SP,Tatui,2026-06-23,2026-06,2026,2
PARÇA,SALDAO CAMPINAS,SP,Tatui,2026-06-26,2026-06,2026,1
PARÇA,SALDAO CAMPINAS,SP,Tatui,2026-07-13,2026-07,2026,2
PARÇA,SALDAO CAMPINAS,SP,Tiete,2026-01-12,2026-01,2026,1
PARÇA,SALDAO CAMPINAS,SP,Tiete,2026-03-31,2026-03,2026,1
PARÇA,SALDAO CAMPINAS,SP,Tiete,2026-05-20,2026-05,2026,1
PARÇA,SALDAO CAMPINAS,SP,Tiete,2026-07-01,2026-07,2026,1
PARÇA,SALDAO CAMPINAS,SP,Tiete,2026-07-20,2026-07,2026,1
PARÇA,SALDAO CAMPINAS,SP,Valinhos,2026-01-20,2026-01,2026,3
PARÇA,SALDAO CAMPINAS,SP,Valinhos,2026-01-28,2026-01,2026,1
PARÇA,SALDAO CAMPINAS,SP,Valinhos,2026-02-02,2026-02,2026,1
PARÇA,SALDAO CAMPINAS,SP,Valinhos,2026-02-09,2026-02,2026,1
PARÇA,SALDAO CAMPINAS,SP,Valinhos,2026-02-10,2026-02,2026,2
PARÇA,SALDAO CAMPINAS,SP,Valinhos,2026-02-18,2026-02,2026,3
PARÇA,SALDAO CAMPINAS,SP,Valinhos,2026-02-25,2026-02,2026,1
PARÇA,SALDAO CAMPINAS,SP,Valinhos,2026-02-27,2026-02,2026,1
PARÇA,SALDAO CAMPINAS,SP,Valinhos,2026-03-03,2026-03,2026,1
PARÇA,SALDAO CAMPINAS,SP,Valinhos,2026-03-13,2026-03,2026,1
PARÇA,SALDAO CAMPINAS,SP,Valinhos,2026-03-17,2026-03,2026,2
PARÇA,SALDAO CAMPINAS,SP,Valinhos,2026-03-18,2026-03,2026,2
PARÇA,SALDAO CAMPINAS,SP,Valinhos,2026-03-20,2026-03,2026,1
PARÇA,SALDAO CAMPINAS,SP,Valinhos,2026-03-30,2026-03,2026,1
PARÇA,SALDAO CAMPINAS,SP,Valinhos,2026-04-24,2026-04,2026,2
PARÇA,SALDAO CAMPINAS,SP,Valinhos,2026-05-06,2026-05,2026,1
PARÇA,SALDAO CAMPINAS,SP,Valinhos,2026-05-08,2026-05,2026,3
PARÇA,SALDAO CAMPINAS,SP,Valinhos,2026-05-14,2026-05,2026,2
PARÇA,SALDAO CAMPINAS,SP,Valinhos,2026-05-21,2026-05,2026,1
PARÇA,SALDAO CAMPINAS,SP,Valinhos,2026-05-28,2026-05,2026,1
PARÇA,SALDAO CAMPINAS,SP,Valinhos,2026-06-02,2026-06,2026,1
PARÇA,SALDAO CAMPINAS,SP,Valinhos,2026-06-08,2026-06,2026,1
PARÇA,SALDAO CAMPINAS,SP,Valinhos,2026-06-16,2026-06,2026,3
PARÇA,SALDAO CAMPINAS,SP,Valinhos,2026-06-22,2026-06,2026,1
PARÇA,SALDAO CAMPINAS,SP,Valinhos,2026-07-02,2026-07,2026,1
PARÇA,SALDAO CAMPINAS,SP,Valinhos,2026-07-10,2026-07,2026,1
PARÇA,SALDAO CAMPINAS,SP,Valinhos,2026-07-16,2026-07,2026,1
PARÇA,SALDAO CAMPINAS,SP,Valinhos,2026-07-18,2026-07,2026,1
PARÇA,SALDAO CAMPINAS,SP,Valinhos,2026-07-23,2026-07,2026,3
PARÇA,SALDAO CAMPINAS,SP,Varzea Paulista,2026-01-15,2026-01,2026,1
PARÇA,SALDAO CAMPINAS,SP,Varzea Paulista,2026-01-20,2026-01,2026,2
PARÇA,SALDAO CAMPINAS,SP,Varzea Paulista,2026-02-02,2026-02,2026,1
PARÇA,SALDAO CAMPINAS,SP,Varzea Paulista,2026-02-10,2026-02,2026,1
PARÇA,SALDAO CAMPINAS,SP,Varzea Paulista,2026-02-25,2026-02,2026,2
PARÇA,SALDAO CAMPINAS,SP,Varzea Paulista,2026-03-03,2026-03,2026,2
PARÇA,SALDAO CAMPINAS,SP,Varzea Paulista,2026-03-09,2026-03,2026,2
PARÇA,SALDAO CAMPINAS,SP,Varzea Paulista,2026-03-17,2026-03,2026,1
PARÇA,SALDAO CAMPINAS,SP,Varzea Paulista,2026-03-30,2026-03,2026,2
PARÇA,SALDAO CAMPINAS,SP,Varzea Paulista,2026-04-06,2026-04,2026,1
PARÇA,SALDAO CAMPINAS,SP,Varzea Paulista,2026-04-08,2026-04,2026,1
PARÇA,SALDAO CAMPINAS,SP,Varzea Paulista,2026-04-15,2026-04,2026,1
PARÇA,SALDAO CAMPINAS,SP,Varzea Paulista,2026-04-22,2026-04,2026,1
PARÇA,SALDAO CAMPINAS,SP,Varzea Paulista,2026-05-14,2026-05,2026,2
PARÇA,SALDAO CAMPINAS,SP,Varzea Paulista,2026-05-21,2026-05,2026,1
PARÇA,SALDAO CAMPINAS,SP,Varzea Paulista,2026-06-02,2026-06,2026,2
PARÇA,SALDAO CAMPINAS,SP,Varzea Paulista,2026-06-08,2026-06,2026,1
PARÇA,SALDAO CAMPINAS,SP,Varzea Paulista,2026-07-02,2026-07,2026,1
PARÇA,SALDAO CAMPINAS,SP,Varzea Paulista,2026-07-10,2026-07,2026,1
PARÇA,SALDAO CAMPINAS,SP,Varzea Paulista,2026-07-16,2026-07,2026,1
PARÇA,SALDAO CAMPINAS,SP,Varzea Paulista,2026-07-23,2026-07,2026,2
PARÇA,SALDAO CAMPINAS,SP,Vinhedo,2026-01-15,2026-01,2026,2
PARÇA,SALDAO CAMPINAS,SP,Vinhedo,2026-03-03,2026-03,2026,2
PARÇA,SALDAO CAMPINAS,SP,Vinhedo,2026-03-09,2026-03,2026,1
PARÇA,SALDAO CAMPINAS,SP,Vinhedo,2026-04-06,2026-04,2026,1
PARÇA,SALDAO CAMPINAS,SP,Vinhedo,2026-06-02,2026-06,2026,2
PARÇA,SALDAO CAMPINAS,SP,Vinhedo,2026-06-16,2026-06,2026,2
PARÇA,SALDAO CAMPINAS,SP,Vinhedo,2026-06-22,2026-06,2026,1
PARÇA,SALDAO CAMPINAS,SP,Vinhedo,2026-07-16,2026-07,2026,1
PARÇA,SALDAO CAMPINAS,SP,Votorantim,2026-01-29,2026-01,2026,2
PARÇA,SALDAO CAMPINAS,SP,Votorantim,2026-01-30,2026-01,2026,1
PARÇA,SALDAO CAMPINAS,SP,Votorantim,2026-02-03,2026-02,2026,2
PARÇA,SALDAO CAMPINAS,SP,Votorantim,2026-02-19,2026-02,2026,1
PARÇA,SALDAO CAMPINAS,SP,Votorantim,2026-02-24,2026-02,2026,3
PARÇA,SALDAO CAMPINAS,SP,Votorantim,2026-03-05,2026-03,2026,1
PARÇA,SALDAO CAMPINAS,SP,Votorantim,2026-03-06,2026-03,2026,1
PARÇA,SALDAO CAMPINAS,SP,Votorantim,2026-03-12,2026-03,2026,1
PARÇA,SALDAO CAMPINAS,SP,Votorantim,2026-03-19,2026-03,2026,1
PARÇA,SALDAO CAMPINAS,SP,Votorantim,2026-03-24,2026-03,2026,1
PARÇA,SALDAO CAMPINAS,SP,Votorantim,2026-04-07,2026-04,2026,3
PARÇA,SALDAO CAMPINAS,SP,Votorantim,2026-04-27,2026-04,2026,2
PARÇA,SALDAO CAMPINAS,SP,Votorantim,2026-05-04,2026-05,2026,2
PARÇA,SALDAO CAMPINAS,SP,Votorantim,2026-05-11,2026-05,2026,1
PARÇA,SALDAO CAMPINAS,SP,Votorantim,2026-05-20,2026-05,2026,1
PARÇA,SALDAO CAMPINAS,SP,Votorantim,2026-06-11,2026-06,2026,2
PARÇA,SALDAO CAMPINAS,SP,Votorantim,2026-06-17,2026-06,2026,1
PARÇA,SALDAO CAMPINAS,SP,Votorantim,2026-06-22,2026-06,2026,1
PARÇA,SALDAO CAMPINAS,SP,Votorantim,2026-06-23,2026-06,2026,2
PARÇA,SALDAO CAMPINAS,SP,Votorantim,2026-07-01,2026-07,2026,2
PARÇA,SALDAO CAMPINAS,SP,Votorantim,2026-07-13,2026-07,2026,1
PARÇA,SALDAO CAMPINAS,SP,Votorantim,2026-07-24,2026-07,2026,1
PARÇA,SALDAO CAMPINAS,SP,Votorantim,2026-07-27,2026-07,2026,2
PARÇA,SEBASTIAO FIRMI,AL,Maceio,2026-05-08,2026-05,2026,1
PARÇA,SEBASTIAO FIRMI,AL,Maceio,2026-05-11,2026-05,2026,1
PARÇA,SEBASTIAO FIRMI,AL,Maceio,2026-05-15,2026-05,2026,2
PARÇA,SEBASTIAO FIRMI,AL,Maceio,2026-05-19,2026-05,2026,1
PARÇA,SEBASTIAO FIRMI,AL,Maceio,2026-05-20,2026-05,2026,1
PARÇA,SEBASTIAO FIRMI,AL,Maceio,2026-05-21,2026-05,2026,1
PARÇA,SEBASTIAO FIRMI,AL,Maceio,2026-05-26,2026-05,2026,2
PARÇA,SEBASTIAO FIRMI,AL,Maceio,2026-06-04,2026-06,2026,1
PARÇA,SEBASTIAO FIRMI,AL,Maceio,2026-06-09,2026-06,2026,2
PARÇA,SEBASTIAO FIRMI,AL,Maceio,2026-06-10,2026-06,2026,1
PARÇA,SEBASTIAO FIRMI,AL,Maceio,2026-06-11,2026-06,2026,1
PARÇA,SEBASTIAO FIRMI,AL,Maceio,2026-06-12,2026-06,2026,1
PARÇA,SEBASTIAO FIRMI,AL,Maceio,2026-06-15,2026-06,2026,2
PARÇA,SEBASTIAO FIRMI,AL,Maceio,2026-06-30,2026-06,2026,1
PARÇA,SEBASTIAO FIRMI,AL,Maceio,2026-07-03,2026-07,2026,1
PARÇA,SEBASTIAO FIRMI,AL,Maceio,2026-07-09,2026-07,2026,1
PARÇA,SEBASTIAO FIRMI,AL,Maceio,2026-07-11,2026-07,2026,2
PARÇA,SEBASTIAO FIRMI,AL,Maceio,2026-07-13,2026-07,2026,1
PARÇA,SEBASTIAO FIRMI,AL,Maceio,2026-07-14,2026-07,2026,1
PARÇA,SEBASTIAO FIRMI,AL,Maceio,2026-07-15,2026-07,2026,2
PARÇA,TANIA AOKI OUTL,SP,Cotia,2026-05-04,2026-05,2026,1
PARÇA,TANIA AOKI OUTL,SP,Cotia,2026-05-05,2026-05,2026,1
PARÇA,TANIA AOKI OUTL,SP,Cotia,2026-05-06,2026-05,2026,1
PARÇA,TANIA AOKI OUTL,SP,Cotia,2026-06-13,2026-06,2026,1
PARÇA,TANIA AOKI OUTL,SP,Cotia,2026-06-15,2026-06,2026,1
PARÇA,TANIA AOKI OUTL,SP,Cotia,2026-06-17,2026-06,2026,1
PARÇA,TANIA AOKI OUTL,SP,Cotia,2026-06-18,2026-06,2026,1
PARÇA,TANIA AOKI OUTL,SP,Cotia,2026-06-26,2026-06,2026,1
PARÇA,TANIA AOKI OUTL,SP,Cotia,2026-07-01,2026-07,2026,1
PARÇA,TANIA AOKI OUTL,SP,Cotia,2026-07-02,2026-07,2026,1
PARÇA,TANIA AOKI OUTL,SP,Cotia,2026-07-06,2026-07,2026,1
PARÇA,TANIA AOKI OUTL,SP,Cotia,2026-07-07,2026-07,2026,2
PARÇA,TANIA AOKI OUTL,SP,Cotia,2026-07-08,2026-07,2026,3
PARÇA,TANIA AOKI OUTL,SP,Cotia,2026-07-13,2026-07,2026,1
PARÇA,TANIA AOKI OUTL,SP,Cotia,2026-07-17,2026-07,2026,1
PARÇA,TANIA AOKI OUTL,SP,Cotia,2026-07-20,2026-07,2026,1
PARÇA,TANIA AOKI OUTL,SP,Cotia,2026-07-23,2026-07,2026,1
PARÇA,TANIA AOKI OUTL,SP,Cotia,2026-07-25,2026-07,2026,1
PARÇA,TOPA TUDO MOVEI,SC,Balneario Camboriu,2026-03-17,2026-03,2026,1
PARÇA,TOPA TUDO MOVEI,SC,Balneario Camboriu,2026-03-23,2026-03,2026,1
PARÇA,TOPA TUDO MOVEI,SC,Balneario Camboriu,2026-03-25,2026-03,2026,1
PARÇA,TOPA TUDO MOVEI,SC,Balneario Camboriu,2026-03-30,2026-03,2026,1
PARÇA,TOPA TUDO MOVEI,SC,Balneario Camboriu,2026-04-04,2026-04,2026,2
PARÇA,TOPA TUDO MOVEI,SC,Balneario Camboriu,2026-04-10,2026-04,2026,2
PARÇA,TOPA TUDO MOVEI,SC,Balneario Camboriu,2026-04-11,2026-04,2026,3
PARÇA,TOPA TUDO MOVEI,SC,Balneario Camboriu,2026-04-22,2026-04,2026,2
PARÇA,TOPA TUDO MOVEI,SC,Balneario Camboriu,2026-05-07,2026-05,2026,1
PARÇA,TOPA TUDO MOVEI,SC,Balneario Camboriu,2026-05-19,2026-05,2026,2
PARÇA,TOPA TUDO MOVEI,SC,Balneario Camboriu,2026-05-26,2026-05,2026,1
PARÇA,TOPA TUDO MOVEI,SC,Balneario Camboriu,2026-05-29,2026-05,2026,1
PARÇA,TOPA TUDO MOVEI,SC,Balneario Camboriu,2026-06-11,2026-06,2026,1
PARÇA,TOPA TUDO MOVEI,SC,Balneario Camboriu,2026-06-16,2026-06,2026,1
PARÇA,TOPA TUDO MOVEI,SC,Balneario Camboriu,2026-06-18,2026-06,2026,3
PARÇA,TOPA TUDO MOVEI,SC,Balneario Camboriu,2026-06-26,2026-06,2026,2
PARÇA,TOPA TUDO MOVEI,SC,Balneario Camboriu,2026-07-08,2026-07,2026,2
PARÇA,TOPA TUDO MOVEI,SC,Balneario Camboriu,2026-07-10,2026-07,2026,3
PARÇA,TOPA TUDO MOVEI,SC,Balneario Camboriu,2026-07-15,2026-07,2026,1
PARÇA,TOPA TUDO MOVEI,SC,Balneario Camboriu,2026-07-23,2026-07,2026,1
PARÇA,TOPA TUDO MOVEI,SC,Barra Velha,2026-02-05,2026-02,2026,1
PARÇA,TOPA TUDO MOVEI,SC,Barra Velha,2026-02-28,2026-02,2026,2
PARÇA,TOPA TUDO MOVEI,SC,Barra Velha,2026-03-10,2026-03,2026,1
PARÇA,TOPA TUDO MOVEI,SC,Barra Velha,2026-05-15,2026-05,2026,1
PARÇA,TOPA TUDO MOVEI,SC,Barra Velha,2026-06-11,2026-06,2026,1
PARÇA,TOPA TUDO MOVEI,SC,Barra Velha,2026-06-17,2026-06,2026,1
PARÇA,TOPA TUDO MOVEI,SC,Barra Velha,2026-07-29,2026-07,2026,2
PARÇA,TOPA TUDO MOVEI,SC,Camboriu,2026-03-25,2026-03,2026,2
PARÇA,TOPA TUDO MOVEI,SC,Camboriu,2026-03-30,2026-03,2026,2
PARÇA,TOPA TUDO MOVEI,SC,Camboriu,2026-04-04,2026-04,2026,1
PARÇA,TOPA TUDO MOVEI,SC,Camboriu,2026-04-10,2026-04,2026,1
PARÇA,TOPA TUDO MOVEI,SC,Camboriu,2026-05-15,2026-05,2026,1
PARÇA,TOPA TUDO MOVEI,SC,Camboriu,2026-05-19,2026-05,2026,3
PARÇA,TOPA TUDO MOVEI,SC,Camboriu,2026-06-05,2026-06,2026,1
PARÇA,TOPA TUDO MOVEI,SC,Camboriu,2026-06-11,2026-06,2026,1
PARÇA,TOPA TUDO MOVEI,SC,Camboriu,2026-06-18,2026-06,2026,1
PARÇA,TOPA TUDO MOVEI,SC,Camboriu,2026-06-26,2026-06,2026,2
PARÇA,TOPA TUDO MOVEI,SC,Camboriu,2026-07-01,2026-07,2026,1
PARÇA,TOPA TUDO MOVEI,SC,Camboriu,2026-07-10,2026-07,2026,1
PARÇA,TOPA TUDO MOVEI,SC,Florianopolis,2026-02-17,2026-02,2026,3
PARÇA,TOPA TUDO MOVEI,SC,Florianopolis,2026-02-24,2026-02,2026,2
PARÇA,TOPA TUDO MOVEI,SC,Florianopolis,2026-02-26,2026-02,2026,5
PARÇA,TOPA TUDO MOVEI,SC,Florianopolis,2026-03-03,2026-03,2026,2
PARÇA,TOPA TUDO MOVEI,SC,Florianopolis,2026-03-05,2026-03,2026,4
PARÇA,TOPA TUDO MOVEI,SC,Florianopolis,2026-03-13,2026-03,2026,5
PARÇA,TOPA TUDO MOVEI,SC,Florianopolis,2026-03-19,2026-03,2026,4
PARÇA,TOPA TUDO MOVEI,SC,Florianopolis,2026-03-27,2026-03,2026,5
PARÇA,TOPA TUDO MOVEI,SC,Florianopolis,2026-03-31,2026-03,2026,2
PARÇA,TOPA TUDO MOVEI,SC,Florianopolis,2026-04-08,2026-04,2026,3
PARÇA,TOPA TUDO MOVEI,SC,Florianopolis,2026-04-14,2026-04,2026,1
PARÇA,TOPA TUDO MOVEI,SC,Florianopolis,2026-04-17,2026-04,2026,3
PARÇA,TOPA TUDO MOVEI,SC,Florianopolis,2026-04-20,2026-04,2026,2
PARÇA,TOPA TUDO MOVEI,SC,Florianopolis,2026-04-24,2026-04,2026,2
PARÇA,TOPA TUDO MOVEI,SC,Florianopolis,2026-04-29,2026-04,2026,2
PARÇA,TOPA TUDO MOVEI,SC,Florianopolis,2026-05-04,2026-05,2026,1
PARÇA,TOPA TUDO MOVEI,SC,Florianopolis,2026-05-05,2026-05,2026,1
PARÇA,TOPA TUDO MOVEI,SC,Florianopolis,2026-05-12,2026-05,2026,4
PARÇA,TOPA TUDO MOVEI,SC,Florianopolis,2026-05-21,2026-05,2026,3
PARÇA,TOPA TUDO MOVEI,SC,Florianopolis,2026-05-28,2026-05,2026,3
PARÇA,TOPA TUDO MOVEI,SC,Florianopolis,2026-06-03,2026-06,2026,3
PARÇA,TOPA TUDO MOVEI,SC,Florianopolis,2026-06-08,2026-06,2026,1
PARÇA,TOPA TUDO MOVEI,SC,Florianopolis,2026-06-09,2026-06,2026,1
PARÇA,TOPA TUDO MOVEI,SC,Florianopolis,2026-06-12,2026-06,2026,4
PARÇA,TOPA TUDO MOVEI,SC,Florianopolis,2026-06-16,2026-06,2026,2
PARÇA,TOPA TUDO MOVEI,SC,Florianopolis,2026-06-21,2026-06,2026,2
PARÇA,TOPA TUDO MOVEI,SC,Florianopolis,2026-06-24,2026-06,2026,4
PARÇA,TOPA TUDO MOVEI,SC,Itajai,2026-02-02,2026-02,2026,1
PARÇA,TOPA TUDO MOVEI,SC,Itajai,2026-02-05,2026-02,2026,1
PARÇA,TOPA TUDO MOVEI,SC,Itajai,2026-02-11,2026-02,2026,1
PARÇA,TOPA TUDO MOVEI,SC,Itajai,2026-02-12,2026-02,2026,1
PARÇA,TOPA TUDO MOVEI,SC,Itajai,2026-02-19,2026-02,2026,2
PARÇA,TOPA TUDO MOVEI,SC,Itajai,2026-02-24,2026-02,2026,2
PARÇA,TOPA TUDO MOVEI,SC,Itajai,2026-03-04,2026-03,2026,2
PARÇA,TOPA TUDO MOVEI,SC,Itajai,2026-03-10,2026-03,2026,1
PARÇA,TOPA TUDO MOVEI,SC,Itajai,2026-03-30,2026-03,2026,1
PARÇA,TOPA TUDO MOVEI,SC,Itajai,2026-04-01,2026-04,2026,1
PARÇA,TOPA TUDO MOVEI,SC,Itajai,2026-04-10,2026-04,2026,3
PARÇA,TOPA TUDO MOVEI,SC,Itajai,2026-04-22,2026-04,2026,2
PARÇA,TOPA TUDO MOVEI,SC,Itajai,2026-05-04,2026-05,2026,1
PARÇA,TOPA TUDO MOVEI,SC,Itajai,2026-05-07,2026-05,2026,1
PARÇA,TOPA TUDO MOVEI,SC,Itajai,2026-05-26,2026-05,2026,3
PARÇA,TOPA TUDO MOVEI,SC,Itajai,2026-06-01,2026-06,2026,3
PARÇA,TOPA TUDO MOVEI,SC,Itajai,2026-06-05,2026-06,2026,2
PARÇA,TOPA TUDO MOVEI,SC,Itajai,2026-06-18,2026-06,2026,1
PARÇA,TOPA TUDO MOVEI,SC,Itajai,2026-06-26,2026-06,2026,2
PARÇA,TOPA TUDO MOVEI,SC,Itajai,2026-07-08,2026-07,2026,1
PARÇA,TOPA TUDO MOVEI,SC,Itajai,2026-07-10,2026-07,2026,2
PARÇA,TOPA TUDO MOVEI,SC,Itajai,2026-07-15,2026-07,2026,2
PARÇA,TOPA TUDO MOVEI,SC,Itajai,2026-07-23,2026-07,2026,1
PARÇA,TOPA TUDO MOVEI,SC,Itapema,2026-02-17,2026-02,2026,1
PARÇA,TOPA TUDO MOVEI,SC,Itapema,2026-02-19,2026-02,2026,1
PARÇA,TOPA TUDO MOVEI,SC,Itapema,2026-02-24,2026-02,2026,1
PARÇA,TOPA TUDO MOVEI,SC,Itapema,2026-03-03,2026-03,2026,2
PARÇA,TOPA TUDO MOVEI,SC,Itapema,2026-03-10,2026-03,2026,1
PARÇA,TOPA TUDO MOVEI,SC,Itapema,2026-03-25,2026-03,2026,1
PARÇA,TOPA TUDO MOVEI,SC,Itapema,2026-03-30,2026-03,2026,1
PARÇA,TOPA TUDO MOVEI,SC,Itapema,2026-04-22,2026-04,2026,1
PARÇA,TOPA TUDO MOVEI,SC,Itapema,2026-05-07,2026-05,2026,1
PARÇA,TOPA TUDO MOVEI,SC,Itapema,2026-06-05,2026-06,2026,1
PARÇA,TOPA TUDO MOVEI,SC,Itapema,2026-07-01,2026-07,2026,1
PARÇA,TOPA TUDO MOVEI,SC,Itapema,2026-07-10,2026-07,2026,1
PARÇA,TOPA TUDO MOVEI,SC,Itapema,2026-07-15,2026-07,2026,1
PARÇA,TOPA TUDO MOVEI,SC,Jaragua do Sul,2026-03-29,2026-03,2026,1
PARÇA,TOPA TUDO MOVEI,SC,Jaragua do Sul,2026-04-25,2026-04,2026,2
PARÇA,TOPA TUDO MOVEI,SC,Jaragua do Sul,2026-05-14,2026-05,2026,2
PARÇA,TOPA TUDO MOVEI,SC,Jaragua do Sul,2026-05-22,2026-05,2026,1
PARÇA,TOPA TUDO MOVEI,SC,Jaragua do Sul,2026-05-30,2026-05,2026,1
PARÇA,TOPA TUDO MOVEI,SC,Jaragua do Sul,2026-06-25,2026-06,2026,2
PARÇA,TOPA TUDO MOVEI,SC,Jaragua do Sul,2026-07-16,2026-07,2026,1
PARÇA,TOPA TUDO MOVEI,SC,Jaragua do Sul,2026-07-22,2026-07,2026,1
PARÇA,TOPA TUDO MOVEI,SC,Joinville,2026-01-05,2026-01,2026,2
PARÇA,TOPA TUDO MOVEI,SC,Joinville,2026-01-09,2026-01,2026,1
PARÇA,TOPA TUDO MOVEI,SC,Joinville,2026-01-10,2026-01,2026,2
PARÇA,TOPA TUDO MOVEI,SC,Joinville,2026-01-16,2026-01,2026,1
PARÇA,TOPA TUDO MOVEI,SC,Joinville,2026-01-19,2026-01,2026,2
PARÇA,TOPA TUDO MOVEI,SC,Joinville,2026-01-20,2026-01,2026,1
PARÇA,TOPA TUDO MOVEI,SC,Joinville,2026-01-21,2026-01,2026,1
PARÇA,TOPA TUDO MOVEI,SC,Joinville,2026-01-22,2026-01,2026,1
PARÇA,TOPA TUDO MOVEI,SC,Joinville,2026-01-23,2026-01,2026,1
PARÇA,TOPA TUDO MOVEI,SC,Joinville,2026-01-24,2026-01,2026,2
PARÇA,TOPA TUDO MOVEI,SC,Joinville,2026-01-26,2026-01,2026,2
PARÇA,TOPA TUDO MOVEI,SC,Joinville,2026-01-27,2026-01,2026,1
PARÇA,TOPA TUDO MOVEI,SC,Joinville,2026-01-28,2026-01,2026,2
PARÇA,TOPA TUDO MOVEI,SC,Joinville,2026-01-29,2026-01,2026,1
PARÇA,TOPA TUDO MOVEI,SC,Joinville,2026-01-30,2026-01,2026,1
PARÇA,TOPA TUDO MOVEI,SC,Joinville,2026-01-31,2026-01,2026,1
PARÇA,TOPA TUDO MOVEI,SC,Joinville,2026-02-04,2026-02,2026,1
PARÇA,TOPA TUDO MOVEI,SC,Joinville,2026-02-06,2026-02,2026,1
PARÇA,TOPA TUDO MOVEI,SC,Joinville,2026-02-08,2026-02,2026,1
PARÇA,TOPA TUDO MOVEI,SC,Joinville,2026-02-10,2026-02,2026,1
PARÇA,TOPA TUDO MOVEI,SC,Joinville,2026-02-11,2026-02,2026,1
PARÇA,TOPA TUDO MOVEI,SC,Joinville,2026-02-14,2026-02,2026,1
PARÇA,TOPA TUDO MOVEI,SC,Joinville,2026-02-18,2026-02,2026,1
PARÇA,TOPA TUDO MOVEI,SC,Joinville,2026-02-21,2026-02,2026,2
PARÇA,TOPA TUDO MOVEI,SC,Joinville,2026-02-24,2026-02,2026,1
PARÇA,TOPA TUDO MOVEI,SC,Joinville,2026-02-27,2026-02,2026,3
PARÇA,TOPA TUDO MOVEI,SC,Joinville,2026-02-28,2026-02,2026,1
PARÇA,TOPA TUDO MOVEI,SC,Joinville,2026-03-01,2026-03,2026,1
PARÇA,TOPA TUDO MOVEI,SC,Joinville,2026-03-04,2026-03,2026,1
PARÇA,TOPA TUDO MOVEI,SC,Joinville,2026-03-06,2026-03,2026,1
PARÇA,TOPA TUDO MOVEI,SC,Joinville,2026-03-07,2026-03,2026,1
PARÇA,TOPA TUDO MOVEI,SC,Joinville,2026-03-10,2026-03,2026,1
PARÇA,TOPA TUDO MOVEI,SC,Joinville,2026-03-11,2026-03,2026,1
PARÇA,TOPA TUDO MOVEI,SC,Joinville,2026-03-12,2026-03,2026,1
PARÇA,TOPA TUDO MOVEI,SC,Joinville,2026-03-14,2026-03,2026,2
PARÇA,TOPA TUDO MOVEI,SC,Joinville,2026-03-16,2026-03,2026,1
PARÇA,TOPA TUDO MOVEI,SC,Joinville,2026-03-18,2026-03,2026,1
PARÇA,TOPA TUDO MOVEI,SC,Joinville,2026-03-20,2026-03,2026,2
PARÇA,TOPA TUDO MOVEI,SC,Joinville,2026-03-21,2026-03,2026,1
PARÇA,TOPA TUDO MOVEI,SC,Joinville,2026-03-23,2026-03,2026,2
PARÇA,TOPA TUDO MOVEI,SC,Joinville,2026-03-24,2026-03,2026,1
PARÇA,TOPA TUDO MOVEI,SC,Joinville,2026-03-28,2026-03,2026,2
PARÇA,TOPA TUDO MOVEI,SC,Joinville,2026-04-02,2026-04,2026,2
PARÇA,TOPA TUDO MOVEI,SC,Joinville,2026-04-06,2026-04,2026,1
PARÇA,TOPA TUDO MOVEI,SC,Joinville,2026-04-07,2026-04,2026,1
PARÇA,TOPA TUDO MOVEI,SC,Joinville,2026-04-08,2026-04,2026,2
PARÇA,TOPA TUDO MOVEI,SC,Joinville,2026-04-13,2026-04,2026,4
PARÇA,TOPA TUDO MOVEI,SC,Joinville,2026-04-16,2026-04,2026,1
PARÇA,TOPA TUDO MOVEI,SC,Joinville,2026-04-19,2026-04,2026,1
PARÇA,TOPA TUDO MOVEI,SC,Joinville,2026-04-25,2026-04,2026,1
PARÇA,TOPA TUDO MOVEI,SC,Joinville,2026-04-26,2026-04,2026,1
PARÇA,TOPA TUDO MOVEI,SC,Joinville,2026-04-28,2026-04,2026,1
PARÇA,TOPA TUDO MOVEI,SC,Joinville,2026-05-04,2026-05,2026,1
PARÇA,TOPA TUDO MOVEI,SC,Joinville,2026-05-06,2026-05,2026,1
PARÇA,TOPA TUDO MOVEI,SC,Joinville,2026-05-11,2026-05,2026,1
PARÇA,TOPA TUDO MOVEI,SC,Joinville,2026-05-18,2026-05,2026,3
PARÇA,TOPA TUDO MOVEI,SC,Joinville,2026-05-19,2026-05,2026,2
PARÇA,TOPA TUDO MOVEI,SC,Joinville,2026-05-25,2026-05,2026,1
PARÇA,TOPA TUDO MOVEI,SC,Joinville,2026-05-27,2026-05,2026,2
PARÇA,TOPA TUDO MOVEI,SC,Joinville,2026-05-28,2026-05,2026,1
PARÇA,TOPA TUDO MOVEI,SC,Joinville,2026-06-02,2026-06,2026,1
PARÇA,TOPA TUDO MOVEI,SC,Joinville,2026-06-09,2026-06,2026,1
PARÇA,TOPA TUDO MOVEI,SC,Joinville,2026-06-15,2026-06,2026,1
PARÇA,TOPA TUDO MOVEI,SC,Joinville,2026-06-18,2026-06,2026,1
PARÇA,TOPA TUDO MOVEI,SC,Joinville,2026-06-19,2026-06,2026,2
PARÇA,TOPA TUDO MOVEI,SC,Joinville,2026-06-20,2026-06,2026,1
PARÇA,TOPA TUDO MOVEI,SC,Joinville,2026-06-22,2026-06,2026,2
PARÇA,TOPA TUDO MOVEI,SC,Joinville,2026-06-24,2026-06,2026,2
PARÇA,TOPA TUDO MOVEI,SC,Joinville,2026-06-27,2026-06,2026,1
PARÇA,TOPA TUDO MOVEI,SC,Joinville,2026-06-28,2026-06,2026,1
PARÇA,TOPA TUDO MOVEI,SC,Joinville,2026-06-29,2026-06,2026,1
PARÇA,TOPA TUDO MOVEI,SC,Joinville,2026-07-01,2026-07,2026,1
PARÇA,TOPA TUDO MOVEI,SC,Joinville,2026-07-03,2026-07,2026,1
PARÇA,TOPA TUDO MOVEI,SC,Joinville,2026-07-05,2026-07,2026,1
PARÇA,TOPA TUDO MOVEI,SC,Joinville,2026-07-07,2026-07,2026,1
PARÇA,TOPA TUDO MOVEI,SC,Joinville,2026-07-13,2026-07,2026,2
PARÇA,TOPA TUDO MOVEI,SC,Joinville,2026-07-14,2026-07,2026,2
PARÇA,TOPA TUDO MOVEI,SC,Joinville,2026-07-16,2026-07,2026,1
PARÇA,TOPA TUDO MOVEI,SC,Joinville,2026-07-17,2026-07,2026,1
PARÇA,TOPA TUDO MOVEI,SC,Joinville,2026-07-18,2026-07,2026,2
PARÇA,TOPA TUDO MOVEI,SC,Joinville,2026-07-20,2026-07,2026,1
PARÇA,TOPA TUDO MOVEI,SC,Joinville,2026-07-21,2026-07,2026,3
PARÇA,TOPA TUDO MOVEI,SC,Joinville,2026-07-24,2026-07,2026,1
PARÇA,TOPA TUDO MOVEI,SC,Joinville,2026-07-25,2026-07,2026,1
PARÇA,TOPA TUDO MOVEI,SC,Joinville,2026-07-29,2026-07,2026,1
PARÇA,TOPA TUDO MOVEI,SC,Monte Castelo,2026-05-14,2026-05,2026,1
PARÇA,TOPA TUDO MOVEI,SC,Navegantes,2026-03-25,2026-03,2026,1
PARÇA,TOPA TUDO MOVEI,SC,Navegantes,2026-04-01,2026-04,2026,1
PARÇA,TOPA TUDO MOVEI,SC,Navegantes,2026-05-26,2026-05,2026,3
PARÇA,TOPA TUDO MOVEI,SC,Navegantes,2026-06-01,2026-06,2026,2
PARÇA,TOPA TUDO MOVEI,SC,Navegantes,2026-06-18,2026-06,2026,1
PARÇA,TOPA TUDO MOVEI,SC,Navegantes,2026-07-01,2026-07,2026,1
PARÇA,TOPA TUDO MOVEI,SC,Navegantes,2026-07-20,2026-07,2026,1
PARÇA,TOPA TUDO MOVEI,SC,Palhoca,2026-02-17,2026-02,2026,1
PARÇA,TOPA TUDO MOVEI,SC,Palhoca,2026-02-19,2026-02,2026,3
PARÇA,TOPA TUDO MOVEI,SC,Palhoca,2026-02-24,2026-02,2026,1
PARÇA,TOPA TUDO MOVEI,SC,Palhoca,2026-03-27,2026-03,2026,1
PARÇA,TOPA TUDO MOVEI,SC,Palhoca,2026-04-08,2026-04,2026,3
PARÇA,TOPA TUDO MOVEI,SC,Palhoca,2026-04-17,2026-04,2026,2
PARÇA,TOPA TUDO MOVEI,SC,Palhoca,2026-04-24,2026-04,2026,1
PARÇA,TOPA TUDO MOVEI,SC,Palhoca,2026-04-29,2026-04,2026,2
PARÇA,TOPA TUDO MOVEI,SC,Palhoca,2026-05-21,2026-05,2026,1
PARÇA,TOPA TUDO MOVEI,SC,Palhoca,2026-05-28,2026-05,2026,1
PARÇA,TOPA TUDO MOVEI,SC,Palhoca,2026-06-08,2026-06,2026,1
PARÇA,TOPA TUDO MOVEI,SC,Palhoca,2026-06-12,2026-06,2026,2
PARÇA,TOPA TUDO MOVEI,SC,Palhoca,2026-06-16,2026-06,2026,3
PARÇA,TOPA TUDO MOVEI,SC,Penha,2026-05-15,2026-05,2026,1
PARÇA,TOPA TUDO MOVEI,SC,Sao Jose,2026-03-03,2026-03,2026,1
PARÇA,TOPA TUDO MOVEI,SC,Sao Jose,2026-03-19,2026-03,2026,1
PARÇA,TOPA TUDO MOVEI,SC,Sao Jose,2026-03-27,2026-03,2026,1
PARÇA,TOPA TUDO MOVEI,SC,Sao Jose,2026-03-31,2026-03,2026,1
PARÇA,TOPA TUDO MOVEI,SC,Sao Jose,2026-04-08,2026-04,2026,1
PARÇA,TOPA TUDO MOVEI,SC,Sao Jose,2026-04-14,2026-04,2026,1
PARÇA,TOPA TUDO MOVEI,SC,Sao Jose,2026-04-29,2026-04,2026,1
PARÇA,TOPA TUDO MOVEI,SC,Sao Jose,2026-05-05,2026-05,2026,2
PARÇA,TOPA TUDO MOVEI,SC,Sao Jose,2026-05-07,2026-05,2026,1
PARÇA,TOPA TUDO MOVEI,SC,Sao Jose,2026-05-12,2026-05,2026,2
PARÇA,TOPA TUDO MOVEI,SC,Sao Jose,2026-05-15,2026-05,2026,4
PARÇA,TOPA TUDO MOVEI,SC,Sao Jose,2026-05-21,2026-05,2026,1
PARÇA,TOPA TUDO MOVEI,SC,Sao Jose,2026-05-28,2026-05,2026,3
PARÇA,TOPA TUDO MOVEI,SC,Sao Jose,2026-06-03,2026-06,2026,1
PARÇA,TOPA TUDO MOVEI,SC,Sao Jose,2026-06-08,2026-06,2026,4
PARÇA,TOPA TUDO MOVEI,SC,Sao Jose,2026-06-12,2026-06,2026,1
PARÇA,TOPA TUDO MOVEI,SC,Sao Jose,2026-06-16,2026-06,2026,1
PARÇA,TOPA TUDO MOVEI,SC,Sao Jose,2026-06-24,2026-06,2026,1
PARÇA,TRINDADE & CUBA,SP,Adamantina,2026-07-01,2026-07,2026,1
PARÇA,TRINDADE & CUBA,SP,Adamantina,2026-07-17,2026-07,2026,1
PARÇA,TRINDADE & CUBA,SP,Andradina,2026-06-03,2026-06,2026,1
PARÇA,TRINDADE & CUBA,SP,Aracatuba,2026-05-06,2026-05,2026,1
PARÇA,TRINDADE & CUBA,SP,Aracatuba,2026-05-25,2026-05,2026,1
PARÇA,TRINDADE & CUBA,SP,Aracatuba,2026-05-29,2026-05,2026,2
PARÇA,TRINDADE & CUBA,SP,Aracatuba,2026-06-06,2026-06,2026,1
PARÇA,TRINDADE & CUBA,SP,Aracatuba,2026-06-11,2026-06,2026,2
PARÇA,TRINDADE & CUBA,SP,Aracatuba,2026-06-17,2026-06,2026,1
PARÇA,TRINDADE & CUBA,SP,Aracatuba,2026-06-22,2026-06,2026,1
PARÇA,TRINDADE & CUBA,SP,Aracatuba,2026-06-24,2026-06,2026,1
PARÇA,TRINDADE & CUBA,SP,Aracatuba,2026-07-02,2026-07,2026,3
PARÇA,TRINDADE & CUBA,SP,Bady Bassitt,2026-06-27,2026-06,2026,1
PARÇA,TRINDADE & CUBA,SP,Bady Bassitt,2026-07-16,2026-07,2026,1
PARÇA,TRINDADE & CUBA,SP,Bady Bassitt,2026-07-25,2026-07,2026,1
PARÇA,TRINDADE & CUBA,SP,Birigui,2026-05-12,2026-05,2026,1
PARÇA,TRINDADE & CUBA,SP,Birigui,2026-05-25,2026-05,2026,1
PARÇA,TRINDADE & CUBA,SP,Birigui,2026-05-28,2026-05,2026,1
PARÇA,TRINDADE & CUBA,SP,Birigui,2026-06-03,2026-06,2026,2
PARÇA,TRINDADE & CUBA,SP,Birigui,2026-06-18,2026-06,2026,1
PARÇA,TRINDADE & CUBA,SP,Birigui,2026-07-21,2026-07,2026,1
PARÇA,TRINDADE & CUBA,SP,Birigui,2026-07-27,2026-07,2026,1
PARÇA,TRINDADE & CUBA,SP,Brauna,2026-06-10,2026-06,2026,1
PARÇA,TRINDADE & CUBA,SP,Brodowski,2026-07-23,2026-07,2026,1
PARÇA,TRINDADE & CUBA,SP,Buritama,2026-06-08,2026-06,2026,1
PARÇA,TRINDADE & CUBA,SP,Buritama,2026-07-27,2026-07,2026,1
PARÇA,TRINDADE & CUBA,SP,Cafelandia,2026-07-08,2026-07,2026,1
PARÇA,TRINDADE & CUBA,SP,Cedral,2026-07-16,2026-07,2026,1
PARÇA,TRINDADE & CUBA,SP,Clementina,2026-07-28,2026-07,2026,1
PARÇA,TRINDADE & CUBA,SP,Cordeiropolis,2026-07-24,2026-07,2026,1
PARÇA,TRINDADE & CUBA,SP,Fernandopolis,2026-07-29,2026-07,2026,1
PARÇA,TRINDADE & CUBA,SP,Franca,2026-05-07,2026-05,2026,1
PARÇA,TRINDADE & CUBA,SP,Franca,2026-05-08,2026-05,2026,2
PARÇA,TRINDADE & CUBA,SP,Franca,2026-05-14,2026-05,2026,2
PARÇA,TRINDADE & CUBA,SP,Franca,2026-05-25,2026-05,2026,1
PARÇA,TRINDADE & CUBA,SP,Franca,2026-05-29,2026-05,2026,2
PARÇA,TRINDADE & CUBA,SP,Franca,2026-06-01,2026-06,2026,1
PARÇA,TRINDADE & CUBA,SP,Franca,2026-06-03,2026-06,2026,1
PARÇA,TRINDADE & CUBA,SP,Franca,2026-06-08,2026-06,2026,1
PARÇA,TRINDADE & CUBA,SP,Franca,2026-06-11,2026-06,2026,1
PARÇA,TRINDADE & CUBA,SP,Franca,2026-06-29,2026-06,2026,1
PARÇA,TRINDADE & CUBA,SP,Franca,2026-06-30,2026-06,2026,2
PARÇA,TRINDADE & CUBA,SP,Franca,2026-07-14,2026-07,2026,2
PARÇA,TRINDADE & CUBA,SP,Franca,2026-07-24,2026-07,2026,1
PARÇA,TRINDADE & CUBA,SP,Franca,2026-07-27,2026-07,2026,1
PARÇA,TRINDADE & CUBA,SP,Franca,2026-07-29,2026-07,2026,1
PARÇA,TRINDADE & CUBA,SP,Garca,2026-05-20,2026-05,2026,1
PARÇA,TRINDADE & CUBA,SP,Garca,2026-06-26,2026-06,2026,1
PARÇA,TRINDADE & CUBA,SP,Guaicara,2026-07-27,2026-07,2026,1
PARÇA,TRINDADE & CUBA,SP,Guararapes,2026-07-17,2026-07,2026,1
PARÇA,TRINDADE & CUBA,SP,Lins,2026-06-09,2026-06,2026,2
PARÇA,TRINDADE & CUBA,SP,Mirandopolis,2026-05-28,2026-05,2026,1
PARÇA,TRINDADE & CUBA,SP,Mirassol,2026-07-04,2026-07,2026,1
PARÇA,TRINDADE & CUBA,SP,Mirassol,2026-07-25,2026-07,2026,1
PARÇA,TRINDADE & CUBA,SP,Monte Aprazivel,2026-07-17,2026-07,2026,1
PARÇA,TRINDADE & CUBA,SP,Oriente,2026-07-01,2026-07,2026,1
PARÇA,TRINDADE & CUBA,SP,Osvaldo Cruz,2026-07-17,2026-07,2026,1
PARÇA,TRINDADE & CUBA,SP,Parapua,2026-07-01,2026-07,2026,1
PARÇA,TRINDADE & CUBA,SP,Penapolis,2026-05-16,2026-05,2026,1
PARÇA,TRINDADE & CUBA,SP,Penapolis,2026-06-10,2026-06,2026,1
PARÇA,TRINDADE & CUBA,SP,Penapolis,2026-06-27,2026-06,2026,1
PARÇA,TRINDADE & CUBA,SP,Promissao,2026-07-21,2026-07,2026,1
PARÇA,TRINDADE & CUBA,SP,Ribeirao Corrente,2026-07-13,2026-07,2026,1
PARÇA,TRINDADE & CUBA,SP,Ribeirao Preto,2026-06-17,2026-06,2026,7
PARÇA,TRINDADE & CUBA,SP,Ribeirao Preto,2026-06-18,2026-06,2026,3
PARÇA,TRINDADE & CUBA,SP,Ribeirao Preto,2026-06-19,2026-06,2026,1
PARÇA,TRINDADE & CUBA,SP,Ribeirao Preto,2026-06-25,2026-06,2026,6
PARÇA,TRINDADE & CUBA,SP,Ribeirao Preto,2026-06-30,2026-06,2026,8
PARÇA,TRINDADE & CUBA,SP,Ribeirao Preto,2026-07-02,2026-07,2026,2
PARÇA,TRINDADE & CUBA,SP,Ribeirao Preto,2026-07-09,2026-07,2026,3
PARÇA,TRINDADE & CUBA,SP,Ribeirao Preto,2026-07-17,2026-07,2026,4
PARÇA,TRINDADE & CUBA,SP,Ribeirao Preto,2026-07-18,2026-07,2026,1
PARÇA,TRINDADE & CUBA,SP,Ribeirao Preto,2026-07-21,2026-07,2026,1
PARÇA,TRINDADE & CUBA,SP,Ribeirao Preto,2026-07-23,2026-07,2026,5
PARÇA,TRINDADE & CUBA,SP,Santo Antonio do Aracangua,2026-06-30,2026-06,2026,1
PARÇA,TRINDADE & CUBA,SP,Sao Jose do Rio Preto,2026-06-08,2026-06,2026,2
PARÇA,TRINDADE & CUBA,SP,Sao Jose do Rio Preto,2026-06-09,2026-06,2026,2
PARÇA,TRINDADE & CUBA,SP,Sao Jose do Rio Preto,2026-06-15,2026-06,2026,2
PARÇA,TRINDADE & CUBA,SP,Sao Jose do Rio Preto,2026-06-17,2026-06,2026,1
PARÇA,TRINDADE & CUBA,SP,Sao Jose do Rio Preto,2026-06-26,2026-06,2026,1
PARÇA,TRINDADE & CUBA,SP,Sao Jose do Rio Preto,2026-06-29,2026-06,2026,2
PARÇA,TRINDADE & CUBA,SP,Sao Jose do Rio Preto,2026-07-04,2026-07,2026,2
PARÇA,TRINDADE & CUBA,SP,Sao Jose do Rio Preto,2026-07-09,2026-07,2026,2
PARÇA,TRINDADE & CUBA,SP,Sao Jose do Rio Preto,2026-07-16,2026-07,2026,1
PARÇA,TRINDADE & CUBA,SP,Sao Jose do Rio Preto,2026-07-18,2026-07,2026,1
PARÇA,TRINDADE & CUBA,SP,Sao Jose do Rio Preto,2026-07-21,2026-07,2026,1
PARÇA,TRINDADE & CUBA,SP,Sao Jose do Rio Preto,2026-07-25,2026-07,2026,3
