Estado;Cidade;Transportadora;Parça (Sim/Não)
AC;Acrelândia;FAVORITA;Não
AC;Assis Brasil;FAVORITA;Não
AC;Brasiléia;FAVORITA;Não
AC;Bujari;FAVORITA;Não
AC;Capixaba;FAVORITA;Não
AC;Cruzeiro do Sul;FAVORITA;Não
AC;Epitaciolândia;FAVORITA;Não
AC;Feijó;FAVORITA;Não
AC;Jordão;FAVORITA;Não
AC;Mâncio Lima;FAVORITA;Não
AC;Manoel Urbano;FAVORITA;Não
AC;Marechal Thaumaturgo;FAVORITA;Não
AC;Plácido de Castro;FAVORITA;Não
AC;Porto Acre;FAVORITA;Não
AC;Porto Walter;FAVORITA;Não
AC;Rio Branco;FAVORITA;Não
AC;Rodrigues Alves;FAVORITA;Não
AC;Santa Rosa do Purus;FAVORITA;Não
AC;Sena Madureira;FAVORITA;Não
AC;Senador Guiomard;FAVORITA;Não
AC;Tarauacá;FAVORITA;Não
AC;Xapuri;FAVORITA;Não
AL;Água Branca;MG - DOMINALOG;Não
AL;Pão de Açúcar;MG - DOMINALOG;Não
AL;Anadia;MG - DOMINALOG;Não
AL;Viçosa;MG - DOMINALOG;Não
AL;Palmeira dos Índios;MG - DOMINALOG;Não
AL;Arapiraca;MG - DOMINALOG;Não
AL;Atalaia;MG - DOMINALOG;Não
AL;Barra de Santo Antônio;MG - DOMINALOG;Não
AL;Barra de São Miguel;MG - DOMINALOG;Não
AL;Maragogi;MG - DOMINALOG;Não
AL;Batalha;MG - DOMINALOG;Não
AL;Belém;MG - DOMINALOG;Não
AL;Belo Monte;MG - DOMINALOG;Não
AL;Boca da Mata;MG - DOMINALOG;Não
AL;Branquinha;MG - DOMINALOG;Não
AL;Cacimbinhas;MG - DOMINALOG;Não
AL;Cajueiro;MG - DOMINALOG;Não
AL;Campestre;MG - DOMINALOG;Não
AL;Campo Alegre;MG - DOMINALOG;Não
AL;Campo Grande;MG - DOMINALOG;Não
AL;Canapi;MG - DOMINALOG;Não
AL;Ibateguara;MG - DOMINALOG;Não
AL;Capela;MG - DOMINALOG;Não
AL;Carneiros;MG - DOMINALOG;Não
AL;Chã Preta;MG - DOMINALOG;Não
AL;Coité do Nóia;MG - DOMINALOG;Não
AL;Colônia Leopoldina;MG - DOMINALOG;Não
AL;Coqueiro Seco;MG - DOMINALOG;Não
AL;Coruripe;MG - DOMINALOG;Não
AL;Craíbas;MG - DOMINALOG;Não
AL;Delmiro Gouveia;MG - DOMINALOG;Não
AL;Dois Riachos;MG - DOMINALOG;Não
AL;Estrela de Alagoas;MG - DOMINALOG;Não
AL;Feira Grande;MG - DOMINALOG;Não
AL;Feliz Deserto;MG - DOMINALOG;Não
AL;Flexeiras;MG - DOMINALOG;Não
AL;Girau do Ponciano;MG - DOMINALOG;Não
AL;Igaci;MG - DOMINALOG;Não
AL;Igreja Nova;MG - DOMINALOG;Não
AL;Inhapi;MG - DOMINALOG;Não
AL;Jacaré dos Homens;MG - DOMINALOG;Não
AL;Jacuípe;MG - DOMINALOG;Não
AL;Japaratinga;MG - DOMINALOG;Não
AL;Jaramataia;MG - DOMINALOG;Não
AL;Joaquim Gomes;MG - DOMINALOG;Não
AL;Jundiá;MG - DOMINALOG;Não
AL;Junqueiro;MG - DOMINALOG;Não
AL;Lagoa da Canoa;MG - DOMINALOG;Não
AL;Limoeiro de Anadia;MG - DOMINALOG;Não
AL;Maceió;SEBASTIAO FIRMI;Sim
AL;Major Isidoro;MG - DOMINALOG;Não
AL;Mar Vermelho;MG - DOMINALOG;Não
AL;Maravilha;MG - DOMINALOG;Não
AL;Marechal Deodoro;MG - DOMINALOG;Não
AL;Maribondo;MG - DOMINALOG;Não
AL;Mata Grande;MG - DOMINALOG;Não
AL;Matriz de Camaragibe;MG - DOMINALOG;Não
AL;Messias;MG - DOMINALOG;Não
AL;Minador do Negrão;MG - DOMINALOG;Não
AL;Monteirópolis;MG - DOMINALOG;Não
AL;Santana do Mundaú;MG - DOMINALOG;Não
AL;Murici;MG - DOMINALOG;Não
AL;Novo Lino;MG - DOMINALOG;Não
AL;Olho D'Água Grande;MG - DOMINALOG;Não
AL;Olho D'Água das Flores;MG - DOMINALOG;Não
AL;Olho D'Água do Casado;MG - DOMINALOG;Não
AL;Olivença;MG - DOMINALOG;Não
AL;Ouro Branco;MG - DOMINALOG;Não
AL;Palestina;MG - DOMINALOG;Não
AL;Pariconha;MG - DOMINALOG;Não
AL;Paripueira;MG - DOMINALOG;Não
AL;Passo de Camaragibe;MG - DOMINALOG;Não
AL;Paulo Jacinto;MG - DOMINALOG;Não
AL;Penedo;MG - DOMINALOG;Não
AL;Piaçabuçu;MG - DOMINALOG;Não
AL;Pilar;MG - DOMINALOG;Não
AL;Pindoba;MG - DOMINALOG;Não
AL;Piranhas;MG - DOMINALOG;Não
AL;Poço das Trincheiras;MG - DOMINALOG;Não
AL;Porto Calvo;MG - DOMINALOG;Não
AL;Porto de Pedras;MG - DOMINALOG;Não
AL;Porto Real do Colégio;MG - DOMINALOG;Não
AL;Quebrangulo;MG - DOMINALOG;Não
AL;Rio Largo;MG - DOMINALOG;Não
AL;União dos Palmares;MG - DOMINALOG;Não
AL;Roteiro;MG - DOMINALOG;Não
AL;Santa Luzia do Norte;MG - DOMINALOG;Não
AL;Santana do Ipanema;MG - DOMINALOG;Não
AL;São Brás;MG - DOMINALOG;Não
AL;São José da Laje;MG - DOMINALOG;Não
AL;São José da Tapera;MG - DOMINALOG;Não
AL;São Luís do Quitunde;MG - DOMINALOG;Não
AL;São Miguel dos Campos;MG - DOMINALOG;Não
AL;São Miguel dos Milagres;MG - DOMINALOG;Não
AL;São Sebastião;MG - DOMINALOG;Não
AL;Satuba;MG - DOMINALOG;Não
AL;Senador Rui Palmeira;MG - DOMINALOG;Não
AL;Tanque D'Arca;MG - DOMINALOG;Não
AL;Taquarana;MG - DOMINALOG;Não
AL;Teotônio Vilela;MG - DOMINALOG;Não
AL;Traipu;MG - DOMINALOG;Não
AL;Jequiá da Praia;MG - DOMINALOG;Não
AP;Macapá;FAVORITA;Não
AP;Amapá;FAVORITA;Não
AP;Pedra Branca do Amaparí;FAVORITA;Não
AP;Tartarugalzinho;FAVORITA;Não
AP;Laranjal do Jari;FAVORITA;Não
AP;Calçoene;FAVORITA;Não
AP;Oiapoque;FAVORITA;Não
AP;Cutias;FAVORITA;Não
AP;Ferreira Gomes;FAVORITA;Não
AP;Santana;FAVORITA;Não
AP;Itaubal;FAVORITA;Não
AP;Mazagão;FAVORITA;Não
AP;Porto Grande;FAVORITA;Não
AP;Pracuúba;FAVORITA;Não
AP;Vitória do Jari;FAVORITA;Não
AP;Serra do Navio;FAVORITA;Não
AM;Alvarães;FAVORITA;Não
AM;Itacoatiara;FAVORITA;Não
AM;Amaturá;FAVORITA;Não
AM;Anamã;FAVORITA;Não
AM;Anori;FAVORITA;Não
AM;Apuí;FAVORITA;Não
AM;Barreirinha;FAVORITA;Não
AM;Atalaia do Norte;FAVORITA;Não
AM;Urucurituba;FAVORITA;Não
AM;Autazes;FAVORITA;Não
AM;Borba;FAVORITA;Não
AM;Codajás;FAVORITA;Não
AM;Presidente Figueiredo;FAVORITA;Não
AM;Barcelos;FAVORITA;Não
AM;Benjamin Constant;FAVORITA;Não
AM;Beruri;FAVORITA;Não
AM;Boa Vista do Ramos;FAVORITA;Não
AM;Boca do Acre;FAVORITA;Não
AM;Caapiranga;FAVORITA;Não
AM;Canutama;FAVORITA;Não
AM;Carauari;FAVORITA;Não
AM;Careiro;FAVORITA;Não
AM;Careiro da Várzea;FAVORITA;Não
AM;Coari;FAVORITA;Não
AM;São Gabriel da Cachoeira;FAVORITA;Não
AM;Eirunepé;FAVORITA;Não
AM;Envira;FAVORITA;Não
AM;Fonte Boa;FAVORITA;Não
AM;Guajará;FAVORITA;Não
AM;Humaitá;FAVORITA;Não
AM;Ipixuna;FAVORITA;Não
AM;Iranduba;FAVORITA;Não
AM;Itamarati;FAVORITA;Não
AM;Itapiranga;FAVORITA;Não
AM;Japurá;FAVORITA;Não
AM;Juruá;FAVORITA;Não
AM;Jutaí;FAVORITA;Não
AM;Lábrea;FAVORITA;Não
AM;Manacapuru;FAVORITA;Não
AM;Manaquiri;FAVORITA;Não
AM;Manaus;FAVORITA;Não
AM;Manicoré;FAVORITA;Não
AM;Maraã;FAVORITA;Não
AM;Maués;FAVORITA;Não
AM;Parintins;FAVORITA;Não
AM;Nhamundá;FAVORITA;Não
AM;Nova Olinda do Norte;FAVORITA;Não
AM;Novo Airão;FAVORITA;Não
AM;Novo Aripuanã;FAVORITA;Não
AM;Pauini;FAVORITA;Não
AM;Rio Preto da Eva;FAVORITA;Não
AM;Santa Isabel do Rio Negro;FAVORITA;Não
AM;São Paulo de Olivença;FAVORITA;Não
AM;Santo Antônio do Içá;FAVORITA;Não
AM;São Sebastião do Uatumã;FAVORITA;Não
AM;Silves;FAVORITA;Não
AM;Tabatinga;FAVORITA;Não
AM;Tapauá;FAVORITA;Não
AM;Tefé;FAVORITA;Não
AM;Tonantins;FAVORITA;Não
AM;Uarini;FAVORITA;Não
AM;Urucará;FAVORITA;Não
BA;Jandaíra;MG - DOMINALOG;Não
BA;Abaíra;MG - DOMINALOG;Não
BA;Abaré;MG - DOMINALOG;Não
BA;Vitória da Conquista;ORC MOVEIS E EL;Sim
BA;Juazeiro;ORC MOVEIS E EL;Sim
BA;Acajutiba;MG - DOMINALOG;Não
BA;Mata de São João;MG - DOMINALOG;Não
BA;Santa Maria da Vitória;MG - DOMINALOG;Não
BA;Santo Amaro;MG - DOMINALOG;Não
BA;Adustina;MG - DOMINALOG;Não
BA;São Gonçalo dos Campos;MG - DOMINALOG;Não
BA;Lençóis;ORC MOVEIS E EL;Sim
BA;Ibicuí;MG - DOMINALOG;Não
BA;Água Fria;MG - DOMINALOG;Não
BA;Paratinga;MG - DOMINALOG;Não
BA;Aiquara;MG - DOMINALOG;Não
BA;Alagoinhas;ORC MOVEIS E EL;Sim
BA;Alcobaça;MG - DOMINALOG;Não
BA;Condeúba;MG - DOMINALOG;Não
BA;Ibirataia;MG - DOMINALOG;Não
BA;Quijingue;ORC MOVEIS E EL;Sim
BA;Almadina;MG - DOMINALOG;Não
BA;Mundo Novo;MG - DOMINALOG;Não
BA;Sento Sé;MG - DOMINALOG;Não
BA;Amargosa;MG - DOMINALOG;Não
BA;Amélia Rodrigues;MG - DOMINALOG;Não
BA;América Dourada;MG - DOMINALOG;Não
BA;Anagé;MG - DOMINALOG;Não
BA;Andaraí;MG - DOMINALOG;Não
BA;Andorinha;MG - DOMINALOG;Não
BA;Angical;MG - DOMINALOG;Não
BA;Mairi;MG - DOMINALOG;Não
BA;Anguera;MG - DOMINALOG;Não
BA;Antas;MG - DOMINALOG;Não
BA;Antônio Cardoso;MG - DOMINALOG;Não
BA;Antônio Gonçalves;MG - DOMINALOG;Não
BA;Aporá;MG - DOMINALOG;Não
BA;Apuarema;MG - DOMINALOG;Não
BA;Araçás;MG - DOMINALOG;Não
BA;Aracatu;MG - DOMINALOG;Não
BA;Araci;ORC MOVEIS E EL;Sim
BA;Aramari;MG - DOMINALOG;Não
BA;Rio de Contas;MG - DOMINALOG;Não
BA;Arataca;MG - DOMINALOG;Não
BA;Aratuípe;MG - DOMINALOG;Não
BA;Rafael Jambeiro;MG - DOMINALOG;Não
BA;Nova Viçosa;MG - DOMINALOG;Não
BA;Euclides da Cunha;ORC MOVEIS E EL;Sim
BA;Ilhéus;MG - DOMINALOG;Não
BA;Aurelino Leal;MG - DOMINALOG;Não
BA;Baianópolis;MG - DOMINALOG;Não
BA;Sapeaçu;MG - DOMINALOG;Não
BA;Baixa Grande;MG - DOMINALOG;Não
BA;Jequié;MG - DOMINALOG;Não
BA;Ubaíra;MG - DOMINALOG;Não
BA;Pilão Arcado;MG - DOMINALOG;Não
BA;Itajuípe;MG - DOMINALOG;Não
BA;Itapetinga;MG - DOMINALOG;Não
BA;Conceição do Coité;ORC MOVEIS E EL;Sim
BA;Banzaê;ORC MOVEIS E EL;Sim
BA;Seabra;MG - DOMINALOG;Não
BA;Camamu;MG - DOMINALOG;Não
BA;Barra;MG - DOMINALOG;Não
BA;Barra da Estiva;MG - DOMINALOG;Não
BA;Barra do Choça;MG - DOMINALOG;Não
BA;Camaçari;ORC MOVEIS E EL;Sim
BA;Barra do Mendes;MG - DOMINALOG;Não
BA;Barra do Rocha;MG - DOMINALOG;Não
BA;Chorrochó;MG - DOMINALOG;Não
BA;Ponto Novo;MG - DOMINALOG;Não
BA;Barreiras;MG - DOMINALOG;Não
BA;Barro Alto;MG - DOMINALOG;Não
BA;Barro Preto;MG - DOMINALOG;Não
BA;Curaçá;MG - DOMINALOG;Não
BA;Barrocas;ORC MOVEIS E EL;Sim
BA;Boninal;MG - DOMINALOG;Não
BA;Itanhém;MG - DOMINALOG;Não
BA;Catu;ORC MOVEIS E EL;Sim
BA;Cachoeira;MG - DOMINALOG;Não
BA;Belmonte;MG - DOMINALOG;Não
BA;Belo Campo;MG - DOMINALOG;Não
BA;Casa Nova;MG - DOMINALOG;Não
BA;Canudos;ORC MOVEIS E EL;Sim
BA;Irará;MG - DOMINALOG;Não
BA;Biritinga;MG - DOMINALOG;Não
BA;Santanópolis;MG - DOMINALOG;Não
BA;Boa Nova;MG - DOMINALOG;Não
BA;Ibotirama;MG - DOMINALOG;Não
BA;Boa Vista do Tupim;MG - DOMINALOG;Não
BA;Bom Jesus da Lapa;MG - DOMINALOG;Não
BA;Bom Jesus da Serra;MG - DOMINALOG;Não
BA;Oliveira dos Brejinhos;MG - DOMINALOG;Não
BA;Feira de Santana;ORC MOVEIS E EL;Sim
BA;Bonito;MG - DOMINALOG;Não
BA;Boquira;MG - DOMINALOG;Não
BA;Botuporã;MG - DOMINALOG;Não
BA;Riacho de Santana;MG - DOMINALOG;Não
BA;Caetité;MG - DOMINALOG;Não
BA;Novo Horizonte;MG - DOMINALOG;Não
BA;Brejões;MG - DOMINALOG;Não
BA;Brejolândia;MG - DOMINALOG;Não
BA;Brotas de Macaúbas;MG - DOMINALOG;Não
BA;Brumado;MG - DOMINALOG;Não
BA;Buerarema;MG - DOMINALOG;Não
BA;Teodoro Sampaio;ORC MOVEIS E EL;Sim
BA;Guaratinga;MG - DOMINALOG;Não
BA;Crisópolis;MG - DOMINALOG;Não
BA;Buritirama;MG - DOMINALOG;Não
BA;Caatiba;MG - DOMINALOG;Não
BA;Cabaceiras do Paraguaçu;ORC MOVEIS E EL;Sim
BA;Piatã;MG - DOMINALOG;Não
BA;Vera Cruz;MG - DOMINALOG;Não
BA;Teixeira de Freitas;MG - DOMINALOG;Não
BA;Caculé;MG - DOMINALOG;Não
BA;Caém;MG - DOMINALOG;Não
BA;Caetanos;MG - DOMINALOG;Não
BA;Palmeiras;MG - DOMINALOG;Não
BA;Cafarnaum;MG - DOMINALOG;Não
BA;Cairu;MG - DOMINALOG;Não
BA;Itapebi;MG - DOMINALOG;Não
BA;Tucano;ORC MOVEIS E EL;Sim
BA;Uauá;ORC MOVEIS E EL;Sim
BA;Caldeirão Grande;MG - DOMINALOG;Não
BA;Camacan;MG - DOMINALOG;Não
BA;Jaguaripe;MG - DOMINALOG;Não
BA;Morro do Chapéu;MG - DOMINALOG;Não
BA;Campo Alegre de Lourdes;MG - DOMINALOG;Não
BA;Campo Formoso;ORC MOVEIS E EL;Sim
BA;Presidente Dutra;MG - DOMINALOG;Não
BA;Taperoá;MG - DOMINALOG;Não
BA;Paramirim;MG - DOMINALOG;Não
BA;Canápolis;MG - DOMINALOG;Não
BA;Canarana;MG - DOMINALOG;Não
BA;Macaúbas;MG - DOMINALOG;Não
BA;Canavieiras;MG - DOMINALOG;Não
BA;Jeremoabo;ORC MOVEIS E EL;Sim
BA;Candeal;ORC MOVEIS E EL;Sim
BA;Candeias;ORC MOVEIS E EL;Sim
BA;Candiba;MG - DOMINALOG;Não
BA;Cândido Sales;MG - DOMINALOG;Não
BA;Ibititá;MG - DOMINALOG;Não
BA;Cansanção;ORC MOVEIS E EL;Sim
BA;Mulungu do Morro;MG - DOMINALOG;Não
BA;Laje;MG - DOMINALOG;Não
BA;Capela do Alto Alegre;ORC MOVEIS E EL;Sim
BA;Capim Grosso;ORC MOVEIS E EL;Sim
BA;Jussiape;MG - DOMINALOG;Não
BA;Caraíbas;MG - DOMINALOG;Não
BA;Contendas do Sincorá;MG - DOMINALOG;Não
BA;São Felipe;MG - DOMINALOG;Não
BA;Porto Seguro;MG - DOMINALOG;Não
BA;Caravelas;MG - DOMINALOG;Não
BA;Cardeal da Silva;MG - DOMINALOG;Não
BA;Carinhanha;MG - DOMINALOG;Não
BA;Riachão das Neves;MG - DOMINALOG;Não
BA;Senhor do Bonfim;ORC MOVEIS E EL;Sim
BA;Castro Alves;MG - DOMINALOG;Não
BA;Jacobina;ORC MOVEIS E EL;Sim
BA;Manoel Vitorino;MG - DOMINALOG;Não
BA;Catolândia;MG - DOMINALOG;Não
BA;Itambé;MG - DOMINALOG;Não
BA;Caturama;MG - DOMINALOG;Não
BA;Ipecaetá;MG - DOMINALOG;Não
BA;Central;MG - DOMINALOG;Não
BA;Guanambi;MG - DOMINALOG;Não
BA;Cícero Dantas;ORC MOVEIS E EL;Sim
BA;São Sebastião do Passé;MG - DOMINALOG;Não
BA;Cipó;ORC MOVEIS E EL;Sim
BA;Coaraci;MG - DOMINALOG;Não
BA;Cocos;MG - DOMINALOG;Não
BA;Eunápolis;MG - DOMINALOG;Não
BA;Conceição do Almeida;MG - DOMINALOG;Não
BA;Conceição da Feira;ORC MOVEIS E EL;Sim
BA;Conceição do Jacuípe;ORC MOVEIS E EL;Sim
BA;Conde;MG - DOMINALOG;Não
BA;Xique-Xique;MG - DOMINALOG;Não
BA;Maragogipe;MG - DOMINALOG;Não
BA;Coração de Maria;MG - DOMINALOG;Não
BA;Cordeiros;MG - DOMINALOG;Não
BA;Coribe;MG - DOMINALOG;Não
BA;Coronel João Sá;MG - DOMINALOG;Não
BA;Correntina;MG - DOMINALOG;Não
BA;Cotegipe;MG - DOMINALOG;Não
BA;Cravolândia;MG - DOMINALOG;Não
BA;Cristópolis;MG - DOMINALOG;Não
BA;Cruz das Almas;ORC MOVEIS E EL;Sim
BA;Prado;MG - DOMINALOG;Não
BA;Ribeira do Pombal;ORC MOVEIS E EL;Sim
BA;Dário Meira;MG - DOMINALOG;Não
BA;Dias D'Ávila;MG - DOMINALOG;Não
BA;Dom Basílio;MG - DOMINALOG;Não
BA;Dom Macedo Costa;MG - DOMINALOG;Não
BA;Olindina;ORC MOVEIS E EL;Sim
BA;Elísio Medrado;MG - DOMINALOG;Não
BA;Encruzilhada;MG - DOMINALOG;Não
BA;Entre Rios;ORC MOVEIS E EL;Sim
BA;Érico Cardoso;MG - DOMINALOG;Não
BA;Esplanada;ORC MOVEIS E EL;Sim
BA;Fátima;MG - DOMINALOG;Não
BA;Feira da Mata;MG - DOMINALOG;Não
BA;Filadélfia;ORC MOVEIS E EL;Sim
BA;Firmino Alves;MG - DOMINALOG;Não
BA;Floresta Azul;MG - DOMINALOG;Não
BA;Formosa do Rio Preto;MG - DOMINALOG;Não
BA;Piritiba;MG - DOMINALOG;Não
BA;Sítio do Mato;MG - DOMINALOG;Não
BA;Gentio do Ouro;MG - DOMINALOG;Não
BA;Gandu;ORC MOVEIS E EL;Sim
BA;Gavião;ORC MOVEIS E EL;Sim
BA;Glória;MG - DOMINALOG;Não
BA;Gongogi;MG - DOMINALOG;Não
BA;Governador Mangabeira;ORC MOVEIS E EL;Sim
BA;Guajeru;MG - DOMINALOG;Não
BA;Valença;ORC MOVEIS E EL;Sim
BA;Mucugê;MG - DOMINALOG;Não
BA;Pindaí;MG - DOMINALOG;Não
BA;Potiraguá;MG - DOMINALOG;Não
BA;Heliópolis;MG - DOMINALOG;Não
BA;Uibaí;MG - DOMINALOG;Não
BA;Iaçu;MG - DOMINALOG;Não
BA;Maraú;MG - DOMINALOG;Não
BA;Rio do Pires;MG - DOMINALOG;Não
BA;Ibiassucê;MG - DOMINALOG;Não
BA;Ibicaraí;MG - DOMINALOG;Não
BA;Ibicoara;MG - DOMINALOG;Não
BA;Ibipeba;MG - DOMINALOG;Não
BA;Ipupiara;MG - DOMINALOG;Não
BA;Ibipitanga;MG - DOMINALOG;Não
BA;Ibiquera;MG - DOMINALOG;Não
BA;Mucuri;MG - DOMINALOG;Não
BA;Ibirapitanga;MG - DOMINALOG;Não
BA;Ibirapuã;MG - DOMINALOG;Não
BA;Ibitiara;MG - DOMINALOG;Não
BA;Planaltino;MG - DOMINALOG;Não
BA;Rio do Antônio;MG - DOMINALOG;Não
BA;Ichu;ORC MOVEIS E EL;Sim
BA;Igaporã;MG - DOMINALOG;Não
BA;Igrapiúna;MG - DOMINALOG;Não
BA;Iguaí;MG - DOMINALOG;Não
BA;Livramento de Nossa Senhora;MG - DOMINALOG;Não
BA;Inhambupe;MG - DOMINALOG;Não
BA;Ipiaú;MG - DOMINALOG;Não
BA;Ipirá;ORC MOVEIS E EL;Sim
BA;Jaguaquara;MG - DOMINALOG;Não
BA;Irajuba;MG - DOMINALOG;Não
BA;Iramaia;MG - DOMINALOG;Não
BA;Iraquara;MG - DOMINALOG;Não
BA;Irecê;MG - DOMINALOG;Não
BA;Jacaraci;MG - DOMINALOG;Não
BA;Itamaraju;MG - DOMINALOG;Não
BA;Itabela;MG - DOMINALOG;Não
BA;Itaberaba;MG - DOMINALOG;Não
BA;Itabuna;MG - DOMINALOG;Não
BA;Itacaré;MG - DOMINALOG;Não
BA;Itaeté;MG - DOMINALOG;Não
BA;Itagi;MG - DOMINALOG;Não
BA;Itagibá;MG - DOMINALOG;Não
BA;Itagimirim;MG - DOMINALOG;Não
BA;Itaguaçu da Bahia;MG - DOMINALOG;Não
BA;Nova Canaã;MG - DOMINALOG;Não
BA;Itaju do Colônia;MG - DOMINALOG;Não
BA;Itamari;MG - DOMINALOG;Não
BA;Itanagra;MG - DOMINALOG;Não
BA;Itaparica;MG - DOMINALOG;Não
BA;Itapé;MG - DOMINALOG;Não
BA;Itapicuru;MG - DOMINALOG;Não
BA;Itapitanga;MG - DOMINALOG;Não
BA;Muritiba;ORC MOVEIS E EL;Sim
BA;Miguel Calmon;MG - DOMINALOG;Não
BA;Itaquara;MG - DOMINALOG;Não
BA;Itarantim;MG - DOMINALOG;Não
BA;Itororó;MG - DOMINALOG;Não
BA;Itatim;MG - DOMINALOG;Não
BA;Itiruçu;MG - DOMINALOG;Não
BA;Itiúba;MG - DOMINALOG;Não
BA;Ituaçu;MG - DOMINALOG;Não
BA;Ituberá;MG - DOMINALOG;Não
BA;Medeiros Neto;MG - DOMINALOG;Não
BA;Iuiu;MG - DOMINALOG;Não
BA;Jaborandi;MG - DOMINALOG;Não
BA;Terra Nova;MG - DOMINALOG;Não
BA;Jaguarari;MG - DOMINALOG;Não
BA;Jiquiriçá;MG - DOMINALOG;Não
BA;Jitaúna;MG - DOMINALOG;Não
BA;João Dourado;MG - DOMINALOG;Não
BA;Jucuruçu;MG - DOMINALOG;Não
BA;Marcionílio Souza;MG - DOMINALOG;Não
BA;Jussara;MG - DOMINALOG;Não
BA;Jussari;MG - DOMINALOG;Não
BA;Lafaiete Coutinho;MG - DOMINALOG;Não
BA;Tremedal;MG - DOMINALOG;Não
BA;Lagoa Real;MG - DOMINALOG;Não
BA;Lajedão;MG - DOMINALOG;Não
BA;Lajedinho;MG - DOMINALOG;Não
BA;Lajedo do Tabocal;MG - DOMINALOG;Não
BA;Lamarão;ORC MOVEIS E EL;Sim
BA;Lapão;MG - DOMINALOG;Não
BA;Lauro de Freitas;ORC MOVEIS E EL;Sim
BA;Licínio de Almeida;MG - DOMINALOG;Não
BA;Planalto;MG - DOMINALOG;Não
BA;Macajuba;MG - DOMINALOG;Não
BA;Macarani;ORC MOVEIS E EL;Sim
BA;Macururé;MG - DOMINALOG;Não
BA;Madre de Deus;ORC MOVEIS E EL;Sim
BA;Maetinga;MG - DOMINALOG;Não
BA;Maiquinique;MG - DOMINALOG;Não
BA;Malhada;MG - DOMINALOG;Não
BA;Malhada de Pedras;MG - DOMINALOG;Não
BA;Sebastião Laranjeiras;MG - DOMINALOG;Não
BA;Mansidão;MG - DOMINALOG;Não
BA;Maracás;MG - DOMINALOG;Não
BA;Tabocas do Brejo Velho;MG - DOMINALOG;Não
BA;Mascote;MG - DOMINALOG;Não
BA;São Francisco do Conde;ORC MOVEIS E EL;Sim
BA;Matina;MG - DOMINALOG;Não
BA;Milagres;MG - DOMINALOG;Não
BA;Luís Eduardo Magalhães;MG - DOMINALOG;Não
BA;Pojuca;ORC MOVEIS E EL;Sim
BA;Mirangaba;MG - DOMINALOG;Não
BA;Mirante;MG - DOMINALOG;Não
BA;Monte Santo;ORC MOVEIS E EL;Sim
BA;Morpará;MG - DOMINALOG;Não
BA;Ruy Barbosa;ORC MOVEIS E EL;Sim
BA;Mortugaba;MG - DOMINALOG;Não
BA;Muniz Ferreira;ORC MOVEIS E EL;Sim
BA;Muquém de São Francisco;MG - DOMINALOG;Não
BA;Mutuípe;MG - DOMINALOG;Não
BA;Nazaré;ORC MOVEIS E EL;Sim
BA;Nilo Peçanha;MG - DOMINALOG;Não
BA;Nordestina;MG - DOMINALOG;Não
BA;Ribeirão do Largo;MG - DOMINALOG;Não
BA;Nova Fátima;ORC MOVEIS E EL;Sim
BA;Nova Ibiá;MG - DOMINALOG;Não
BA;Nova Itarana;MG - DOMINALOG;Não
BA;Nova Redenção;MG - DOMINALOG;Não
BA;Nova Soure;ORC MOVEIS E EL;Sim
BA;Novo Triunfo;MG - DOMINALOG;Não
BA;Ouriçangas;MG - DOMINALOG;Não
BA;Ourolândia;MG - DOMINALOG;Não
BA;São Félix;ORC MOVEIS E EL;Sim
BA;Palmas de Monte Alto;MG - DOMINALOG;Não
BA;Paripiranga;MG - DOMINALOG;Não
BA;Pau Brasil;MG - DOMINALOG;Não
BA;Paulo Afonso;ORC MOVEIS E EL;Sim
BA;Pé de Serra;ORC MOVEIS E EL;Sim
BA;Pedrão;ORC MOVEIS E EL;Sim
BA;Pedro Alexandre;MG - DOMINALOG;Não
BA;Pindobaçu;ORC MOVEIS E EL;Sim
BA;Pintadas;ORC MOVEIS E EL;Sim
BA;Piraí do Norte;MG - DOMINALOG;Não
BA;Piripá;MG - DOMINALOG;Não
BA;Poções;MG - DOMINALOG;Não
BA;Remanso;MG - DOMINALOG;Não
BA;Santana;MG - DOMINALOG;Não
BA;Presidente Jânio Quadros;MG - DOMINALOG;Não
BA;Presidente Tancredo Neves;MG - DOMINALOG;Não
BA;Queimadas;MG - DOMINALOG;Não
BA;Quixabeira;MG - DOMINALOG;Não
BA;Retirolândia;MG - DOMINALOG;Não
BA;Riachão do Jacuípe;ORC MOVEIS E EL;Sim
BA;Utinga;MG - DOMINALOG;Não
BA;Ribeira do Amparo;MG - DOMINALOG;Não
BA;Rio Real;ORC MOVEIS E EL;Sim
BA;Rodelas;MG - DOMINALOG;Não
BA;Salinas da Margarida;MG - DOMINALOG;Não
BA;Salvador;ORC MOVEIS E EL;Sim
BA;Santa Bárbara;ORC MOVEIS E EL;Sim
BA;Santa Brígida;MG - DOMINALOG;Não
BA;Santa Cruz Cabrália;MG - DOMINALOG;Não
BA;Santa Cruz da Vitória;MG - DOMINALOG;Não
BA;Santa Inês;MG - DOMINALOG;Não
BA;Santa Luzia;MG - DOMINALOG;Não
BA;Santa Rita de Cássia;MG - DOMINALOG;Não
BA;Santa Teresinha;MG - DOMINALOG;Não
BA;Santaluz;ORC MOVEIS E EL;Sim
BA;Santo Antônio de Jesus;ORC MOVEIS E EL;Sim
BA;Santo Estêvão;ORC MOVEIS E EL;Sim
BA;São Desidério;MG - DOMINALOG;Não
BA;São Domingos;MG - DOMINALOG;Não
BA;São Félix do Coribe;MG - DOMINALOG;Não
BA;São Gabriel;MG - DOMINALOG;Não
BA;São José da Vitória;MG - DOMINALOG;Não
BA;São José do Jacuípe;MG - DOMINALOG;Não
BA;Vereda;MG - DOMINALOG;Não
BA;São Miguel das Matas;MG - DOMINALOG;Não
BA;Sátiro Dias;MG - DOMINALOG;Não
BA;Saubara;MG - DOMINALOG;Não
BA;Saúde;MG - DOMINALOG;Não
BA;Serra do Ramalho;MG - DOMINALOG;Não
BA;Serra Dourada;MG - DOMINALOG;Não
BA;Serra Preta;ORC MOVEIS E EL;Sim
BA;Serrinha;ORC MOVEIS E EL;Sim
BA;Serrolândia;MG - DOMINALOG;Não
BA;Simões Filho;ORC MOVEIS E EL;Sim
BA;Sítio do Quinto;ORC MOVEIS E EL;Sim
BA;Sobradinho;MG - DOMINALOG;Não
BA;Souto Soares;MG - DOMINALOG;Não
BA;Tanhaçu;MG - DOMINALOG;Não
BA;Varzedo;MG - DOMINALOG;Não
BA;Tanque Novo;MG - DOMINALOG;Não
BA;Tanquinho;ORC MOVEIS E EL;Sim
BA;Tapiramutá;MG - DOMINALOG;Não
BA;Teofilândia;ORC MOVEIS E EL;Sim
BA;Teolândia;MG - DOMINALOG;Não
BA;Ubaitaba;MG - DOMINALOG;Não
BA;Ubatã;MG - DOMINALOG;Não
BA;Umburanas;MG - DOMINALOG;Não
BA;Una;MG - DOMINALOG;Não
BA;Urandi;MG - DOMINALOG;Não
BA;Uruçuca;MG - DOMINALOG;Não
BA;Valente;ORC MOVEIS E EL;Sim
BA;Várzea da Roça;MG - DOMINALOG;Não
BA;Várzea do Poço;ORC MOVEIS E EL;Sim
BA;Várzea Nova;MG - DOMINALOG;Não
BA;Wagner;MG - DOMINALOG;Não
BA;Wanderley;MG - DOMINALOG;Não
BA;Wenceslau Guimarães;MG - DOMINALOG;Não
CE;Abaiara;MG - DOMINALOG;Não
CE;Ipu;MG - DOMINALOG;Não
CE;Acarape;MG - DOMINALOG;Não
CE;Acaraú;MG - DOMINALOG;Não
CE;Acopiara;MG - DOMINALOG;Não
CE;Granja;MG - DOMINALOG;Não
CE;Guaiúba;MG - DOMINALOG;Não
CE;Itapajé;MG - DOMINALOG;Não
CE;Massapê;MG - DOMINALOG;Não
CE;Aiuaba;MG - DOMINALOG;Não
CE;Araripe;MG - DOMINALOG;Não
CE;Paraipaba;MG - DOMINALOG;Não
CE;Alcântaras;MG - DOMINALOG;Não
CE;Quiterianópolis;MG - DOMINALOG;Não
CE;Itarema;MG - DOMINALOG;Não
CE;Altaneira;MG - DOMINALOG;Não
CE;Alto Santo;MG - DOMINALOG;Não
CE;Reriutaba;MG - DOMINALOG;Não
CE;Maranguape;MG - DOMINALOG;Não
CE;Lavras da Mangabeira;MG - DOMINALOG;Não
CE;Camocim;MG - DOMINALOG;Não
CE;Assaré;MG - DOMINALOG;Não
CE;Ipueiras;MG - DOMINALOG;Não
CE;Amontada;MG - DOMINALOG;Não
CE;Mauriti;MG - DOMINALOG;Não
CE;Horizonte;MG - DOMINALOG;Não
CE;Santana do Cariri;MG - DOMINALOG;Não
CE;Antonina do Norte;MG - DOMINALOG;Não
CE;Redenção;MG - DOMINALOG;Não
CE;Sobral;MG - DOMINALOG;Não
CE;Apuiarés;MG - DOMINALOG;Não
CE;Jaguaribe;MG - DOMINALOG;Não
CE;Aquiraz;MG - DOMINALOG;Não
CE;Paracuru;MG - DOMINALOG;Não
CE;Aracati;MG - DOMINALOG;Não
CE;Aracoiaba;MG - DOMINALOG;Não
CE;Barbalha;MG - DOMINALOG;Não
CE;Tianguá;MG - DOMINALOG;Não
CE;Itapipoca;MG - DOMINALOG;Não
CE;Coreaú;MG - DOMINALOG;Não
CE;Ararendá;MG - DOMINALOG;Não
CE;Cariré;MG - DOMINALOG;Não
CE;Ubajara;MG - DOMINALOG;Não
CE;Aratuba;MG - DOMINALOG;Não
CE;Santa Quitéria;MG - DOMINALOG;Não
CE;Ocara;MG - DOMINALOG;Não
CE;Arneiroz;MG - DOMINALOG;Não
CE;Morada Nova;MG - DOMINALOG;Não
CE;Solonópole;MG - DOMINALOG;Não
CE;Aurora;MG - DOMINALOG;Não
CE;Baixio;MG - DOMINALOG;Não
CE;Jucás;MG - DOMINALOG;Não
CE;Banabuiú;MG - DOMINALOG;Não
CE;Itatira;MG - DOMINALOG;Não
CE;Campos Sales;MG - DOMINALOG;Não
CE;Fortim;MG - DOMINALOG;Não
CE;Iguatu;MG - DOMINALOG;Não
CE;Croatá;MG - DOMINALOG;Não
CE;Tauá;MG - DOMINALOG;Não
CE;Barreira;MG - DOMINALOG;Não
CE;Monsenhor Tabosa;MG - DOMINALOG;Não
CE;Potengi;MG - DOMINALOG;Não
CE;São Benedito;MG - DOMINALOG;Não
CE;Barro;MG - DOMINALOG;Não
CE;Barroquinha;MG - DOMINALOG;Não
CE;Baturité;MG - DOMINALOG;Não
CE;Beberibe;MG - DOMINALOG;Não
CE;Bela Cruz;MG - DOMINALOG;Não
CE;Hidrolândia;MG - DOMINALOG;Não
CE;Limoeiro do Norte;MG - DOMINALOG;Não
CE;Tamboril;MG - DOMINALOG;Não
CE;Boa Viagem;MG - DOMINALOG;Não
CE;Mombaça;MG - DOMINALOG;Não
CE;Irauçuba;MG - DOMINALOG;Não
CE;Senador Pompeu;MG - DOMINALOG;Não
CE;Russas;MG - DOMINALOG;Não
CE;Canindé;MG - DOMINALOG;Não
CE;Jaguaruana;MG - DOMINALOG;Não
CE;Brejo Santo;MG - DOMINALOG;Não
CE;Miraíma;MG - DOMINALOG;Não
CE;Poranga;MG - DOMINALOG;Não
CE;Cruz;MG - DOMINALOG;Não
CE;Choró;MG - DOMINALOG;Não
CE;Itapiúna;MG - DOMINALOG;Não
CE;Cariús;MG - DOMINALOG;Não
CE;Várzea Alegre;MG - DOMINALOG;Não
CE;Salitre;MG - DOMINALOG;Não
CE;Quixadá;MG - DOMINALOG;Não
CE;Meruoca;MG - DOMINALOG;Não
CE;Uruoca;MG - DOMINALOG;Não
CE;Trairi;MG - DOMINALOG;Não
CE;Nova Russas;MG - DOMINALOG;Não
CE;Potiretama;MG - DOMINALOG;Não
CE;Capistrano;MG - DOMINALOG;Não
CE;Cascavel;MG - DOMINALOG;Não
CE;Caridade;MG - DOMINALOG;Não
CE;Caririaçu;MG - DOMINALOG;Não
CE;Farias Brito;MG - DOMINALOG;Não
CE;Carnaubal;MG - DOMINALOG;Não
CE;Milhã;MG - DOMINALOG;Não
CE;Mucambo;MG - DOMINALOG;Não
CE;Catarina;MG - DOMINALOG;Não
CE;Caucaia;MG - DOMINALOG;Não
CE;Catunda;MG - DOMINALOG;Não
CE;Tejuçuoca;MG - DOMINALOG;Não
CE;Umirim;MG - DOMINALOG;Não
CE;Cedro;MG - DOMINALOG;Não
CE;Tururu;MG - DOMINALOG;Não
CE;Chaval;MG - DOMINALOG;Não
CE;Chorozinho;MG - DOMINALOG;Não
CE;Parambu;MG - DOMINALOG;Não
CE;Pacoti;MG - DOMINALOG;Não
CE;Crateús;MG - DOMINALOG;Não
CE;Crato;MG - DOMINALOG;Não
CE;Pereiro;MG - DOMINALOG;Não
CE;São Gonçalo do Amarante;MG - DOMINALOG;Não
CE;Varjota;MG - DOMINALOG;Não
CE;Icó;MG - DOMINALOG;Não
CE;Pires Ferreira;MG - DOMINALOG;Não
CE;Deputado Irapuan Pinheiro;MG - DOMINALOG;Não
CE;Iracema;MG - DOMINALOG;Não
CE;Independência;MG - DOMINALOG;Não
CE;Quixeramobim;MG - DOMINALOG;Não
CE;Ererê;MG - DOMINALOG;Não
CE;Guaraciaba do Norte;MG - DOMINALOG;Não
CE;Eusébio;MG - DOMINALOG;Não
CE;Ipaumirim;MG - DOMINALOG;Não
CE;Saboeiro;MG - DOMINALOG;Não
CE;Forquilha;MG - DOMINALOG;Não
CE;Fortaleza;MG - DOMINALOG;Não
CE;Frecheirinha;MG - DOMINALOG;Não
CE;Palmácia;MG - DOMINALOG;Não
CE;Missão Velha;MG - DOMINALOG;Não
CE;General Sampaio;MG - DOMINALOG;Não
CE;Viçosa do Ceará;MG - DOMINALOG;Não
CE;Graça;MG - DOMINALOG;Não
CE;Granjeiro;MG - DOMINALOG;Não
CE;Groairas;MG - DOMINALOG;Não
CE;Guaramiranga;MG - DOMINALOG;Não
CE;Orós;MG - DOMINALOG;Não
CE;Ibaretama;MG - DOMINALOG;Não
CE;Ibiapina;MG - DOMINALOG;Não
CE;Piquet Carneiro;MG - DOMINALOG;Não
CE;Icapuí;MG - DOMINALOG;Não
CE;Ibicuitinga;MG - DOMINALOG;Não
CE;Ipaporanga;MG - DOMINALOG;Não
CE;Itaiçaba;MG - DOMINALOG;Não
CE;Pacajus;MG - DOMINALOG;Não
CE;Itaitinga;MG - DOMINALOG;Não
CE;Pacatuba;MG - DOMINALOG;Não
CE;Jaguaretama;MG - DOMINALOG;Não
CE;Jaguaribara;MG - DOMINALOG;Não
CE;Jardim;MG - DOMINALOG;Não
CE;Jati;MG - DOMINALOG;Não
CE;Jijoca de Jericoacoara;MG - DOMINALOG;Não
CE;Santana do Acaraú;MG - DOMINALOG;Não
CE;Juazeiro do Norte;MG - DOMINALOG;Não
CE;Quixeré;MG - DOMINALOG;Não
CE;Madalena;MG - DOMINALOG;Não
CE;Maracanaú;MG - DOMINALOG;Não
CE;Marco;MG - DOMINALOG;Não
CE;Martinópole;MG - DOMINALOG;Não
CE;Pentecoste;MG - DOMINALOG;Não
CE;Milagres;MG - DOMINALOG;Não
CE;Pedra Branca;MG - DOMINALOG;Não
CE;Moraújo;MG - DOMINALOG;Não
CE;Morrinhos;MG - DOMINALOG;Não
CE;Mulungu;MG - DOMINALOG;Não
CE;Nova Olinda;MG - DOMINALOG;Não
CE;Novo Oriente;MG - DOMINALOG;Não
CE;Tabuleiro do Norte;MG - DOMINALOG;Não
CE;Pacujá;MG - DOMINALOG;Não
CE;Palhano;MG - DOMINALOG;Não
CE;Paramoti;MG - DOMINALOG;Não
CE;Penaforte;MG - DOMINALOG;Não
CE;Pindoretama;MG - DOMINALOG;Não
CE;Umari;MG - DOMINALOG;Não
CE;Porteiras;MG - DOMINALOG;Não
CE;Quixelô;MG - DOMINALOG;Não
CE;Senador Sá;MG - DOMINALOG;Não
CE;Uruburetama;MG - DOMINALOG;Não
CE;São João do Jaguaribe;MG - DOMINALOG;Não
CE;São Luís do Curu;MG - DOMINALOG;Não
CE;Tarrafas;MG - DOMINALOG;Não
DF;Brasília;AGMX OPORTUNIDA;Sim
ES;João Neiva;MG - DOMINALOG;Não
ES;Afonso Cláudio;MG - DOMINALOG;Não
ES;Piúma;MG - DOMINALOG;Não
ES;Água Doce do Norte;MG - DOMINALOG;Não
ES;Águia Branca;MG - DOMINALOG;Não
ES;São José do Calçado;MG - DOMINALOG;Não
ES;Alegre;MG - DOMINALOG;Não
ES;Alfredo Chaves;MG - DOMINALOG;Não
ES;Santa Teresa;MG - DOMINALOG;Não
ES;Baixo Guandu;MG - DOMINALOG;Não
ES;Alto Rio Novo;MG - DOMINALOG;Não
ES;Anchieta;MG - DOMINALOG;Não
ES;Colatina;ELETROSHOW OUTL;Sim
ES;Apiacá;MG - DOMINALOG;Não
ES;Viana;ELETROSHOW OUTL;Sim
ES;Domingos Martins;MG - DOMINALOG;Não
ES;Aracruz;ELETROSHOW OUTL;Sim
ES;Castelo;MG - DOMINALOG;Não
ES;Marechal Floriano;MG - DOMINALOG;Não
ES;Atílio Vivácqua;MG - DOMINALOG;Não
ES;Governador Lindenberg;MG - DOMINALOG;Não
ES;Barra de São Francisco;MG - DOMINALOG;Não
ES;Jaguaré;MG - DOMINALOG;Não
ES;Boa Esperança;MG - DOMINALOG;Não
ES;Bom Jesus do Norte;MG - DOMINALOG;Não
ES;Conceição da Barra;MG - DOMINALOG;Não
ES;Brejetuba;MG - DOMINALOG;Não
ES;Cachoeiro de Itapemirim;MG - DOMINALOG;Não
ES;Muqui;MG - DOMINALOG;Não
ES;Cariacica;ELETROSHOW OUTL;Sim
ES;Conceição do Castelo;MG - DOMINALOG;Não
ES;Mimoso do Sul;MG - DOMINALOG;Não
ES;Ecoporanga;MG - DOMINALOG;Não
ES;Pedro Canário;MG - DOMINALOG;Não
ES;Linhares;ELETROSHOW OUTL;Sim
ES;Divino de São Lourenço;MG - DOMINALOG;Não
ES;Santa Leopoldina;MG - DOMINALOG;Não
ES;Dores do Rio Preto;MG - DOMINALOG;Não
ES;Iconha;MG - DOMINALOG;Não
ES;São Gabriel da Palha;MG - DOMINALOG;Não
ES;Fundão;MG - DOMINALOG;Não
ES;Santa Maria de Jetibá;MG - DOMINALOG;Não
ES;Guaçuí;MG - DOMINALOG;Não
ES;Guarapari;MG - DOMINALOG;Não
ES;Nova Venécia;MG - DOMINALOG;Não
ES;Ibatiba;MG - DOMINALOG;Não
ES;Ibiraçu;MG - DOMINALOG;Não
ES;Ibitirama;MG - DOMINALOG;Não
ES;Irupi;MG - DOMINALOG;Não
ES;Mucurici;MG - DOMINALOG;Não
ES;Itaguaçu;MG - DOMINALOG;Não
ES;Muniz Freire;MG - DOMINALOG;Não
ES;Itapemirim;MG - DOMINALOG;Não
ES;Ponto Belo;MG - DOMINALOG;Não
ES;Itarana;MG - DOMINALOG;Não
ES;Iúna;MG - DOMINALOG;Não
ES;Vargem Alta;MG - DOMINALOG;Não
ES;Jerônimo Monteiro;MG - DOMINALOG;Não
ES;Laranja da Terra;MG - DOMINALOG;Não
ES;Pancas;MG - DOMINALOG;Não
ES;Mantenópolis;MG - DOMINALOG;Não
ES;Marataízes;MG - DOMINALOG;Não
ES;Marilândia;MG - DOMINALOG;Não
ES;Montanha;MG - DOMINALOG;Não
ES;Pinheiros;MG - DOMINALOG;Não
ES;Presidente Kennedy;MG - DOMINALOG;Não
ES;Rio Novo do Sul;MG - DOMINALOG;Não
ES;Rio Bananal;MG - DOMINALOG;Não
ES;São Roque do Canaã;MG - DOMINALOG;Não
ES;São Domingos do Norte;MG - DOMINALOG;Não
ES;Venda Nova do Imigrante;MG - DOMINALOG;Não
ES;São Mateus;MG - DOMINALOG;Não
ES;Serra;ELETROSHOW OUTL;Sim
ES;Sooretama;MG - DOMINALOG;Não
ES;Vila Pavão;MG - DOMINALOG;Não
ES;Vila Valério;MG - DOMINALOG;Não
ES;Vila Velha;ELETROSHOW OUTL;Sim
ES;Vitória;ELETROSHOW OUTL;Sim
GO;Abadia de Goiás;FAVORITA;Não
GO;Abadiânia;FAVORITA;Não
GO;Acreúna;FAVORITA;Não
GO;Adelândia;FAVORITA;Não
GO;Água Fria de Goiás;FAVORITA;Não
GO;Água Limpa;FAVORITA;Não
GO;Águas Lindas de Goiás;FAVORITA;Não
GO;Alexânia;FAVORITA;Não
GO;Aloândia;FAVORITA;Não
GO;Orizona;FAVORITA;Não
GO;Alto Horizonte;FAVORITA;Não
GO;Alto Paraíso de Goiás;FAVORITA;Não
GO;Alvorada do Norte;FAVORITA;Não
GO;Amaralina;FAVORITA;Não
GO;Americano do Brasil;FAVORITA;Não
GO;Amorinópolis;FAVORITA;Não
GO;Anápolis;AGMX OPORTUNIDA;Sim
GO;Anhangüera;FAVORITA;Não
GO;Anicuns;FAVORITA;Não
GO;Sanclerlândia;FAVORITA;Não
GO;Aparecida de Goiânia;AGMX OPORTUNIDA;Sim
GO;Itapaci;FAVORITA;Não
GO;Montes Claros de Goiás;FAVORITA;Não
GO;Aparecida do Rio Doce;FAVORITA;Não
GO;Aporé;FAVORITA;Não
GO;Araçu;FAVORITA;Não
GO;Aragarças;FAVORITA;Não
GO;Aragoiânia;FAVORITA;Não
GO;Araguapaz;FAVORITA;Não
GO;Arenópolis;FAVORITA;Não
GO;Aruanã;FAVORITA;Não
GO;Aurilândia;FAVORITA;Não
GO;Crixás;FAVORITA;Não
GO;Avelinópolis;FAVORITA;Não
GO;Fazenda Nova;FAVORITA;Não
GO;Baliza;FAVORITA;Não
GO;Nova Crixás;FAVORITA;Não
GO;Posse;FAVORITA;Não
GO;Barro Alto;FAVORITA;Não
GO;Bela Vista de Goiás;FAVORITA;Não
GO;Bom Jardim de Goiás;FAVORITA;Não
GO;Bom Jesus de Goiás;FAVORITA;Não
GO;Bonfinópolis;FAVORITA;Não
GO;Bonópolis;FAVORITA;Não
GO;Brazabrantes;FAVORITA;Não
GO;Britânia;FAVORITA;Não
GO;Goiás;FAVORITA;Não
GO;Buriti Alegre;FAVORITA;Não
GO;Buriti de Goiás;FAVORITA;Não
GO;Buritinópolis;FAVORITA;Não
GO;Cabeceiras;FAVORITA;Não
GO;Cachoeira Alta;FAVORITA;Não
GO;Cachoeira de Goiás;FAVORITA;Não
GO;Cachoeira Dourada;FAVORITA;Não
GO;Caçu;FAVORITA;Não
GO;Caiapônia;FAVORITA;Não
GO;Faina;FAVORITA;Não
GO;Caldas Novas;FAVORITA;Não
GO;Caldazinha;FAVORITA;Não
GO;Campestre de Goiás;FAVORITA;Não
GO;Campinaçu;FAVORITA;Não
GO;Campinorte;FAVORITA;Não
GO;Campo Alegre de Goiás;FAVORITA;Não
GO;Itumbiara;FAVORITA;Não
GO;Ivolândia;FAVORITA;Não
GO;Campos Belos;FAVORITA;Não
GO;Campos Verdes;FAVORITA;Não
GO;Minaçu;FAVORITA;Não
GO;Jussara;FAVORITA;Não
GO;Vianópolis;FAVORITA;Não
GO;Carmo do Rio Verde;FAVORITA;Não
GO;Castelândia;FAVORITA;Não
GO;Rialma;FAVORITA;Não
GO;Catalão;AGMX OPORTUNIDA;Sim
GO;Caturaí;FAVORITA;Não
GO;Cavalcante;FAVORITA;Não
GO;Ipameri;FAVORITA;Não
GO;Ceres;FAVORITA;Não
GO;Cezarina;FAVORITA;Não
GO;Chapadão do Céu;FAVORITA;Não
GO;Itapuranga;FAVORITA;Não
GO;Cidade Ocidental;AGMX OPORTUNIDA;Sim
GO;Santa Isabel;FAVORITA;Não
GO;Cocalzinho de Goiás;FAVORITA;Não
GO;Colinas do Sul;FAVORITA;Não
GO;Córrego do Ouro;FAVORITA;Não
GO;Planaltina;FAVORITA;Não
GO;Corumbá de Goiás;FAVORITA;Não
GO;Corumbaíba;FAVORITA;Não
GO;Cristalina;AGMX OPORTUNIDA;Sim
GO;Cristianópolis;FAVORITA;Não
GO;Cromínia;FAVORITA;Não
GO;Cumari;FAVORITA;Não
GO;Damianópolis;FAVORITA;Não
GO;Damolândia;FAVORITA;Não
GO;Davinópolis;FAVORITA;Não
GO;Diorama;FAVORITA;Não
GO;Divinópolis de Goiás;FAVORITA;Não
GO;Doverlândia;FAVORITA;Não
GO;Edealina;FAVORITA;Não
GO;Edéia;FAVORITA;Não
GO;Estrela do Norte;FAVORITA;Não
GO;Firminópolis;FAVORITA;Não
GO;Flores de Goiás;FAVORITA;Não
GO;Formosa;FAVORITA;Não
GO;Formoso;FAVORITA;Não
GO;São João D'Aliança;FAVORITA;Não
GO;Gameleira de Goiás;FAVORITA;Não
GO;Uruaçu;FAVORITA;Não
GO;Goianápolis;FAVORITA;Não
GO;Goiandira;FAVORITA;Não
GO;Goianésia;FAVORITA;Não
GO;Goiânia;AGMX OPORTUNIDA;Sim
GO;Goianira;FAVORITA;Não
GO;Goiatuba;FAVORITA;Não
GO;Gouvelândia;FAVORITA;Não
GO;Guapó;FAVORITA;Não
GO;Guaraíta;FAVORITA;Não
GO;Guarani de Goiás;FAVORITA;Não
GO;Guarinos;FAVORITA;Não
GO;Heitoraí;FAVORITA;Não
GO;Hidrolândia;FAVORITA;Não
GO;Hidrolina;FAVORITA;Não
GO;Iaciara;FAVORITA;Não
GO;Inaciolândia;FAVORITA;Não
GO;Indiara;FAVORITA;Não
GO;Inhumas;FAVORITA;Não
GO;Iporá;FAVORITA;Não
GO;Israelândia;FAVORITA;Não
GO;Itaberaí;FAVORITA;Não
GO;São Simão;FAVORITA;Não
GO;Itaguari;FAVORITA;Não
GO;Itaguaru;FAVORITA;Não
GO;Itajá;FAVORITA;Não
GO;Itapirapuã;FAVORITA;Não
GO;Itarumã;FAVORITA;Não
GO;Itauçu;FAVORITA;Não
GO;Jandaia;FAVORITA;Não
GO;Jaraguá;FAVORITA;Não
GO;Jataí;FAVORITA;Não
GO;Jaupaci;FAVORITA;Não
GO;Jesúpolis;FAVORITA;Não
GO;Joviânia;FAVORITA;Não
GO;Rio Verde;AGMX OPORTUNIDA;Sim
GO;Pirenópolis;FAVORITA;Não
GO;Leopoldo de Bulhões;FAVORITA;Não
GO;Luziânia;AGMX OPORTUNIDA;Sim
GO;Mairipotaba;FAVORITA;Não
GO;Mambaí;FAVORITA;Não
GO;Mara Rosa;FAVORITA;Não
GO;Marzagão;FAVORITA;Não
GO;Matrinchã;FAVORITA;Não
GO;Maurilândia;FAVORITA;Não
GO;Moiporá;FAVORITA;Não
GO;Mimoso de Goiás;FAVORITA;Não
GO;Mineiros;FAVORITA;Não
GO;Monte Alegre de Goiás;FAVORITA;Não
GO;Montividiu;FAVORITA;Não
GO;Montividiu do Norte;FAVORITA;Não
GO;Morrinhos;FAVORITA;Não
GO;Morro Agudo de Goiás;FAVORITA;Não
GO;Mossâmedes;FAVORITA;Não
GO;Mozarlândia;FAVORITA;Não
GO;Mundo Novo;FAVORITA;Não
GO;Mutunópolis;FAVORITA;Não
GO;Nazário;FAVORITA;Não
GO;Nerópolis;FAVORITA;Não
GO;Niquelândia;FAVORITA;Não
GO;Nova América;FAVORITA;Não
GO;Nova Aurora;FAVORITA;Não
GO;Nova Glória;FAVORITA;Não
GO;Nova Iguaçu de Goiás;FAVORITA;Não
GO;Nova Roma;FAVORITA;Não
GO;Nova Veneza;FAVORITA;Não
GO;Novo Brasil;FAVORITA;Não
GO;Novo Gama;FAVORITA;Não
GO;Novo Planalto;FAVORITA;Não
GO;Ouro Verde de Goiás;FAVORITA;Não
GO;Ouvidor;FAVORITA;Não
GO;Padre Bernardo;FAVORITA;Não
GO;Palestina de Goiás;FAVORITA;Não
GO;Palmeiras de Goiás;FAVORITA;Não
GO;Palmelo;FAVORITA;Não
GO;Palminópolis;FAVORITA;Não
GO;Panamá;FAVORITA;Não
GO;Paranaiguara;FAVORITA;Não
GO;Paraúna;FAVORITA;Não
GO;Perolândia;FAVORITA;Não
GO;Petrolina de Goiás;FAVORITA;Não
GO;Pilar de Goiás;FAVORITA;Não
GO;Piracanjuba;FAVORITA;Não
GO;Piranhas;FAVORITA;Não
GO;Pires do Rio;FAVORITA;Não
GO;Pontalina;FAVORITA;Não
GO;Porangatu;FAVORITA;Não
GO;Porteirão;FAVORITA;Não
GO;Portelândia;FAVORITA;Não
GO;Professor Jamil;FAVORITA;Não
GO;Quirinópolis;FAVORITA;Não
GO;Rianápolis;FAVORITA;Não
GO;Rio Quente;FAVORITA;Não
GO;Campo Limpo de Goiás;FAVORITA;Não
GO;São Luís de Montes Belos;FAVORITA;Não
GO;Rubiataba;FAVORITA;Não
GO;Santa Bárbara de Goiás;FAVORITA;Não
GO;Santo Antônio da Barra;FAVORITA;Não
GO;Santa Cruz de Goiás;FAVORITA;Não
GO;Santa Fé de Goiás;FAVORITA;Não
GO;Santa Helena de Goiás;FAVORITA;Não
GO;Santa Rita do Araguaia;FAVORITA;Não
GO;Santa Rita do Novo Destino;FAVORITA;Não
GO;Santa Rosa de Goiás;FAVORITA;Não
GO;Santa Tereza de Goiás;FAVORITA;Não
GO;Santa Terezinha de Goiás;FAVORITA;Não
GO;Santo Antônio de Goiás;FAVORITA;Não
GO;Santo Antônio do Descoberto;FAVORITA;Não
GO;São Domingos;FAVORITA;Não
GO;São Francisco de Goiás;FAVORITA;Não
GO;São João da Paraúna;FAVORITA;Não
GO;São Luiz do Norte;FAVORITA;Não
GO;São Miguel do Araguaia;FAVORITA;Não
GO;São Miguel do Passa Quatro;FAVORITA;Não
GO;São Patrício;FAVORITA;Não
GO;Senador Canedo;FAVORITA;Não
GO;Serranópolis;FAVORITA;Não
GO;Silvânia;FAVORITA;Não
GO;Simolândia;FAVORITA;Não
GO;Sítio D'Abadia;FAVORITA;Não
GO;Taquaral de Goiás;FAVORITA;Não
GO;Teresina de Goiás;FAVORITA;Não
GO;Terezópolis de Goiás;FAVORITA;Não
GO;Lagoa Santa;FAVORITA;Não
GO;Três Ranchos;FAVORITA;Não
GO;Trindade;FAVORITA;Não
GO;Trombas;FAVORITA;Não
GO;Turvânia;FAVORITA;Não
GO;Turvelândia;FAVORITA;Não
GO;Uirapuru;FAVORITA;Não
GO;Uruana;FAVORITA;Não
GO;Urutaí;FAVORITA;Não
GO;Valparaíso de Goiás;AGMX OPORTUNIDA;Sim
GO;Varjão;FAVORITA;Não
GO;Vicentinópolis;FAVORITA;Não
GO;Vila Boa;FAVORITA;Não
GO;Vila Propício;FAVORITA;Não
GO;Ipiranga de Goiás;FAVORITA;Não
MA;Açailândia;MG - DOMINALOG;Não
MA;Afonso Cunha;MG - DOMINALOG;Não
MA;Água Doce do Maranhão;MG - DOMINALOG;Não
MA;Alcântara;MG - DOMINALOG;Não
MA;Aldeias Altas;MG - DOMINALOG;Não
MA;Altamira do Maranhão;MG - DOMINALOG;Não
MA;Alto Alegre do Maranhão;MG - DOMINALOG;Não
MA;Alto Alegre do Pindaré;MG - DOMINALOG;Não
MA;Alto Parnaíba;MG - DOMINALOG;Não
MA;Amapá do Maranhão;MG - DOMINALOG;Não
MA;Amarante do Maranhão;MG - DOMINALOG;Não
MA;Anajatuba;MG - DOMINALOG;Não
MA;Anapurus;MG - DOMINALOG;Não
MA;Apicum-Açu;MG - DOMINALOG;Não
MA;Araguanã;MG - DOMINALOG;Não
MA;Araioses;MG - DOMINALOG;Não
MA;Arame;MG - DOMINALOG;Não
MA;Arari;MG - DOMINALOG;Não
MA;Godofredo Viana;MG - DOMINALOG;Não
MA;Axixá;MG - DOMINALOG;Não
MA;Bacabal;MG - DOMINALOG;Não
MA;Bacabeira;MG - DOMINALOG;Não
MA;Buriti Bravo;MG - DOMINALOG;Não
MA;Bacuri;MG - DOMINALOG;Não
MA;Bacurituba;MG - DOMINALOG;Não
MA;Balsas;MG - DOMINALOG;Não
MA;Barão de Grajaú;MG - DOMINALOG;Não
MA;Cândido Mendes;MG - DOMINALOG;Não
MA;Barra do Corda;MG - DOMINALOG;Não
MA;Barreirinhas;MG - DOMINALOG;Não
MA;Tutóia;MG - DOMINALOG;Não
MA;Bela Vista do Maranhão;MG - DOMINALOG;Não
MA;Belágua;MG - DOMINALOG;Não
MA;Benedito Leite;MG - DOMINALOG;Não
MA;Bequimão;MG - DOMINALOG;Não
MA;Bernardo do Mearim;MG - DOMINALOG;Não
MA;Boa Vista do Gurupi;MG - DOMINALOG;Não
MA;Cajari;MG - DOMINALOG;Não
MA;Bom Jardim;MG - DOMINALOG;Não
MA;Bom Jesus das Selvas;MG - DOMINALOG;Não
MA;Bom Lugar;MG - DOMINALOG;Não
MA;Brejo;MG - DOMINALOG;Não
MA;Brejo de Areia;MG - DOMINALOG;Não
MA;Parnarama;MG - DOMINALOG;Não
MA;Buriti;MG - DOMINALOG;Não
MA;Timon;MG - DOMINALOG;Não
MA;Buriticupu;MG - DOMINALOG;Não
MA;Buritirana;MG - DOMINALOG;Não
MA;Cachoeira Grande;MG - DOMINALOG;Não
MA;Cajapió;MG - DOMINALOG;Não
MA;Campestre do Maranhão;MG - DOMINALOG;Não
MA;Cantanhede;MG - DOMINALOG;Não
MA;Capinzal do Norte;MG - DOMINALOG;Não
MA;São Francisco do Maranhão;MG - DOMINALOG;Não
MA;Carolina;MG - DOMINALOG;Não
MA;Carutapera;MG - DOMINALOG;Não
MA;Caxias;MG - DOMINALOG;Não
MA;Cedral;MG - DOMINALOG;Não
MA;Central do Maranhão;MG - DOMINALOG;Não
MA;Centro do Guilherme;MG - DOMINALOG;Não
MA;Centro Novo do Maranhão;MG - DOMINALOG;Não
MA;Chapadinha;MG - DOMINALOG;Não
MA;Cidelândia;MG - DOMINALOG;Não
MA;Codó;MG - DOMINALOG;Não
MA;Coelho Neto;MG - DOMINALOG;Não
MA;Colinas;MG - DOMINALOG;Não
MA;Conceição do Lago-Açu;MG - DOMINALOG;Não
MA;Coroatá;MG - DOMINALOG;Não
MA;Cururupu;MG - DOMINALOG;Não
MA;Santa Helena;MG - DOMINALOG;Não
MA;Magalhães de Almeida;MG - DOMINALOG;Não
MA;Davinópolis;MG - DOMINALOG;Não
MA;Dom Pedro;MG - DOMINALOG;Não
MA;Duque Bacelar;MG - DOMINALOG;Não
MA;Esperantinópolis;MG - DOMINALOG;Não
MA;Estreito;MG - DOMINALOG;Não
MA;Feira Nova do Maranhão;MG - DOMINALOG;Não
MA;Fernando Falcão;MG - DOMINALOG;Não
MA;Formosa da Serra Negra;MG - DOMINALOG;Não
MA;Fortaleza dos Nogueiras;MG - DOMINALOG;Não
MA;Fortuna;MG - DOMINALOG;Não
MA;Gonçalves Dias;MG - DOMINALOG;Não
MA;Governador Archer;MG - DOMINALOG;Não
MA;Governador Edison Lobão;MG - DOMINALOG;Não
MA;Governador Eugênio Barros;MG - DOMINALOG;Não
MA;Governador Luiz Rocha;MG - DOMINALOG;Não
MA;Governador Newton Bello;MG - DOMINALOG;Não
MA;Governador Nunes Freire;MG - DOMINALOG;Não
MA;Graça Aranha;MG - DOMINALOG;Não
MA;Grajaú;MG - DOMINALOG;Não
MA;Guimarães;MG - DOMINALOG;Não
MA;Humberto de Campos;MG - DOMINALOG;Não
MA;Mirador;MG - DOMINALOG;Não
MA;Icatu;MG - DOMINALOG;Não
MA;Igarapé do Meio;MG - DOMINALOG;Não
MA;Igarapé Grande;MG - DOMINALOG;Não
MA;Imperatriz;MG - DOMINALOG;Não
MA;Itaipava do Grajaú;MG - DOMINALOG;Não
MA;Itapecuru Mirim;MG - DOMINALOG;Não
MA;Itinga do Maranhão;MG - DOMINALOG;Não
MA;Jatobá;MG - DOMINALOG;Não
MA;Jenipapo dos Vieiras;MG - DOMINALOG;Não
MA;João Lisboa;MG - DOMINALOG;Não
MA;Joselândia;MG - DOMINALOG;Não
MA;Junco do Maranhão;MG - DOMINALOG;Não
MA;Lago da Pedra;MG - DOMINALOG;Não
MA;Lago do Junco;MG - DOMINALOG;Não
MA;Lago dos Rodrigues;MG - DOMINALOG;Não
MA;Lago Verde;MG - DOMINALOG;Não
MA;Lagoa do Mato;MG - DOMINALOG;Não
MA;Lagoa Grande do Maranhão;MG - DOMINALOG;Não
MA;Lajeado Novo;MG - DOMINALOG;Não
MA;Vitória do Mearim;MG - DOMINALOG;Não
MA;Lima Campos;MG - DOMINALOG;Não
MA;Loreto;MG - DOMINALOG;Não
MA;Luís Domingues;MG - DOMINALOG;Não
MA;Paço do Lumiar;MG - DOMINALOG;Não
MA;Maracaçumé;MG - DOMINALOG;Não
MA;Marajá do Sena;MG - DOMINALOG;Não
MA;Maranhãozinho;MG - DOMINALOG;Não
MA;Pedreiras;MG - DOMINALOG;Não
MA;São José de Ribamar;MG - DOMINALOG;Não
MA;Mata Roma;MG - DOMINALOG;Não
MA;Matinha;MG - DOMINALOG;Não
MA;Matões;MG - DOMINALOG;Não
MA;Matões do Norte;MG - DOMINALOG;Não
MA;Milagres do Maranhão;MG - DOMINALOG;Não
MA;Miranda do Norte;MG - DOMINALOG;Não
MA;Mirinzal;MG - DOMINALOG;Não
MA;Monção;MG - DOMINALOG;Não
MA;Montes Altos;MG - DOMINALOG;Não
MA;Morros;MG - DOMINALOG;Não
MA;Nina Rodrigues;MG - DOMINALOG;Não
MA;Nova Colinas;MG - DOMINALOG;Não
MA;Nova Iorque;MG - DOMINALOG;Não
MA;Nova Olinda do Maranhão;MG - DOMINALOG;Não
MA;Olho D'Água das Cunhãs;MG - DOMINALOG;Não
MA;Olinda Nova do Maranhão;MG - DOMINALOG;Não
MA;Palmeirândia;MG - DOMINALOG;Não
MA;Paraibano;MG - DOMINALOG;Não
MA;Passagem Franca;MG - DOMINALOG;Não
MA;Pastos Bons;MG - DOMINALOG;Não
MA;Paulino Neves;MG - DOMINALOG;Não
MA;Paulo Ramos;MG - DOMINALOG;Não
MA;Pedro do Rosário;MG - DOMINALOG;Não
MA;Penalva;MG - DOMINALOG;Não
MA;Peri Mirim;MG - DOMINALOG;Não
MA;Peritoró;MG - DOMINALOG;Não
MA;Pindaré Mirim;MG - DOMINALOG;Não
MA;Pinheiro;MG - DOMINALOG;Não
MA;Pio XII;MG - DOMINALOG;Não
MA;Pirapemas;MG - DOMINALOG;Não
MA;Poção de Pedras;MG - DOMINALOG;Não
MA;Porto Franco;MG - DOMINALOG;Não
MA;Porto Rico do Maranhão;MG - DOMINALOG;Não
MA;Presidente Dutra;MG - DOMINALOG;Não
MA;Presidente Juscelino;MG - DOMINALOG;Não
MA;Presidente Médici;MG - DOMINALOG;Não
MA;Presidente Sarney;MG - DOMINALOG;Não
MA;Presidente Vargas;MG - DOMINALOG;Não
MA;Primeira Cruz;MG - DOMINALOG;Não
MA;Raposa;MG - DOMINALOG;Não
MA;Riachão;MG - DOMINALOG;Não
MA;Ribamar Fiquene;MG - DOMINALOG;Não
MA;Rosário;MG - DOMINALOG;Não
MA;Sambaíba;MG - DOMINALOG;Não
MA;Santa Filomena do Maranhão;MG - DOMINALOG;Não
MA;Santa Inês;MG - DOMINALOG;Não
MA;Santa Luzia;MG - DOMINALOG;Não
MA;Santa Luzia do Paruá;MG - DOMINALOG;Não
MA;Santa Quitéria do Maranhão;MG - DOMINALOG;Não
MA;Santa Rita;MG - DOMINALOG;Não
MA;Santana do Maranhão;MG - DOMINALOG;Não
MA;Santo Amaro do Maranhão;MG - DOMINALOG;Não
MA;Santo Antônio dos Lopes;MG - DOMINALOG;Não
MA;São Benedito do Rio Preto;MG - DOMINALOG;Não
MA;São Bento;MG - DOMINALOG;Não
MA;São Bernardo;MG - DOMINALOG;Não
MA;São Domingos do Azeitão;MG - DOMINALOG;Não
MA;São Domingos do Maranhão;MG - DOMINALOG;Não
MA;São Félix de Balsas;MG - DOMINALOG;Não
MA;São Francisco do Brejão;MG - DOMINALOG;Não
MA;São João Batista;MG - DOMINALOG;Não
MA;São João do Carú;MG - DOMINALOG;Não
MA;São João do Paraíso;MG - DOMINALOG;Não
MA;São João do Soter;MG - DOMINALOG;Não
MA;São João dos Patos;MG - DOMINALOG;Não
MA;Tuntum;MG - DOMINALOG;Não
MA;São José dos Basílios;MG - DOMINALOG;Não
MA;São Luís;MG - DOMINALOG;Não
MA;São Luís Gonzaga do Maranhão;MG - DOMINALOG;Não
MA;São Mateus do Maranhão;MG - DOMINALOG;Não
MA;São Pedro da Água Branca;MG - DOMINALOG;Não
MA;São Pedro dos Crentes;MG - DOMINALOG;Não
MA;São Raimundo das Mangabeiras;MG - DOMINALOG;Não
MA;São Raimundo do Doca Bezerra;MG - DOMINALOG;Não
MA;São Roberto;MG - DOMINALOG;Não
MA;São Vicente Ferrer;MG - DOMINALOG;Não
MA;Satubinha;MG - DOMINALOG;Não
MA;Senador Alexandre Costa;MG - DOMINALOG;Não
MA;Senador La Rocque;MG - DOMINALOG;Não
MA;Serrano do Maranhão;MG - DOMINALOG;Não
MA;Sítio Novo;MG - DOMINALOG;Não
MA;Sucupira do Norte;MG - DOMINALOG;Não
MA;Sucupira do Riachão;MG - DOMINALOG;Não
MA;Tasso Fragoso;MG - DOMINALOG;Não
MA;Timbiras;MG - DOMINALOG;Não
MA;Trizidela do Vale;MG - DOMINALOG;Não
MA;Tufilândia;MG - DOMINALOG;Não
MA;Turiaçu;MG - DOMINALOG;Não
MA;Turilândia;MG - DOMINALOG;Não
MA;Urbano Santos;MG - DOMINALOG;Não
MA;Vargem Grande;MG - DOMINALOG;Não
MA;Viana;MG - DOMINALOG;Não
MA;Vila Nova dos Martírios;MG - DOMINALOG;Não
MA;Vitorino Freire;MG - DOMINALOG;Não
MA;Zé Doca;MG - DOMINALOG;Não
MT;Acorizal;FAVORITA;Não
MT;Água Boa;FAVORITA;Não
MT;Chapada dos Guimarães;FAVORITA;Não
MT;Cuiabá;FAVORITA;Não
MT;Vila Bela da Santíssima Trindade;FAVORITA;Não
MT;Juara;FAVORITA;Não
MT;Rondonópolis;FAVORITA;Não
MT;Guiratinga;FAVORITA;Não
MT;Alta Floresta;FAVORITA;Não
MT;Alto Araguaia;FAVORITA;Não
MT;Alto Boa Vista;FAVORITA;Não
MT;Poxoréu;FAVORITA;Não
MT;Alto Garças;FAVORITA;Não
MT;Comodoro;FAVORITA;Não
MT;Alto Paraguai;FAVORITA;Não
MT;Alto Taquari;FAVORITA;Não
MT;Marcelândia;FAVORITA;Não
MT;Apiacás;FAVORITA;Não
MT;Araguaiana;FAVORITA;Não
MT;Araguainha;FAVORITA;Não
MT;Araputanga;FAVORITA;Não
MT;Arenápolis;FAVORITA;Não
MT;Aripuanã;FAVORITA;Não
MT;Rosário Oeste;FAVORITA;Não
MT;Barra do Bugres;FAVORITA;Não
MT;Barão de Melgaço;FAVORITA;Não
MT;Barra do Garças;FAVORITA;Não
MT;Tesouro;FAVORITA;Não
MT;Diamantino;FAVORITA;Não
MT;Cáceres;FAVORITA;Não
MT;Sorriso;FAVORITA;Não
MT;Rio Branco;FAVORITA;Não
MT;Várzea Grande;FAVORITA;Não
MT;Brasnorte;FAVORITA;Não
MT;Santo Antônio do Leverger;FAVORITA;Não
MT;Campinápolis;FAVORITA;Não
MT;Campo Novo do Parecis;FAVORITA;Não
MT;Campo Verde;FAVORITA;Não
MT;Campos de Júlio;FAVORITA;Não
MT;Canabrava do Norte;FAVORITA;Não
MT;Canarana;FAVORITA;Não
MT;Poconé;FAVORITA;Não
MT;Carlinda;FAVORITA;Não
MT;Castanheira;FAVORITA;Não
MT;Cláudia;FAVORITA;Não
MT;Cocalinho;FAVORITA;Não
MT;Colíder;FAVORITA;Não
MT;Nova Canaã do Norte;FAVORITA;Não
MT;Confresa;FAVORITA;Não
MT;Guarantã do Norte;FAVORITA;Não
MT;Cotriguaçu;FAVORITA;Não
MT;Salto do Céu;FAVORITA;Não
MT;Curvelândia;FAVORITA;Não
MT;Denise;FAVORITA;Não
MT;Dom Aquino;FAVORITA;Não
MT;Nossa Senhora do Livramento;FAVORITA;Não
MT;Feliz Natal;FAVORITA;Não
MT;Figueirópolis D'Oeste;FAVORITA;Não
MT;Juína;FAVORITA;Não
MT;Matupá;FAVORITA;Não
MT;Gaúcha do Norte;FAVORITA;Não
MT;General Carneiro;FAVORITA;Não
MT;Glória D'Oeste;FAVORITA;Não
MT;Indiavaí;FAVORITA;Não
MT;Juscimeira;FAVORITA;Não
MT;Itaúba;FAVORITA;Não
MT;Itiquira;FAVORITA;Não
MT;Jaciara;FAVORITA;Não
MT;Jangada;FAVORITA;Não
MT;Jauru;FAVORITA;Não
MT;Juruena;FAVORITA;Não
MT;Lambari D'Oeste;FAVORITA;Não
MT;Lucas do Rio Verde;FAVORITA;Não
MT;Luciara;FAVORITA;Não
MT;Mirassol D'Oeste;FAVORITA;Não
MT;Nobres;FAVORITA;Não
MT;Nortelândia;FAVORITA;Não
MT;Nova Bandeirantes;FAVORITA;Não
MT;Nova Brasilândia;FAVORITA;Não
MT;Nova Xavantina;FAVORITA;Não
MT;Nova Guarita;FAVORITA;Não
MT;Nova Lacerda;FAVORITA;Não
MT;Nova Marilândia;FAVORITA;Não
MT;Nova Maringá;FAVORITA;Não
MT;Nova Monte Verde;FAVORITA;Não
MT;Nova Mutum;FAVORITA;Não
MT;Nova Olímpia;FAVORITA;Não
MT;Nova Ubiratã;FAVORITA;Não
MT;Tapurah;FAVORITA;Não
MT;Novo Horizonte do Norte;FAVORITA;Não
MT;Novo Mundo;FAVORITA;Não
MT;Porto dos Gaúchos;FAVORITA;Não
MT;Novo São Joaquim;FAVORITA;Não
MT;Paranaíta;FAVORITA;Não
MT;Paranatinga;FAVORITA;Não
MT;Pedra Preta;FAVORITA;Não
MT;Peixoto de Azevedo;FAVORITA;Não
MT;Planalto da Serra;FAVORITA;Não
MT;Pontal do Araguaia;FAVORITA;Não
MT;Ponte Branca;FAVORITA;Não
MT;Pontes e Lacerda;FAVORITA;Não
MT;São Félix do Araguaia;FAVORITA;Não
MT;Porto Alegre do Norte;FAVORITA;Não
MT;Porto Esperidião;FAVORITA;Não
MT;Porto Estrela;FAVORITA;Não
MT;Primavera do Leste;FAVORITA;Não
MT;Tangará da Serra;FAVORITA;Não
MT;Querência;FAVORITA;Não
MT;Reserva do Cabaçal;FAVORITA;Não
MT;Ribeirão Cascalheira;FAVORITA;Não
MT;Ribeirãozinho;FAVORITA;Não
MT;Santa Carmem;FAVORITA;Não
MT;São José dos Quatro Marcos;FAVORITA;Não
MT;Santa Terezinha;FAVORITA;Não
MT;Vila Rica;FAVORITA;Não
MT;Santo Afonso;FAVORITA;Não
MT;Vale de São Domingos;FAVORITA;Não
MT;São José do Povo;FAVORITA;Não
MT;São José do Rio Claro;FAVORITA;Não
MT;São José do Xingu;FAVORITA;Não
MT;São Pedro da Cipa;FAVORITA;Não
MT;Sapezal;FAVORITA;Não
MT;Serra Nova Dourada;FAVORITA;Não
MT;Sinop;FAVORITA;Não
MT;Tabaporã;FAVORITA;Não
MT;Terra Nova do Norte;FAVORITA;Não
MT;Torixoréu;FAVORITA;Não
MT;União do Sul;FAVORITA;Não
MT;Vera;FAVORITA;Não
MT;Novo Santo Antônio;FAVORITA;Não
MT;Conquista D'Oeste;FAVORITA;Não
MT;Colniza;FAVORITA;Não
MT;Rondolândia;FAVORITA;Não
MT;Santa Rita do Trivelato;FAVORITA;Não
MT;Nova Santa Helena;FAVORITA;Não
MT;Santo Antônio do Leste;FAVORITA;Não
MT;Nova Nazaré;FAVORITA;Não
MT;Santa Cruz do Xingu;FAVORITA;Não
MT;Bom Jesus do Araguaia;FAVORITA;Não
MT;Ipiranga do Norte;FAVORITA;Não
MT;Itanhangá;FAVORITA;Não
MS;Rochedo;FAVORITA;Não
MS;Água Clara;FAVORITA;Não
MS;Corumbá;FAVORITA;Não
MS;Alcinópolis;FAVORITA;Não
MS;Paraíso das Águas;FAVORITA;Não
MS;Amambai;FAVORITA;Não
MS;Ivinhema;FAVORITA;Não
MS;Anastácio;FAVORITA;Não
MS;Anaurilândia;FAVORITA;Não
MS;Angélica;FAVORITA;Não
MS;Campo Grande;FAVORITA;Não
MS;Antônio João;FAVORITA;Não
MS;Aparecida do Taboado;FAVORITA;Não
MS;Aquidauana;FAVORITA;Não
MS;Aral Moreira;FAVORITA;Não
MS;Três Lagoas;FAVORITA;Não
MS;São Gabriel do Oeste;FAVORITA;Não
MS;Paranaíba;FAVORITA;Não
MS;Corguinho;FAVORITA;Não
MS;Ribas do Rio Pardo;FAVORITA;Não
MS;Bandeirantes;FAVORITA;Não
MS;Bataguassu;FAVORITA;Não
MS;Batayporã;FAVORITA;Não
MS;Costa Rica;FAVORITA;Não
MS;Bela Vista;FAVORITA;Não
MS;Douradina;FAVORITA;Não
MS;Laguna Carapã;FAVORITA;Não
MS;Bodoquena;FAVORITA;Não
MS;Jaraguari;FAVORITA;Não
MS;Bonito;FAVORITA;Não
MS;Jardim;FAVORITA;Não
MS;Brasilândia;FAVORITA;Não
MS;Caarapó;FAVORITA;Não
MS;Ponta Porã;FAVORITA;Não
MS;Camapuã;FAVORITA;Não
MS;Sidrolândia;FAVORITA;Não
MS;Caracol;FAVORITA;Não
MS;Itaporã;FAVORITA;Não
MS;Cassilândia;FAVORITA;Não
MS;Chapadão do Sul;FAVORITA;Não
MS;Coronel Sapucaia;FAVORITA;Não
MS;Coxim;FAVORITA;Não
MS;Fátima do Sul;FAVORITA;Não
MS;Deodápolis;FAVORITA;Não
MS;Dois Irmãos do Buriti;FAVORITA;Não
MS;Dourados;FAVORITA;Não
MS;Eldorado;FAVORITA;Não
MS;Figueirão;FAVORITA;Não
MS;Glória de Dourados;FAVORITA;Não
MS;Guia Lopes da Laguna;FAVORITA;Não
MS;Iguatemi;FAVORITA;Não
MS;Inocência;FAVORITA;Não
MS;Itaquiraí;FAVORITA;Não
MS;Japorã;FAVORITA;Não
MS;Jateí;FAVORITA;Não
MS;Rio Verde de Mato Grosso;FAVORITA;Não
MS;Jutí;FAVORITA;Não
MS;Ladário;FAVORITA;Não
MS;Maracaju;FAVORITA;Não
MS;Miranda;FAVORITA;Não
MS;Mundo Novo;FAVORITA;Não
MS;Naviraí;FAVORITA;Não
MS;Nioaque;FAVORITA;Não
MS;Nova Alvorada do Sul;FAVORITA;Não
MS;Nova Andradina;FAVORITA;Não
MS;Rio Negro;FAVORITA;Não
MS;Novo Horizonte do Sul;FAVORITA;Não
MS;Paranhos;FAVORITA;Não
MS;Pedro Gomes;FAVORITA;Não
MS;Porto Murtinho;FAVORITA;Não
MS;Rio Brilhante;FAVORITA;Não
MS;Santa Rita do Pardo;FAVORITA;Não
MS;Vicentina;FAVORITA;Não
MS;Selvíria;FAVORITA;Não
MS;Sete Quedas;FAVORITA;Não
MS;Sonora;FAVORITA;Não
MS;Tacuru;FAVORITA;Não
MS;Taquarussu;FAVORITA;Não
MS;Terenos;FAVORITA;Não
MG;Abadia dos Dourados;AGMX OPORTUNIDA;Sim
MG;Abaeté;CONECTA CARGO;Não
MG;Rio Paranaíba;CONECTA CARGO;Não
MG;Leopoldina;CONECTA CARGO;Não
MG;Abre Campo;CONECTA CARGO;Não
MG;Alto Rio Doce;CONECTA CARGO;Não
MG;Acaiaca;CONECTA CARGO;Não
MG;Açucena;CONECTA CARGO;Não
MG;Itabirito;CONECTA CARGO;Não
MG;Botumirim;CONECTA CARGO;Não
MG;Água Boa;CONECTA CARGO;Não
MG;Comercinho;CONECTA CARGO;Não
MG;Água Comprida;CONECTA CARGO;Não
MG;Estrela Dalva;CONECTA CARGO;Não
MG;Aguanil;CONECTA CARGO;Não
MG;Conceição do Rio Verde;CONECTA CARGO;Não
MG;São Pedro dos Ferros;CONECTA CARGO;Não
MG;Águas Formosas;CONECTA CARGO;Não
MG;Águas Vermelhas;CONECTA CARGO;Não
MG;Aimorés;CONECTA CARGO;Não
MG;Aiuruoca;CONECTA CARGO;Não
MG;Alagoa;CONECTA CARGO;Não
MG;Albertina;CONECTA CARGO;Não
MG;Martinho Campos;CONECTA CARGO;Não
MG;Formiga;CONECTA CARGO;Não
MG;Conselheiro Pena;CONECTA CARGO;Não
MG;Coromandel;CONECTA CARGO;Não
MG;Simonésia;CONECTA CARGO;Não
MG;Além Paraíba;CONECTA CARGO;Não
MG;Iturama;CONECTA CARGO;Não
MG;Alfenas;MOVEIS CAMILO L;Sim
MG;Alfredo Vasconcelos;CONECTA CARGO;Não
MG;Jaboticatubas;CONECTA CARGO;Não
MG;Almenara;CONECTA CARGO;Não
MG;Alpercata;CONECTA CARGO;Não
MG;Alpinópolis;CONECTA CARGO;Não
MG;Alterosa;CONECTA CARGO;Não
MG;Alto Caparaó;CONECTA CARGO;Não
MG;Governador Valadares;CONECTA CARGO;Não
MG;Alto Jequitibá;CONECTA CARGO;Não
MG;Congonhas;CONECTA CARGO;Não
MG;Tapiraí;CONECTA CARGO;Não
MG;Coração de Jesus;CONECTA CARGO;Não
MG;Alvarenga;CONECTA CARGO;Não
MG;Alvinópolis;CONECTA CARGO;Não
MG;Carangola;CONECTA CARGO;Não
MG;Alvorada de Minas;CONECTA CARGO;Não
MG;Baldim;CONECTA CARGO;Não
MG;Araguari;AGMX OPORTUNIDA;Sim
MG;Ouro Preto;CONECTA CARGO;Não
MG;Amparo da Serra;CONECTA CARGO;Não
MG;Andradas;MOVEIS CAMILO L;Sim
MG;Andrelândia;CONECTA CARGO;Não
MG;Três Marias;CONECTA CARGO;Não
MG;Recreio;CONECTA CARGO;Não
MG;Angelândia;CONECTA CARGO;Não
MG;Brasília de Minas;CONECTA CARGO;Não
MG;Curvelo;CONECTA CARGO;Não
MG;Antônio Carlos;CONECTA CARGO;Não
MG;Antônio Dias;CONECTA CARGO;Não
MG;Caeté;OUTELETRO BH;Sim
MG;Franciscópolis;CONECTA CARGO;Não
MG;Antônio Prado de Minas;CONECTA CARGO;Não
MG;Igaratinga;CONECTA CARGO;Não
MG;Frutal;AGMX OPORTUNIDA;Sim
MG;Araçaí;CONECTA CARGO;Não
MG;Cataguases;CONECTA CARGO;Não
MG;Aracitaba;CONECTA CARGO;Não
MG;Araçuaí;CONECTA CARGO;Não
MG;Arantina;CONECTA CARGO;Não
MG;Araponga;CONECTA CARGO;Não
MG;Araporã;CONECTA CARGO;Não
MG;Arapuá;CONECTA CARGO;Não
MG;Araújos;CONECTA CARGO;Não
MG;Guapé;CONECTA CARGO;Não
MG;Araxá;AGMX OPORTUNIDA;Sim
MG;São João Del Rei;CONECTA CARGO;Não
MG;Arceburgo;CONECTA CARGO;Não
MG;Arcos;CONECTA CARGO;Não
MG;Areado;CONECTA CARGO;Não
MG;Ibiá;AGMX OPORTUNIDA;Sim
MG;Argirita;CONECTA CARGO;Não
MG;Aricanduva;CONECTA CARGO;Não
MG;Arinos;CONECTA CARGO;Não
MG;Pará de Minas;CONECTA CARGO;Não
MG;Pocrane;CONECTA CARGO;Não
MG;Astolfo Dutra;CONECTA CARGO;Não
MG;Ataléia;CONECTA CARGO;Não
MG;Augusto de Lima;CONECTA CARGO;Não
MG;Jacinto;CONECTA CARGO;Não
MG;Mateus Leme;CONECTA CARGO;Não
MG;Delfinópolis;CONECTA CARGO;Não
MG;Baependi;CONECTA CARGO;Não
MG;Uberaba;AGMX OPORTUNIDA;Sim
MG;Bertópolis;CONECTA CARGO;Não
MG;Bambuí;CONECTA CARGO;Não
MG;Bandeira;CONECTA CARGO;Não
MG;Bandeira do Sul;MOVEIS CAMILO L;Sim
MG;Mariana;CONECTA CARGO;Não
MG;Barão de Cocais;CONECTA CARGO;Não
MG;Barão de Monte Alto;CONECTA CARGO;Não
MG;Barbacena;CONECTA CARGO;Não
MG;Ipatinga;CONECTA CARGO;Não
MG;Mantena;CONECTA CARGO;Não
MG;Santa Bárbara;CONECTA CARGO;Não
MG;Barra Longa;CONECTA CARGO;Não
MG;Catuti;CONECTA CARGO;Não
MG;Janaúba;CONECTA CARGO;Não
MG;Grão Mogol;CONECTA CARGO;Não
MG;Barroso;CONECTA CARGO;Não
MG;Estrela do Indaiá;CONECTA CARGO;Não
MG;Bela Vista de Minas;CONECTA CARGO;Não
MG;Muriaé;CONECTA CARGO;Não
MG;Belmiro Braga;CONECTA CARGO;Não
MG;Belo Horizonte;OUTELETRO BH;Sim
MG;Belo Oriente;CONECTA CARGO;Não
MG;Teófilo Otoni;CONECTA CARGO;Não
MG;Belo Vale;CONECTA CARGO;Não
MG;Ubaí;CONECTA CARGO;Não
MG;Berilo;CONECTA CARGO;Não
MG;Berizal;CONECTA CARGO;Não
MG;Betim;OUTELETRO BH;Sim
MG;Bias Fortes;CONECTA CARGO;Não
MG;Bicas;CONECTA CARGO;Não
MG;Raul Soares;CONECTA CARGO;Não
MG;Biquinhas;CONECTA CARGO;Não
MG;Jeceaba;CONECTA CARGO;Não
MG;Boa Esperança;CONECTA CARGO;Não
MG;Itabirinha;CONECTA CARGO;Não
MG;Nova Serrana;CONECTA CARGO;Não
MG;Bocaina de Minas;CONECTA CARGO;Não
MG;Bocaiúva;CONECTA CARGO;Não
MG;Bom Despacho;CONECTA CARGO;Não
MG;Bom Jardim de Minas;CONECTA CARGO;Não
MG;Bom Jesus da Penha;CONECTA CARGO;Não
MG;Urucânia;CONECTA CARGO;Não
MG;Bom Jesus do Amparo;CONECTA CARGO;Não
MG;Divino;CONECTA CARGO;Não
MG;Bom Jesus do Galho;CONECTA CARGO;Não
MG;Fervedouro;CONECTA CARGO;Não
MG;Resplendor;CONECTA CARGO;Não
MG;Bom Repouso;CONECTA CARGO;Não
MG;Santa Bárbara do Tugúrio;CONECTA CARGO;Não
MG;Bom Sucesso;CONECTA CARGO;Não
MG;Patos de Minas;AGMX OPORTUNIDA;Sim
MG;Ibiracatu;CONECTA CARGO;Não
MG;Bonfim;CONECTA CARGO;Não
MG;Bonfinópolis de Minas;CONECTA CARGO;Não
MG;Bonito de Minas;CONECTA CARGO;Não
MG;Ferros;CONECTA CARGO;Não
MG;Borda da Mata;CONECTA CARGO;Não
MG;Botelhos;MOVEIS CAMILO L;Sim
MG;Brás Pires;CONECTA CARGO;Não
MG;Brasilândia de Minas;CONECTA CARGO;Não
MG;Brazópolis;CONECTA CARGO;Não
MG;Braúnas;CONECTA CARGO;Não
MG;Conceição do Mato Dentro;CONECTA CARGO;Não
MG;Cruzeiro da Fortaleza;CONECTA CARGO;Não
MG;Januária;CONECTA CARGO;Não
MG;Brumadinho;CONECTA CARGO;Não
MG;Conselheiro Lafaiete;CONECTA CARGO;Não
MG;Bueno Brandão;CONECTA CARGO;Não
MG;Buenópolis;CONECTA CARGO;Não
MG;Bugre;CONECTA CARGO;Não
MG;Buritis;CONECTA CARGO;Não
MG;Buritizeiro;CONECTA CARGO;Não
MG;João Pinheiro;CONECTA CARGO;Não
MG;Cabeceira Grande;CONECTA CARGO;Não
MG;Cabo Verde;MOVEIS CAMILO L;Sim
MG;Turmalina;CONECTA CARGO;Não
MG;Capitão Enéas;CONECTA CARGO;Não
MG;Cachoeira da Prata;CONECTA CARGO;Não
MG;Cachoeira de Minas;CONECTA CARGO;Não
MG;Cachoeira de Pajeú;CONECTA CARGO;Não
MG;Viçosa;CONECTA CARGO;Não
MG;Rio Manso;CONECTA CARGO;Não
MG;Cachoeira Dourada;CONECTA CARGO;Não
MG;Córrego Danta;CONECTA CARGO;Não
MG;Caetanópolis;CONECTA CARGO;Não
MG;Juiz de Fora;CONECTA CARGO;Não
MG;Caiana;CONECTA CARGO;Não
MG;Pirapetinga;CONECTA CARGO;Não
MG;Cajuri;CONECTA CARGO;Não
MG;Caldas;CONECTA CARGO;Não
MG;Camacho;CONECTA CARGO;Não
MG;Camanducaia;CONECTA CARGO;Não
MG;Cambuí;CONECTA CARGO;Não
MG;Cambuquira;CONECTA CARGO;Não
MG;Campanário;CONECTA CARGO;Não
MG;Campanha;CONECTA CARGO;Não
MG;Campestre;MOVEIS CAMILO L;Sim
MG;Campina Verde;CONECTA CARGO;Não
MG;Campo Azul;CONECTA CARGO;Não
MG;Campo Belo;CONECTA CARGO;Não
MG;Campo do Meio;CONECTA CARGO;Não
MG;Campo Florido;CONECTA CARGO;Não
MG;Varzelândia;CONECTA CARGO;Não
MG;Campos Altos;AGMX OPORTUNIDA;Sim
MG;Campos Gerais;CONECTA CARGO;Não
MG;Cana Verde;CONECTA CARGO;Não
MG;Canaã;CONECTA CARGO;Não
MG;Francisco Sá;CONECTA CARGO;Não
MG;Canápolis;AGMX OPORTUNIDA;Sim
MG;Tiros;CONECTA CARGO;Não
MG;Candeias;CONECTA CARGO;Não
MG;São Gonçalo do Abaeté;CONECTA CARGO;Não
MG;Cantagalo;CONECTA CARGO;Não
MG;Caparaó;CONECTA CARGO;Não
MG;Capela Nova;CONECTA CARGO;Não
MG;Capelinha;CONECTA CARGO;Não
MG;Capetinga;CONECTA CARGO;Não
MG;Capim Branco;OUTELETRO BH;Sim
MG;Capinópolis;AGMX OPORTUNIDA;Sim
MG;Montalvânia;CONECTA CARGO;Não
MG;Capitão Andrade;CONECTA CARGO;Não
MG;Capitólio;CONECTA CARGO;Não
MG;Caputira;CONECTA CARGO;Não
MG;Caraí;CONECTA CARGO;Não
MG;Caranaíba;CONECTA CARGO;Não
MG;Carandaí;CONECTA CARGO;Não
MG;Caratinga;CONECTA CARGO;Não
MG;Carbonita;CONECTA CARGO;Não
MG;Santana do Riacho;CONECTA CARGO;Não
MG;Careaçu;CONECTA CARGO;Não
MG;São João Nepomuceno;CONECTA CARGO;Não
MG;Carlos Chagas;CONECTA CARGO;Não
MG;Carmésia;CONECTA CARGO;Não
MG;Carmo da Cachoeira;CONECTA CARGO;Não
MG;Carmo da Mata;CONECTA CARGO;Não
MG;Carmo de Minas;CONECTA CARGO;Não
MG;Carmo do Cajuru;CONECTA CARGO;Não
MG;Carmo do Paranaíba;CONECTA CARGO;Não
MG;Carmo do Rio Claro;CONECTA CARGO;Não
MG;Carmópolis de Minas;CONECTA CARGO;Não
MG;Carneirinho;CONECTA CARGO;Não
MG;Carrancas;CONECTA CARGO;Não
MG;Carvalhópolis;CONECTA CARGO;Não
MG;Carvalhos;CONECTA CARGO;Não
MG;Casa Grande;CONECTA CARGO;Não
MG;Cascalho Rico;CONECTA CARGO;Não
MG;Cássia;CONECTA CARGO;Não
MG;Santo Antônio do Jacinto;CONECTA CARGO;Não
MG;Catas Altas;CONECTA CARGO;Não
MG;Catas Altas da Noruega;CONECTA CARGO;Não
MG;Serra do Salitre;CONECTA CARGO;Não
MG;Catuji;CONECTA CARGO;Não
MG;Tombos;CONECTA CARGO;Não
MG;Caxambu;CONECTA CARGO;Não
MG;Cedro do Abaeté;CONECTA CARGO;Não
MG;Mutum;CONECTA CARGO;Não
MG;Central de Minas;CONECTA CARGO;Não
MG;Divino das Laranjeiras;CONECTA CARGO;Não
MG;Centralina;CONECTA CARGO;Não
MG;Chácara;CONECTA CARGO;Não
MG;Chalé;CONECTA CARGO;Não
MG;Estrela do Sul;CONECTA CARGO;Não
MG;Chapada do Norte;CONECTA CARGO;Não
MG;Chapada Gaúcha;CONECTA CARGO;Não
MG;Santa Vitória;CONECTA CARGO;Não
MG;Chiador;CONECTA CARGO;Não
MG;Cipotânea;CONECTA CARGO;Não
MG;Palma;CONECTA CARGO;Não
MG;Claraval;CONECTA CARGO;Não
MG;Vazante;CONECTA CARGO;Não
MG;Claro dos Poções;CONECTA CARGO;Não
MG;Cláudio;CONECTA CARGO;Não
MG;Moeda;CONECTA CARGO;Não
MG;Coimbra;CONECTA CARGO;Não
MG;Coluna;CONECTA CARGO;Não
MG;Comendador Gomes;CONECTA CARGO;Não
MG;Conceição da Aparecida;CONECTA CARGO;Não
MG;Conceição da Barra de Minas;CONECTA CARGO;Não
MG;Gonzaga;CONECTA CARGO;Não
MG;Lima Duarte;CONECTA CARGO;Não
MG;Conceição das Alagoas;AGMX OPORTUNIDA;Sim
MG;Conceição das Pedras;CONECTA CARGO;Não
MG;Conceição de Ipanema;CONECTA CARGO;Não
MG;Dionísio;CONECTA CARGO;Não
MG;Rio Piracicaba;CONECTA CARGO;Não
MG;Coroaci;CONECTA CARGO;Não
MG;Santos Dumont;CONECTA CARGO;Não
MG;Conceição do Pará;CONECTA CARGO;Não
MG;Conceição dos Ouros;CONECTA CARGO;Não
MG;Ladainha;CONECTA CARGO;Não
MG;São João da Ponte;CONECTA CARGO;Não
MG;São Domingos do Prata;CONECTA CARGO;Não
MG;Cônego Marinho;CONECTA CARGO;Não
MG;Confins;CONECTA CARGO;Não
MG;Congonhal;MOVEIS CAMILO L;Sim
MG;Congonhas do Norte;CONECTA CARGO;Não
MG;Conquista;CONECTA CARGO;Não
MG;Diamantina;CONECTA CARGO;Não
MG;Consolação;CONECTA CARGO;Não
MG;Contagem;OUTELETRO BH;Sim
MG;Itamarandiba;CONECTA CARGO;Não
MG;Corinto;CONECTA CARGO;Não
MG;Coqueiral;CONECTA CARGO;Não
MG;Cordisburgo;CONECTA CARGO;Não
MG;Cordislândia;CONECTA CARGO;Não
MG;Coronel Fabriciano;CONECTA CARGO;Não
MG;Coronel Murta;CONECTA CARGO;Não
MG;Coronel Pacheco;CONECTA CARGO;Não
MG;Coronel Xavier Chaves;CONECTA CARGO;Não
MG;Córrego do Bom Jesus;CONECTA CARGO;Não
MG;Córrego Fundo;CONECTA CARGO;Não
MG;Córrego Novo;CONECTA CARGO;Não
MG;Guanhães;CONECTA CARGO;Não
MG;Paraisópolis;CONECTA CARGO;Não
MG;Couto de Magalhães de Minas;CONECTA CARGO;Não
MG;Ouro Fino;CONECTA CARGO;Não
MG;Crisólita;CONECTA CARGO;Não
MG;Cristais;CONECTA CARGO;Não
MG;Cristália;CONECTA CARGO;Não
MG;Cristiano Otoni;CONECTA CARGO;Não
MG;Cristina;CONECTA CARGO;Não
MG;Crucilândia;CONECTA CARGO;Não
MG;Uberlândia;AGMX OPORTUNIDA;Sim
MG;Cruzília;CONECTA CARGO;Não
MG;Cuparaque;CONECTA CARGO;Não
MG;Curral de Dentro;CONECTA CARGO;Não
MG;Datas;CONECTA CARGO;Não
MG;Delfim Moreira;CONECTA CARGO;Não
MG;Delta;CONECTA CARGO;Não
MG;Serro;CONECTA CARGO;Não
MG;Descoberto;CONECTA CARGO;Não
MG;Sacramento;AGMX OPORTUNIDA;Sim
MG;Desterro de Entre Rios;CONECTA CARGO;Não
MG;Desterro do Melo;CONECTA CARGO;Não
MG;Ubá;CONECTA CARGO;Não
MG;Diogo de Vasconcelos;CONECTA CARGO;Não
MG;Divinésia;CONECTA CARGO;Não
MG;Virgolândia;CONECTA CARGO;Não
MG;Divinolândia de Minas;CONECTA CARGO;Não
MG;Divinópolis;CONECTA CARGO;Não
MG;Divisa Alegre;CONECTA CARGO;Não
MG;Divisa Nova;CONECTA CARGO;Não
MG;Divisópolis;CONECTA CARGO;Não
MG;Palmópolis;CONECTA CARGO;Não
MG;Dom Bosco;CONECTA CARGO;Não
MG;Dom Cavati;CONECTA CARGO;Não
MG;Dom Joaquim;CONECTA CARGO;Não
MG;Dom Silvério;CONECTA CARGO;Não
MG;Dom Viçoso;CONECTA CARGO;Não
MG;Dona Euzébia;CONECTA CARGO;Não
MG;Miraí;CONECTA CARGO;Não
MG;Dores de Campos;CONECTA CARGO;Não
MG;Dores de Guanhães;CONECTA CARGO;Não
MG;Dores do Indaiá;CONECTA CARGO;Não
MG;Dores do Turvo;CONECTA CARGO;Não
MG;Doresópolis;CONECTA CARGO;Não
MG;Machado;MOVEIS CAMILO L;Sim
MG;Douradoquara;CONECTA CARGO;Não
MG;Jequitibá;CONECTA CARGO;Não
MG;Durandé;CONECTA CARGO;Não
MG;Itanhomi;CONECTA CARGO;Não
MG;Elói Mendes;CONECTA CARGO;Não
MG;Engenheiro Caldas;CONECTA CARGO;Não
MG;Engenheiro Navarro;CONECTA CARGO;Não
MG;Mar de Espanha;CONECTA CARGO;Não
MG;Entre Folhas;CONECTA CARGO;Não
MG;Entre Rios de Minas;CONECTA CARGO;Não
MG;Montes Claros;AGMX OPORTUNIDA;Sim
MG;Ervália;CONECTA CARGO;Não
MG;Esmeraldas;OUTELETRO BH;Sim
MG;Espera Feliz;CONECTA CARGO;Não
MG;Espinosa;CONECTA CARGO;Não
MG;Espírito Santo do Dourado;CONECTA CARGO;Não
MG;Luz;CONECTA CARGO;Não
MG;Estiva;CONECTA CARGO;Não
MG;Jordânia;CONECTA CARGO;Não
MG;Eugenópolis;CONECTA CARGO;Não
MG;Sabinópolis;CONECTA CARGO;Não
MG;Ewbank da Câmara;CONECTA CARGO;Não
MG;Extrema;CONECTA CARGO;Não
MG;Fama;CONECTA CARGO;Não
MG;Faria Lemos;CONECTA CARGO;Não
MG;Santana de Pirapama;CONECTA CARGO;Não
MG;Felício dos Santos;CONECTA CARGO;Não
MG;Felisburgo;CONECTA CARGO;Não
MG;Felixlândia;CONECTA CARGO;Não
MG;Fernandes Tourinho;CONECTA CARGO;Não
MG;São Gonçalo do Sapucaí;CONECTA CARGO;Não
MG;Salinas;CONECTA CARGO;Não
MG;Gurinhatã;CONECTA CARGO;Não
MG;Florestal;CONECTA CARGO;Não
MG;Formoso;CONECTA CARGO;Não
MG;Fortaleza de Minas;CONECTA CARGO;Não
MG;Fortuna de Minas;CONECTA CARGO;Não
MG;Francisco Badaró;CONECTA CARGO;Não
MG;Francisco Dumont;CONECTA CARGO;Não
MG;Frei Gaspar;CONECTA CARGO;Não
MG;Frei Inocêncio;CONECTA CARGO;Não
MG;Frei Lagonegro;CONECTA CARGO;Não
MG;Morada Nova de Minas;CONECTA CARGO;Não
MG;Itambacuri;CONECTA CARGO;Não
MG;Fronteira;CONECTA CARGO;Não
MG;Fronteira dos Vales;CONECTA CARGO;Não
MG;Fruta de Leite;CONECTA CARGO;Não
MG;São Gotardo;AGMX OPORTUNIDA;Sim
MG;Funilândia;CONECTA CARGO;Não
MG;Presidente Olegário;CONECTA CARGO;Não
MG;Galiléia;CONECTA CARGO;Não
MG;Gameleiras;CONECTA CARGO;Não
MG;Unaí;CONECTA CARGO;Não
MG;Glaucilândia;CONECTA CARGO;Não
MG;Santa Maria do Suaçuí;CONECTA CARGO;Não
MG;Goiabeira;CONECTA CARGO;Não
MG;Goianá;CONECTA CARGO;Não
MG;Gonçalves;CONECTA CARGO;Não
MG;Porteirinha;CONECTA CARGO;Não
MG;Gouveia;CONECTA CARGO;Não
MG;Jequeri;CONECTA CARGO;Não
MG;Grupiara;CONECTA CARGO;Não
MG;Várzea da Palma;CONECTA CARGO;Não
MG;Paraguaçu;MOVEIS CAMILO L;Sim
MG;Guaraciaba;CONECTA CARGO;Não
MG;Guaraciama;CONECTA CARGO;Não
MG;Guaranésia;CONECTA CARGO;Não
MG;Guarani;CONECTA CARGO;Não
MG;Jequitinhonha;CONECTA CARGO;Não
MG;Guarará;CONECTA CARGO;Não
MG;Guarda-Mor;CONECTA CARGO;Não
MG;Guaxupé;CONECTA CARGO;Não
MG;Guidoval;CONECTA CARGO;Não
MG;Guimarânia;CONECTA CARGO;Não
MG;Guiricema;CONECTA CARGO;Não
MG;Heliodora;CONECTA CARGO;Não
MG;Iapu;CONECTA CARGO;Não
MG;Ibertioga;CONECTA CARGO;Não
MG;Ibiaí;CONECTA CARGO;Não
MG;Ibiraci;CONECTA CARGO;Não
MG;Ibirité;OUTELETRO BH;Sim
MG;Ibitiúra de Minas;MOVEIS CAMILO L;Sim
MG;Ibituruna;CONECTA CARGO;Não
MG;Icaraí de Minas;CONECTA CARGO;Não
MG;Igarapé;OUTELETRO BH;Sim
MG;Iguatama;CONECTA CARGO;Não
MG;Ijaci;CONECTA CARGO;Não
MG;Ilicínea;CONECTA CARGO;Não
MG;Imbé de Minas;CONECTA CARGO;Não
MG;Inconfidentes;CONECTA CARGO;Não
MG;Indaiabira;CONECTA CARGO;Não
MG;Indianópolis;CONECTA CARGO;Não
MG;Ingaí;CONECTA CARGO;Não
MG;Inhapim;CONECTA CARGO;Não
MG;Inhaúma;CONECTA CARGO;Não
MG;Inimutaba;CONECTA CARGO;Não
MG;Ipaba;CONECTA CARGO;Não
MG;Ipanema;CONECTA CARGO;Não
MG;Ipiaçu;AGMX OPORTUNIDA;Sim
MG;Itabira;CONECTA CARGO;Não
MG;Ipuiúna;MOVEIS CAMILO L;Sim
MG;Iraí de Minas;AGMX OPORTUNIDA;Sim
MG;Santa Rita de Jacutinga;CONECTA CARGO;Não
MG;Itacambira;CONECTA CARGO;Não
MG;Itacarambi;CONECTA CARGO;Não
MG;Itaguara;CONECTA CARGO;Não
MG;Itaipé;CONECTA CARGO;Não
MG;Itajubá;CONECTA CARGO;Não
MG;Itamarati de Minas;CONECTA CARGO;Não
MG;Itambé do Mato Dentro;CONECTA CARGO;Não
MG;Itamogi;CONECTA CARGO;Não
MG;Itamonte;CONECTA CARGO;Não
MG;Itanhandu;CONECTA CARGO;Não
MG;Itaobim;CONECTA CARGO;Não
MG;Itapagipe;AGMX OPORTUNIDA;Sim
MG;Itapecerica;CONECTA CARGO;Não
MG;Itapeva;CONECTA CARGO;Não
MG;Rubim;CONECTA CARGO;Não
MG;Itatiaiuçu;CONECTA CARGO;Não
MG;Itaú de Minas;CONECTA CARGO;Não
MG;Itaúna;CONECTA CARGO;Não
MG;Santa Maria de Itabira;CONECTA CARGO;Não
MG;Itaverava;CONECTA CARGO;Não
MG;Wenceslau Braz;CONECTA CARGO;Não
MG;Itinga;CONECTA CARGO;Não
MG;Itueta;CONECTA CARGO;Não
MG;Ituiutaba;AGMX OPORTUNIDA;Sim
MG;Itumirim;CONECTA CARGO;Não
MG;Itutinga;CONECTA CARGO;Não
MG;Resende Costa;CONECTA CARGO;Não
MG;Jacuí;CONECTA CARGO;Não
MG;Jacutinga;MOVEIS CAMILO L;Sim
MG;Jaguaraçu;CONECTA CARGO;Não
MG;Malacacheta;CONECTA CARGO;Não
MG;Jaíba;CONECTA CARGO;Não
MG;Jampruca;CONECTA CARGO;Não
MG;Japaraíba;CONECTA CARGO;Não
MG;Japonvar;CONECTA CARGO;Não
MG;Prata;AGMX OPORTUNIDA;Sim
MG;Jenipapo de Minas;CONECTA CARGO;Não
MG;Jequitaí;CONECTA CARGO;Não
MG;Jesuânia;CONECTA CARGO;Não
MG;Joaíma;CONECTA CARGO;Não
MG;Joanésia;CONECTA CARGO;Não
MG;João Monlevade;CONECTA CARGO;Não
MG;Joaquim Felício;CONECTA CARGO;Não
MG;José Gonçalves de Minas;CONECTA CARGO;Não
MG;José Raydan;CONECTA CARGO;Não
MG;Santana dos Montes;CONECTA CARGO;Não
MG;Josenópolis;CONECTA CARGO;Não
MG;Juatuba;OUTELETRO BH;Sim
MG;Juramento;CONECTA CARGO;Não
MG;Monte Belo;CONECTA CARGO;Não
MG;Juruaia;CONECTA CARGO;Não
MG;Rio Casca;CONECTA CARGO;Não
MG;Juvenília;CONECTA CARGO;Não
MG;Lagamar;CONECTA CARGO;Não
MG;Lagoa da Prata;CONECTA CARGO;Não
MG;Lagoa dos Patos;CONECTA CARGO;Não
MG;Lagoa Dourada;CONECTA CARGO;Não
MG;Lagoa Formosa;AGMX OPORTUNIDA;Sim
MG;Lagoa Grande;CONECTA CARGO;Não
MG;Lagoa Santa;OUTELETRO BH;Sim
MG;Lajinha;CONECTA CARGO;Não
MG;Lambari;CONECTA CARGO;Não
MG;Lamim;CONECTA CARGO;Não
MG;Laranjal;CONECTA CARGO;Não
MG;Lassance;CONECTA CARGO;Não
MG;Lavras;CONECTA CARGO;Não
MG;Leandro Ferreira;CONECTA CARGO;Não
MG;Leme do Prado;CONECTA CARGO;Não
MG;Liberdade;CONECTA CARGO;Não
MG;Limeira do Oeste;CONECTA CARGO;Não
MG;Lontra;CONECTA CARGO;Não
MG;Novo Cruzeiro;CONECTA CARGO;Não
MG;Luisburgo;CONECTA CARGO;Não
MG;Luislândia;CONECTA CARGO;Não
MG;Luminárias;CONECTA CARGO;Não
MG;Machacalis;CONECTA CARGO;Não
MG;Madre de Deus de Minas;CONECTA CARGO;Não
MG;São Sebastião do Maranhão;CONECTA CARGO;Não
MG;Mamonas;CONECTA CARGO;Não
MG;Manga;CONECTA CARGO;Não
MG;Manhuaçu;CONECTA CARGO;Não
MG;Manhumirim;CONECTA CARGO;Não
MG;Maravilhas;CONECTA CARGO;Não
MG;Maria da Fé;CONECTA CARGO;Não
MG;Marilac;CONECTA CARGO;Não
MG;Mário Campos;OUTELETRO BH;Sim
MG;Maripá de Minas;CONECTA CARGO;Não
MG;Marliéria;CONECTA CARGO;Não
MG;Marmelópolis;CONECTA CARGO;Não
MG;Martins Soares;CONECTA CARGO;Não
MG;Mata Verde;CONECTA CARGO;Não
MG;Materlândia;CONECTA CARGO;Não
MG;Mathias Lobato;CONECTA CARGO;Não
MG;Matias Barbosa;CONECTA CARGO;Não
MG;Matias Cardoso;CONECTA CARGO;Não
MG;Matipó;CONECTA CARGO;Não
MG;Mato Verde;CONECTA CARGO;Não
MG;Matozinhos;OUTELETRO BH;Sim
MG;Matutina;CONECTA CARGO;Não
MG;Medeiros;CONECTA CARGO;Não
MG;Medina;CONECTA CARGO;Não
MG;Mendes Pimentel;CONECTA CARGO;Não
MG;Veredinha;CONECTA CARGO;Não
MG;Mercês;CONECTA CARGO;Não
MG;São Tiago;CONECTA CARGO;Não
MG;Mesquita;CONECTA CARGO;Não
MG;Sabará;OUTELETRO BH;Sim
MG;Monte Santo de Minas;CONECTA CARGO;Não
MG;Minas Novas;CONECTA CARGO;Não
MG;Minduri;CONECTA CARGO;Não
MG;Mirabela;CONECTA CARGO;Não
MG;Miradouro;CONECTA CARGO;Não
MG;Miravânia;CONECTA CARGO;Não
MG;Moema;CONECTA CARGO;Não
MG;Monjolos;CONECTA CARGO;Não
MG;Monsenhor Paulo;CONECTA CARGO;Não
MG;Monte Alegre de Minas;CONECTA CARGO;Não
MG;Monte Azul;CONECTA CARGO;Não
MG;Monte Carmelo;AGMX OPORTUNIDA;Sim
MG;São Geraldo;CONECTA CARGO;Não
MG;Monte Formoso;CONECTA CARGO;Não
MG;Monte Sião;CONECTA CARGO;Não
MG;Montezuma;CONECTA CARGO;Não
MG;São Francisco;CONECTA CARGO;Não
MG;Morro da Garça;CONECTA CARGO;Não
MG;Oliveira;CONECTA CARGO;Não
MG;Morro do Pilar;CONECTA CARGO;Não
MG;Munhoz;CONECTA CARGO;Não
MG;Muzambinho;MOVEIS CAMILO L;Sim
MG;Nacip Raydan;CONECTA CARGO;Não
MG;Nanuque;CONECTA CARGO;Não
MG;Naque;CONECTA CARGO;Não
MG;Natalândia;CONECTA CARGO;Não
MG;Natércia;CONECTA CARGO;Não
MG;Nepomuceno;CONECTA CARGO;Não
MG;Nazareno;CONECTA CARGO;Não
MG;São João Evangelista;CONECTA CARGO;Não
MG;Ninheira;CONECTA CARGO;Não
MG;Nova Belém;CONECTA CARGO;Não
MG;Nova Era;CONECTA CARGO;Não
MG;Nova Lima;OUTELETRO BH;Sim
MG;Nova Módica;CONECTA CARGO;Não
MG;Nova Ponte;AGMX OPORTUNIDA;Sim
MG;Nova Porteirinha;CONECTA CARGO;Não
MG;Nova Resende;CONECTA CARGO;Não
MG;Nova União;CONECTA CARGO;Não
MG;Novo Oriente de Minas;CONECTA CARGO;Não
MG;Novorizonte;CONECTA CARGO;Não
MG;Olaria;CONECTA CARGO;Não
MG;Piranguinho;CONECTA CARGO;Não
MG;Olhos D'Água;CONECTA CARGO;Não
MG;Olímpio Noronha;CONECTA CARGO;Não
MG;Oliveira Fortes;CONECTA CARGO;Não
MG;Onça de Pitangui;CONECTA CARGO;Não
MG;Oratórios;CONECTA CARGO;Não
MG;Orizânia;CONECTA CARGO;Não
MG;Ouro Branco;CONECTA CARGO;Não
MG;Ouro Verde de Minas;CONECTA CARGO;Não
MG;Padre Carvalho;CONECTA CARGO;Não
MG;Padre Paraíso;CONECTA CARGO;Não
MG;Pai Pedro;CONECTA CARGO;Não
MG;Paineiras;CONECTA CARGO;Não
MG;Pains;CONECTA CARGO;Não
MG;Poço Fundo;MOVEIS CAMILO L;Sim
MG;Paiva;CONECTA CARGO;Não
MG;Senhora dos Remédios;CONECTA CARGO;Não
MG;Papagaios;CONECTA CARGO;Não
MG;Paracatu;CONECTA CARGO;Não
MG;Santa Rita de Ibitipoca;CONECTA CARGO;Não
MG;Paraopeba;CONECTA CARGO;Não
MG;Passa Quatro;CONECTA CARGO;Não
MG;Passa Tempo;CONECTA CARGO;Não
MG;Passa Vinte;CONECTA CARGO;Não
MG;Passabém;CONECTA CARGO;Não
MG;Passos;CONECTA CARGO;Não
MG;Patis;CONECTA CARGO;Não
MG;Patrocínio;AGMX OPORTUNIDA;Sim
MG;Patrocínio do Muriaé;CONECTA CARGO;Não
MG;Paula Cândido;CONECTA CARGO;Não
MG;Paulistas;CONECTA CARGO;Não
MG;Pavão;CONECTA CARGO;Não
MG;Peçanha;CONECTA CARGO;Não
MG;Pedra Azul;CONECTA CARGO;Não
MG;Pedra Bonita;CONECTA CARGO;Não
MG;Periquito;CONECTA CARGO;Não
MG;Pedra do Anta;CONECTA CARGO;Não
MG;Pedra do Indaiá;CONECTA CARGO;Não
MG;Pedra Dourada;CONECTA CARGO;Não
MG;Rio Vermelho;CONECTA CARGO;Não
MG;Pedralva;CONECTA CARGO;Não
MG;Pedras de Maria da Cruz;CONECTA CARGO;Não
MG;Pedrinópolis;AGMX OPORTUNIDA;Sim
MG;Pedro Leopoldo;OUTELETRO BH;Sim
MG;Pedro Teixeira;CONECTA CARGO;Não
MG;Pequeri;CONECTA CARGO;Não
MG;Pequi;CONECTA CARGO;Não
MG;Perdigão;CONECTA CARGO;Não
MG;Perdizes;CONECTA CARGO;Não
MG;Perdões;CONECTA CARGO;Não
MG;Pescador;CONECTA CARGO;Não
MG;Santa Rita de Caldas;MOVEIS CAMILO L;Sim
MG;Piau;CONECTA CARGO;Não
MG;Piedade de Caratinga;CONECTA CARGO;Não
MG;Piedade de Ponte Nova;CONECTA CARGO;Não
MG;Piedade do Rio Grande;CONECTA CARGO;Não
MG;Piedade dos Gerais;CONECTA CARGO;Não
MG;Pimenta;CONECTA CARGO;Não
MG;Pingo-D'Água;CONECTA CARGO;Não
MG;Piranga;CONECTA CARGO;Não
MG;Pintópolis;CONECTA CARGO;Não
MG;Piracema;CONECTA CARGO;Não
MG;Pirajuba;CONECTA CARGO;Não
MG;Piranguçu;CONECTA CARGO;Não
MG;Rio Espera;CONECTA CARGO;Não
MG;Pirapora;CONECTA CARGO;Não
MG;Piraúba;CONECTA CARGO;Não
MG;Pitangui;CONECTA CARGO;Não
MG;Piumhi;CONECTA CARGO;Não
MG;Planura;CONECTA CARGO;Não
MG;Sobrália;CONECTA CARGO;Não
MG;Poços de Caldas;MOVEIS CAMILO L;Sim
MG;Pompéu;CONECTA CARGO;Não
MG;Três Pontas;CONECTA CARGO;Não
MG;Ponte Nova;CONECTA CARGO;Não
MG;Senador Amaral;CONECTA CARGO;Não
MG;Ponto Chique;CONECTA CARGO;Não
MG;Ponto dos Volantes;CONECTA CARGO;Não
MG;Porto Firme;CONECTA CARGO;Não
MG;Poté;CONECTA CARGO;Não
MG;Pouso Alegre;MOVEIS CAMILO L;Sim
MG;Pouso Alto;CONECTA CARGO;Não
MG;Prados;CONECTA CARGO;Não
MG;Pratápolis;CONECTA CARGO;Não
MG;Pratinha;CONECTA CARGO;Não
MG;Presidente Bernardes;CONECTA CARGO;Não
MG;Presidente Juscelino;CONECTA CARGO;Não
MG;Presidente Kubitschek;CONECTA CARGO;Não
MG;Prudente de Morais;CONECTA CARGO;Não
MG;Quartel Geral;CONECTA CARGO;Não
MG;Queluzito;CONECTA CARGO;Não
MG;Raposos;OUTELETRO BH;Sim
MG;Reduto;CONECTA CARGO;Não
MG;Ressaquinha;CONECTA CARGO;Não
MG;Riachinho;CONECTA CARGO;Não
MG;Riacho dos Machados;CONECTA CARGO;Não
MG;Ribeirão das Neves;OUTELETRO BH;Sim
MG;Santa Margarida;CONECTA CARGO;Não
MG;Ribeirão Vermelho;CONECTA CARGO;Não
MG;Rio Acima;CONECTA CARGO;Não
MG;Rio do Prado;CONECTA CARGO;Não
MG;Rio Doce;CONECTA CARGO;Não
MG;Rio Novo;CONECTA CARGO;Não
MG;Rio Pardo de Minas;CONECTA CARGO;Não
MG;Rio Pomba;CONECTA CARGO;Não
MG;Rio Preto;CONECTA CARGO;Não
MG;Ritápolis;CONECTA CARGO;Não
MG;Rochedo de Minas;CONECTA CARGO;Não
MG;Rodeiro;CONECTA CARGO;Não
MG;Romaria;CONECTA CARGO;Não
MG;Rosário da Limeira;CONECTA CARGO;Não
MG;Rubelita;CONECTA CARGO;Não
MG;Salto da Divisa;CONECTA CARGO;Não
MG;Três Corações;CONECTA CARGO;Não
MG;Santa Bárbara do Leste;CONECTA CARGO;Não
MG;Santa Bárbara do Monte Verde;CONECTA CARGO;Não
MG;Santa Cruz de Minas;CONECTA CARGO;Não
MG;Santa Cruz de Salinas;CONECTA CARGO;Não
MG;Santa Cruz do Escalvado;CONECTA CARGO;Não
MG;São João do Pacuí;CONECTA CARGO;Não
MG;Santa Efigênia de Minas;CONECTA CARGO;Não
MG;Santa Fé de Minas;CONECTA CARGO;Não
MG;Santana do Manhuaçu;CONECTA CARGO;Não
MG;Santa Helena de Minas;CONECTA CARGO;Não
MG;Santa Juliana;AGMX OPORTUNIDA;Sim
MG;Santa Luzia;OUTELETRO BH;Sim
MG;Santa Maria do Salto;CONECTA CARGO;Não
MG;Santa Rita de Minas;CONECTA CARGO;Não
MG;Santa Rita do Itueto;CONECTA CARGO;Não
MG;Santa Rita do Sapucaí;CONECTA CARGO;Não
MG;Santa Rosa da Serra;CONECTA CARGO;Não
MG;Santana da Vargem;CONECTA CARGO;Não
MG;Santana de Cataguases;CONECTA CARGO;Não
MG;Santana do Deserto;CONECTA CARGO;Não
MG;Santana do Garambéu;CONECTA CARGO;Não
MG;Santana do Jacaré;CONECTA CARGO;Não
MG;Santana do Paraíso;CONECTA CARGO;Não
MG;Santo Antônio do Amparo;CONECTA CARGO;Não
MG;Santo Antônio do Aventureiro;CONECTA CARGO;Não
MG;Vieiras;CONECTA CARGO;Não
MG;Santo Antônio do Grama;CONECTA CARGO;Não
MG;Santo Antônio do Itambé;CONECTA CARGO;Não
MG;Santo Antônio do Monte;CONECTA CARGO;Não
MG;Santo Antônio do Retiro;CONECTA CARGO;Não
MG;Santo Antônio do Rio Abaixo;CONECTA CARGO;Não
MG;Santo Hipólito;CONECTA CARGO;Não
MG;São Bento Abade;CONECTA CARGO;Não
MG;São Brás do Suaçuí;CONECTA CARGO;Não
MG;São Domingos das Dores;CONECTA CARGO;Não
MG;São Félix de Minas;CONECTA CARGO;Não
MG;São Francisco de Paula;CONECTA CARGO;Não
MG;São Francisco de Sales;AGMX OPORTUNIDA;Sim
MG;São Francisco do Glória;CONECTA CARGO;Não
MG;São Geraldo da Piedade;CONECTA CARGO;Não
MG;Tumiritinga;CONECTA CARGO;Não
MG;São Geraldo do Baixio;CONECTA CARGO;Não
MG;São Gonçalo do Pará;CONECTA CARGO;Não
MG;São Gonçalo do Rio Abaixo;CONECTA CARGO;Não
MG;São Gonçalo do Rio Preto;CONECTA CARGO;Não
MG;São João Batista do Glória;CONECTA CARGO;Não
MG;São João da Lagoa;CONECTA CARGO;Não
MG;São João da Mata;CONECTA CARGO;Não
MG;São João das Missões;CONECTA CARGO;Não
MG;São João do Manhuaçu;CONECTA CARGO;Não
MG;São João do Manteninha;CONECTA CARGO;Não
MG;São João do Oriente;CONECTA CARGO;Não
MG;São João do Paraíso;CONECTA CARGO;Não
MG;São Joaquim de Bicas;OUTELETRO BH;Sim
MG;São José da Barra;CONECTA CARGO;Não
MG;São José da Lapa;OUTELETRO BH;Sim
MG;São José da Safira;CONECTA CARGO;Não
MG;São José da Varginha;CONECTA CARGO;Não
MG;São José do Alegre;CONECTA CARGO;Não
MG;São Roque de Minas;CONECTA CARGO;Não
MG;Ubaporanga;CONECTA CARGO;Não
MG;São José do Divino;CONECTA CARGO;Não
MG;São José do Goiabal;CONECTA CARGO;Não
MG;São José do Jacuri;CONECTA CARGO;Não
MG;São José do Mantimento;CONECTA CARGO;Não
MG;São Lourenço;CONECTA CARGO;Não
MG;São Miguel do Anta;CONECTA CARGO;Não
MG;São Pedro da União;CONECTA CARGO;Não
MG;São Pedro do Suaçuí;CONECTA CARGO;Não
MG;São Romão;CONECTA CARGO;Não
MG;São Sebastião da Bela Vista;CONECTA CARGO;Não
MG;São Sebastião da Vargem Alegre;CONECTA CARGO;Não
MG;São Sebastião do Anta;CONECTA CARGO;Não
MG;São Sebastião do Oeste;CONECTA CARGO;Não
MG;São Sebastião do Paraíso;CONECTA CARGO;Não
MG;São Sebastião do Rio Preto;CONECTA CARGO;Não
MG;São Sebastião do Rio Verde;CONECTA CARGO;Não
MG;São Tomás de Aquino;CONECTA CARGO;Não
MG;São Thomé das Letras;CONECTA CARGO;Não
MG;São Vicente de Minas;CONECTA CARGO;Não
MG;Tarumirim;CONECTA CARGO;Não
MG;Sapucaí-Mirim;CONECTA CARGO;Não
MG;Sardoá;CONECTA CARGO;Não
MG;Sarzedo;OUTELETRO BH;Sim
MG;Sem-Peixe;CONECTA CARGO;Não
MG;Senador Cortes;CONECTA CARGO;Não
MG;Senador Firmino;CONECTA CARGO;Não
MG;Senador José Bento;CONECTA CARGO;Não
MG;Senador Modestino Gonçalves;CONECTA CARGO;Não
MG;Senhora de Oliveira;CONECTA CARGO;Não
MG;Senhora do Porto;CONECTA CARGO;Não
MG;Sericita;CONECTA CARGO;Não
MG;Seritinga;CONECTA CARGO;Não
MG;Serra Azul de Minas;CONECTA CARGO;Não
MG;Serra da Saudade;CONECTA CARGO;Não
MG;Serra dos Aimorés;CONECTA CARGO;Não
MG;Serrania;CONECTA CARGO;Não
MG;Serranópolis de Minas;CONECTA CARGO;Não
MG;Serranos;CONECTA CARGO;Não
MG;Sete Lagoas;OUTELETRO BH;Sim
MG;Setubinha;CONECTA CARGO;Não
MG;Silveirânia;CONECTA CARGO;Não
MG;Silvianópolis;CONECTA CARGO;Não
MG;Simão Pereira;CONECTA CARGO;Não
MG;Soledade de Minas;CONECTA CARGO;Não
MG;Tabuleiro;CONECTA CARGO;Não
MG;Taiobeiras;CONECTA CARGO;Não
MG;Taparuba;CONECTA CARGO;Não
MG;Tapira;CONECTA CARGO;Não
MG;Taquaraçu de Minas;CONECTA CARGO;Não
MG;Teixeiras;CONECTA CARGO;Não
MG;Timóteo;CONECTA CARGO;Não
MG;Tiradentes;CONECTA CARGO;Não
MG;Tocantins;CONECTA CARGO;Não
MG;Tocos do Moji;CONECTA CARGO;Não
MG;Toledo;CONECTA CARGO;Não
MG;Volta Grande;CONECTA CARGO;Não
MG;Tupaciguara;AGMX OPORTUNIDA;Sim
MG;Turvolândia;CONECTA CARGO;Não
MG;Umburatiba;CONECTA CARGO;Não
MG;União de Minas;CONECTA CARGO;Não
MG;Uruana de Minas;CONECTA CARGO;Não
MG;Urucuia;CONECTA CARGO;Não
MG;Vargem Alegre;CONECTA CARGO;Não
MG;Vargem Bonita;CONECTA CARGO;Não
MG;Vargem Grande do Rio Pardo;CONECTA CARGO;Não
MG;Varginha;MOVEIS CAMILO L;Sim
MG;Varjão de Minas;CONECTA CARGO;Não
MG;Verdelândia;CONECTA CARGO;Não
MG;Veríssimo;CONECTA CARGO;Não
MG;Vermelho Novo;CONECTA CARGO;Não
MG;Vespasiano;OUTELETRO BH;Sim
MG;Virgem da Lapa;CONECTA CARGO;Não
MG;Virgínia;CONECTA CARGO;Não
MG;Virginópolis;CONECTA CARGO;Não
MG;Visconde do Rio Branco;CONECTA CARGO;Não
PA;Abaetetuba;FAVORITA;Não
PA;Abel Figueiredo;FAVORITA;Não
PA;Acará;FAVORITA;Não
PA;Afuá;FAVORITA;Não
PA;Santarém;MG - DOMINALOG;Não
PA;Água Azul do Norte;FAVORITA;Não
PA;Xinguara;FAVORITA;Não
PA;Alenquer;FAVORITA;Não
PA;Maracanã;FAVORITA;Não
PA;Almeirim;FAVORITA;Não
PA;Bragança;FAVORITA;Não
PA;Altamira;FAVORITA;Não
PA;Itaituba;FAVORITA;Não
PA;Santa Izabel do Pará;FAVORITA;Não
PA;Anajás;FAVORITA;Não
PA;Ananindeua;FAVORITA;Não
PA;Anapu;FAVORITA;Não
PA;Breves;FAVORITA;Não
PA;Castanhal;FAVORITA;Não
PA;São João do Araguaia;FAVORITA;Não
PA;Curuçá;FAVORITA;Não
PA;Paragominas;FAVORITA;Não
PA;Melgaço;FAVORITA;Não
PA;Augusto Corrêa;FAVORITA;Não
PA;Aurora do Pará;FAVORITA;Não
PA;Aveiro;FAVORITA;Não
PA;Bagre;FAVORITA;Não
PA;Baião;FAVORITA;Não
PA;Bannach;FAVORITA;Não
PA;Barcarena;FAVORITA;Não
PA;Santa Maria das Barreiras;FAVORITA;Não
PA;Santana do Araguaia;FAVORITA;Não
PA;Belém;FAVORITA;Não
PA;Belterra;FAVORITA;Não
PA;Benevides;FAVORITA;Não
PA;Redenção;FAVORITA;Não
PA;Bom Jesus do Tocantins;FAVORITA;Não
PA;Bonito;FAVORITA;Não
PA;Brasil Novo;FAVORITA;Não
PA;Marabá;FAVORITA;Não
PA;Brejo Grande do Araguaia;FAVORITA;Não
PA;Breu Branco;FAVORITA;Não
PA;Bujaru;FAVORITA;Não
PA;Cachoeira do Piriá;FAVORITA;Não
PA;Cachoeira do Arari;FAVORITA;Não
PA;Magalhães Barata;FAVORITA;Não
PA;Moju;FAVORITA;Não
PA;São Miguel do Guamá;FAVORITA;Não
PA;Cametá;FAVORITA;Não
PA;Viseu;FAVORITA;Não
PA;Canaã dos Carajás;FAVORITA;Não
PA;Capanema;FAVORITA;Não
PA;Capitão Poço;FAVORITA;Não
PA;Parauapebas;FAVORITA;Não
PA;Igarapé-Açu;FAVORITA;Não
PA;Gurupá;FAVORITA;Não
PA;Chaves;FAVORITA;Não
PA;Colares;FAVORITA;Não
PA;Conceição do Araguaia;FAVORITA;Não
PA;Concórdia do Pará;FAVORITA;Não
PA;Salvaterra;FAVORITA;Não
PA;Cumaru do Norte;FAVORITA;Não
PA;Curionópolis;FAVORITA;Não
PA;Curralinho;FAVORITA;Não
PA;Curuá;FAVORITA;Não
PA;Dom Eliseu;FAVORITA;Não
PA;Eldorado do Carajás;FAVORITA;Não
PA;Santo Antônio do Tauá;FAVORITA;Não
PA;Faro;FAVORITA;Não
PA;Óbidos;FAVORITA;Não
PA;Floresta do Araguaia;FAVORITA;Não
PA;Garrafão do Norte;FAVORITA;Não
PA;Goianésia do Pará;FAVORITA;Não
PA;Ourilândia do Norte;FAVORITA;Não
PA;Tucuruí;FAVORITA;Não
PA;Igarapé-Miri;FAVORITA;Não
PA;Inhangapi;FAVORITA;Não
PA;Ipixuna do Pará;FAVORITA;Não
PA;Irituia;FAVORITA;Não
PA;Itupiranga;FAVORITA;Não
PA;Jacareacanga;FAVORITA;Não
PA;Jacundá;FAVORITA;Não
PA;São Francisco do Pará;FAVORITA;Não
PA;Primavera;FAVORITA;Não
PA;Juruti;FAVORITA;Não
PA;Limoeiro do Ajuru;FAVORITA;Não
PA;Mãe do Rio;FAVORITA;Não
PA;Mocajuba;FAVORITA;Não
PA;Marapanim;FAVORITA;Não
PA;Marituba;FAVORITA;Não
PA;Medicilândia;FAVORITA;Não
PA;Monte Alegre;FAVORITA;Não
PA;Muaná;FAVORITA;Não
PA;Mojuí dos Campos;FAVORITA;Não
PA;Ponta de Pedras;FAVORITA;Não
PA;Nova Esperança do Piriá;FAVORITA;Não
PA;Nova Ipixuna;FAVORITA;Não
PA;Nova Timboteua;FAVORITA;Não
PA;Novo Progresso;FAVORITA;Não
PA;Novo Repartimento;FAVORITA;Não
PA;Oeiras do Pará;FAVORITA;Não
PA;Oriximiná;FAVORITA;Não
PA;Ourém;FAVORITA;Não
PA;Pacajá;FAVORITA;Não
PA;Prainha;FAVORITA;Não
PA;Palestina do Pará;FAVORITA;Não
PA;Pau D'Arco;FAVORITA;Não
PA;Peixe-Boi;FAVORITA;Não
PA;Vigia;FAVORITA;Não
PA;São Caetano de Odivelas;FAVORITA;Não
PA;Soure;FAVORITA;Não
PA;Piçarra;FAVORITA;Não
PA;Placas;FAVORITA;Não
PA;Portel;FAVORITA;Não
PA;Porto de Moz;FAVORITA;Não
PA;Quatipuru;FAVORITA;Não
PA;Tomé-Açu;FAVORITA;Não
PA;Rio Maria;FAVORITA;Não
PA;Rondon do Pará;FAVORITA;Não
PA;Rurópolis;FAVORITA;Não
PA;Salinópolis;FAVORITA;Não
PA;Santa Bárbara do Pará;FAVORITA;Não
PA;Santa Cruz do Arari;FAVORITA;Não
PA;Santa Luzia do Pará;FAVORITA;Não
PA;Santa Maria do Pará;FAVORITA;Não
PA;Santarém Novo;FAVORITA;Não
PA;São Domingos do Araguaia;FAVORITA;Não
PA;São Domingos do Capim;FAVORITA;Não
PA;São Félix do Xingu;FAVORITA;Não
PA;São Geraldo do Araguaia;FAVORITA;Não
PA;São João da Ponta;FAVORITA;Não
PA;São João de Pirabas;FAVORITA;Não
PA;São Sebastião da Boa Vista;FAVORITA;Não
PA;Sapucaia;FAVORITA;Não
PA;Senador José Porfírio;FAVORITA;Não
PA;Tailândia;FAVORITA;Não
PA;Terra Alta;FAVORITA;Não
PA;Terra Santa;FAVORITA;Não
PA;Tracuateua;FAVORITA;Não
PA;Trairão;FAVORITA;Não
PA;Tucumã;FAVORITA;Não
PA;Ulianópolis;FAVORITA;Não
PA;Uruará;FAVORITA;Não
PA;Vitória do Xingu;FAVORITA;Não
PB;Água Branca;MG - DOMINALOG;Não
PB;Aguiar;MG - DOMINALOG;Não
PB;Alagoa Grande;MG - DOMINALOG;Não
PB;Alagoa Nova;MG - DOMINALOG;Não
PB;Alagoinha;MG - DOMINALOG;Não
PB;Alcantil;MG - DOMINALOG;Não
PB;Algodão de Jandaíra;MG - DOMINALOG;Não
PB;Alhandra;MG - DOMINALOG;Não
PB;Amparo;MG - DOMINALOG;Não
PB;Aparecida;MG - DOMINALOG;Não
PB;Araçagi;MG - DOMINALOG;Não
PB;Arara;MG - DOMINALOG;Não
PB;Araruna;MG - DOMINALOG;Não
PB;Areia;MG - DOMINALOG;Não
PB;Areia de Baraúnas;MG - DOMINALOG;Não
PB;Areial;MG - DOMINALOG;Não
PB;Uiraúna;MG - DOMINALOG;Não
PB;Aroeiras;MG - DOMINALOG;Não
PB;Riachão do Bacamarte;MG - DOMINALOG;Não
PB;Assunção;MG - DOMINALOG;Não
PB;Baía da Traição;MG - DOMINALOG;Não
PB;Cachoeira dos Índios;MG - DOMINALOG;Não
PB;Bananeiras;MG - DOMINALOG;Não
PB;Baraúna;MG - DOMINALOG;Não
PB;Barra de Santa Rosa;MG - DOMINALOG;Não
PB;Barra de Santana;MG - DOMINALOG;Não
PB;Barra de São Miguel;MG - DOMINALOG;Não
PB;Mataraca;MG - DOMINALOG;Não
PB;Bayeux;MG - DOMINALOG;Não
PB;Belém;MG - DOMINALOG;Não
PB;Belém do Brejo do Cruz;MG - DOMINALOG;Não
PB;Bernardino Batista;MG - DOMINALOG;Não
PB;Boa Ventura;MG - DOMINALOG;Não
PB;Boa Vista;MG - DOMINALOG;Não
PB;Bom Jesus;MG - DOMINALOG;Não
PB;Bom Sucesso;MG - DOMINALOG;Não
PB;Soledade;MG - DOMINALOG;Não
PB;Bonito de Santa Fé;MG - DOMINALOG;Não
PB;Boqueirão;MG - DOMINALOG;Não
PB;Borborema;MG - DOMINALOG;Não
PB;Brejo do Cruz;MG - DOMINALOG;Não
PB;Brejo dos Santos;MG - DOMINALOG;Não
PB;Caaporã;MG - DOMINALOG;Não
PB;Cabaceiras;MG - DOMINALOG;Não
PB;Cabedelo;QUERIDA MOVEIS;Sim
PB;Guarabira;MG - DOMINALOG;Não
PB;Ibiara;MG - DOMINALOG;Não
PB;Cacimba de Areia;MG - DOMINALOG;Não
PB;Cacimba de Dentro;MG - DOMINALOG;Não
PB;Cacimbas;MG - DOMINALOG;Não
PB;Caiçara;MG - DOMINALOG;Não
PB;Cajazeiras;MG - DOMINALOG;Não
PB;Cajazeirinhas;MG - DOMINALOG;Não
PB;Caldas Brandão;MG - DOMINALOG;Não
PB;Camalaú;MG - DOMINALOG;Não
PB;Campina Grande;MG - DOMINALOG;Não
PB;Sousa;MG - DOMINALOG;Não
PB;Itabaiana;MG - DOMINALOG;Não
PB;Rio Tinto;MG - DOMINALOG;Não
PB;Capim;MG - DOMINALOG;Não
PB;Caraúbas;MG - DOMINALOG;Não
PB;Conceição;MG - DOMINALOG;Não
PB;Carrapateira;MG - DOMINALOG;Não
PB;Santa Cruz;MG - DOMINALOG;Não
PB;Casserengue;MG - DOMINALOG;Não
PB;Catingueira;MG - DOMINALOG;Não
PB;Catolé do Rocha;MG - DOMINALOG;Não
PB;Caturité;MG - DOMINALOG;Não
PB;Condado;MG - DOMINALOG;Não
PB;Conde;MG - DOMINALOG;Não
PB;Congo;MG - DOMINALOG;Não
PB;Coremas;MG - DOMINALOG;Não
PB;Coxixola;MG - DOMINALOG;Não
PB;Cruz do Espírito Santo;MG - DOMINALOG;Não
PB;Cubati;MG - DOMINALOG;Não
PB;Cuité;MG - DOMINALOG;Não
PB;Cuité de Mamanguape;MG - DOMINALOG;Não
PB;Cuitegi;MG - DOMINALOG;Não
PB;Curral de Cima;MG - DOMINALOG;Não
PB;Curral Velho;MG - DOMINALOG;Não
PB;Damião;MG - DOMINALOG;Não
PB;Desterro;MG - DOMINALOG;Não
PB;Diamante;MG - DOMINALOG;Não
PB;Dona Inês;MG - DOMINALOG;Não
PB;Duas Estradas;MG - DOMINALOG;Não
PB;Emas;MG - DOMINALOG;Não
PB;Esperança;MG - DOMINALOG;Não
PB;Fagundes;MG - DOMINALOG;Não
PB;Santa Rita;MG - DOMINALOG;Não
PB;Frei Martinho;MG - DOMINALOG;Não
PB;Gado Bravo;MG - DOMINALOG;Não
PB;Gurinhém;MG - DOMINALOG;Não
PB;Gurjão;MG - DOMINALOG;Não
PB;Igaracy;MG - DOMINALOG;Não
PB;Imaculada;MG - DOMINALOG;Não
PB;Ingá;MG - DOMINALOG;Não
PB;Itaporanga;MG - DOMINALOG;Não
PB;Itapororoca;MG - DOMINALOG;Não
PB;Itatuba;MG - DOMINALOG;Não
PB;Jacaraú;MG - DOMINALOG;Não
PB;Jericó;MG - DOMINALOG;Não
PB;João Pessoa;QUERIDA MOVEIS;Sim
PB;Juarez Távora;MG - DOMINALOG;Não
PB;Juazeirinho;MG - DOMINALOG;Não
PB;Junco do Seridó;MG - DOMINALOG;Não
PB;Juripiranga;MG - DOMINALOG;Não
PB;Juru;MG - DOMINALOG;Não
PB;Lagoa;MG - DOMINALOG;Não
PB;Lagoa de Dentro;MG - DOMINALOG;Não
PB;Lagoa Seca;MG - DOMINALOG;Não
PB;Lastro;MG - DOMINALOG;Não
PB;Livramento;MG - DOMINALOG;Não
PB;Logradouro;MG - DOMINALOG;Não
PB;Lucena;MG - DOMINALOG;Não
PB;Mãe D'Água;MG - DOMINALOG;Não
PB;Malta;MG - DOMINALOG;Não
PB;Mamanguape;MG - DOMINALOG;Não
PB;Manaíra;MG - DOMINALOG;Não
PB;Marcação;MG - DOMINALOG;Não
PB;Mari;MG - DOMINALOG;Não
PB;Marizópolis;MG - DOMINALOG;Não
PB;Massaranduba;MG - DOMINALOG;Não
PB;Umbuzeiro;MG - DOMINALOG;Não
PB;Matinhas;MG - DOMINALOG;Não
PB;Mato Grosso;MG - DOMINALOG;Não
PB;Maturéia;MG - DOMINALOG;Não
PB;Mogeiro;MG - DOMINALOG;Não
PB;Montadas;MG - DOMINALOG;Não
PB;Monte Horebe;MG - DOMINALOG;Não
PB;Monteiro;MG - DOMINALOG;Não
PB;Mulungu;MG - DOMINALOG;Não
PB;Natuba;MG - DOMINALOG;Não
PB;Pocinhos;MG - DOMINALOG;Não
PB;Nazarezinho;MG - DOMINALOG;Não
PB;Nova Floresta;MG - DOMINALOG;Não
PB;Nova Olinda;MG - DOMINALOG;Não
PB;Nova Palmeira;MG - DOMINALOG;Não
PB;Olho D'Água;MG - DOMINALOG;Não
PB;Olivedos;MG - DOMINALOG;Não
PB;Ouro Velho;MG - DOMINALOG;Não
PB;Parari;MG - DOMINALOG;Não
PB;Passagem;MG - DOMINALOG;Não
PB;Patos;MG - DOMINALOG;Não
PB;Paulista;MG - DOMINALOG;Não
PB;Pedra Branca;MG - DOMINALOG;Não
PB;Pedra Lavrada;MG - DOMINALOG;Não
PB;Pedras de Fogo;MG - DOMINALOG;Não
PB;Pedro Régis;MG - DOMINALOG;Não
PB;Piancó;MG - DOMINALOG;Não
PB;Picuí;MG - DOMINALOG;Não
PB;Pilar;MG - DOMINALOG;Não
PB;Pilões;MG - DOMINALOG;Não
PB;Pilõezinhos;MG - DOMINALOG;Não
PB;Sumé;MG - DOMINALOG;Não
PB;Pirpirituba;MG - DOMINALOG;Não
PB;Pitimbu;MG - DOMINALOG;Não
PB;Poço Dantas;MG - DOMINALOG;Não
PB;Poço de José de Moura;MG - DOMINALOG;Não
PB;Pombal;MG - DOMINALOG;Não
PB;Prata;MG - DOMINALOG;Não
PB;Princesa Isabel;MG - DOMINALOG;Não
PB;Puxinanã;MG - DOMINALOG;Não
PB;Queimadas;MG - DOMINALOG;Não
PB;Quixabá;MG - DOMINALOG;Não
PB;Remígio;MG - DOMINALOG;Não
PB;Riachão;MG - DOMINALOG;Não
PB;Riachão do Poço;MG - DOMINALOG;Não
PB;Riacho de Santo Antônio;MG - DOMINALOG;Não
PB;Riacho dos Cavalos;MG - DOMINALOG;Não
PB;Salgadinho;MG - DOMINALOG;Não
PB;Salgado de São Félix;MG - DOMINALOG;Não
PB;Santa Cecília;MG - DOMINALOG;Não
PB;Santa Helena;MG - DOMINALOG;Não
PB;Santa Inês;MG - DOMINALOG;Não
PB;Santa Luzia;MG - DOMINALOG;Não
PB;Serra Branca;MG - DOMINALOG;Não
PB;São João do Tigre;MG - DOMINALOG;Não
PB;Santa Teresinha;MG - DOMINALOG;Não
PB;Santana de Mangueira;MG - DOMINALOG;Não
PB;Santana dos Garrotes;MG - DOMINALOG;Não
PB;Joca Claudino;MG - DOMINALOG;Não
PB;Santo André;MG - DOMINALOG;Não
PB;São Bento;MG - DOMINALOG;Não
PB;São Bentinho;MG - DOMINALOG;Não
PB;São Domingos;MG - DOMINALOG;Não
PB;São Domingos do Cariri;MG - DOMINALOG;Não
PB;São Francisco;MG - DOMINALOG;Não
PB;São João do Cariri;MG - DOMINALOG;Não
PB;São João do Rio do Peixe;MG - DOMINALOG;Não
PB;São José da Lagoa Tapada;MG - DOMINALOG;Não
PB;São José de Caiana;MG - DOMINALOG;Não
PB;São José de Espinharas;MG - DOMINALOG;Não
PB;São José de Piranhas;MG - DOMINALOG;Não
PB;São José de Princesa;MG - DOMINALOG;Não
PB;São José do Bonfim;MG - DOMINALOG;Não
PB;São José do Brejo do Cruz;MG - DOMINALOG;Não
PB;São José do Sabugi;MG - DOMINALOG;Não
PB;São José dos Cordeiros;MG - DOMINALOG;Não
PB;São José dos Ramos;MG - DOMINALOG;Não
PB;São Mamede;MG - DOMINALOG;Não
PB;São Miguel de Taipu;MG - DOMINALOG;Não
PB;São Sebastião de Lagoa de Roça;MG - DOMINALOG;Não
PB;São Sebastião do Umbuzeiro;MG - DOMINALOG;Não
PB;Sapé;MG - DOMINALOG;Não
PB;São Vicente do Seridó;MG - DOMINALOG;Não
PB;Serra da Raiz;MG - DOMINALOG;Não
PB;Serra Grande;MG - DOMINALOG;Não
PB;Serra Redonda;MG - DOMINALOG;Não
PB;Serraria;MG - DOMINALOG;Não
PB;Sertãozinho;CONECTA CARGO;Não
PB;Sobrado;MG - DOMINALOG;Não
PB;Solânea;MG - DOMINALOG;Não
PB;Sossego;MG - DOMINALOG;Não
PB;Tacima;MG - DOMINALOG;Não
PB;Taperoá;MG - DOMINALOG;Não
PB;Tavares;MG - DOMINALOG;Não
PB;Teixeira;MG - DOMINALOG;Não
PB;Tenório;MG - DOMINALOG;Não
PB;Triunfo;MG - DOMINALOG;Não
PB;Várzea;MG - DOMINALOG;Não
PB;Vieirópolis;MG - DOMINALOG;Não
PB;Vista Serrana;MG - DOMINALOG;Não
PB;Zabelê;MG - DOMINALOG;Não
PR;Castro;E S L KOSLYK CO;Sim
PR;Abatiá;MG - DOMINALOG;Não
PR;Telêmaco Borba;E S L KOSLYK CO;Sim
PR;Rio Branco do Sul;MG - DOMINALOG;Não
PR;Terra Rica;E S L KOSLYK CO;Sim
PR;Adrianópolis;MG - DOMINALOG;Não
PR;Lapa;MG - DOMINALOG;Não
PR;Paiçandu;SAFARI MONTAGEM;Sim
PR;Guarapuava;E S L KOSLYK CO;Sim
PR;Agudos do Sul;MG - DOMINALOG;Não
PR;Curiúva;MG - DOMINALOG;Não
PR;Paranaguá;LOGME - TRANSPO;Sim
PR;Almirante Tamandaré;LOGME - TRANSPO;Sim
PR;Altamira do Paraná;MG - DOMINALOG;Não
PR;Maringá;SAFARI MONTAGEM;Sim
PR;Colorado;E S L KOSLYK CO;Sim
PR;Umuarama;E S L KOSLYK CO;Sim
PR;Capitão Leônidas Marques;MG - DOMINALOG;Não
PR;Tibagi;E S L KOSLYK CO;Sim
PR;Cascavel;E S L KOSLYK CO;Sim
PR;Alto Paraná;MG - DOMINALOG;Não
PR;Alto Piquiri;MG - DOMINALOG;Não
PR;Ivaiporã;E S L KOSLYK CO;Sim
PR;Nova Santa Rosa;MG - DOMINALOG;Não
PR;Roncador;MG - DOMINALOG;Não
PR;Altônia;MG - DOMINALOG;Não
PR;Foz do Iguaçu;E S L KOSLYK CO;Sim
PR;Alvorada do Sul;MG - DOMINALOG;Não
PR;Amaporã;MG - DOMINALOG;Não
PR;Ibaiti;E S L KOSLYK CO;Sim
PR;Ampére;MG - DOMINALOG;Não
PR;Anahy;MG - DOMINALOG;Não
PR;Andirá;MG - DOMINALOG;Não
PR;Fernandes Pinheiro;MG - DOMINALOG;Não
PR;Ângulo;MG - DOMINALOG;Não
PR;Laranjeiras do Sul;MG - DOMINALOG;Não
PR;Antonina;LOGME - TRANSPO;Sim
PR;Jataizinho;MG - DOMINALOG;Não
PR;Antônio Olinto;MG - DOMINALOG;Não
PR;Santa Izabel do Oeste;MG - DOMINALOG;Não
PR;Tuneiras do Oeste;MG - DOMINALOG;Não
PR;Imbituva;MG - DOMINALOG;Não
PR;Apucarana;E S L KOSLYK CO;Sim
PR;Marialva;SAFARI MONTAGEM;Sim
PR;Colombo;LOGME - TRANSPO;Sim
PR;Arapongas;SAFARI MONTAGEM;Sim
PR;Arapoti;MG - DOMINALOG;Não
PR;Arapuã;MG - DOMINALOG;Não
PR;Janiópolis;MG - DOMINALOG;Não
PR;Guaraqueçaba;MG - DOMINALOG;Não
PR;Araruna;MG - DOMINALOG;Não
PR;Araucária;LOGME - TRANSPO;Sim
PR;Mandirituba;MG - DOMINALOG;Não
PR;Ariranha do Ivaí;MG - DOMINALOG;Não
PR;Assaí;E S L KOSLYK CO;Sim
PR;Assis Chateaubriand;E S L KOSLYK CO;Sim
PR;Astorga;E S L KOSLYK CO;Sim
PR;Atalaia;MG - DOMINALOG;Não
PR;São Miguel do Iguaçu;E S L KOSLYK CO;Sim
PR;Londrina;SAFARI MONTAGEM;Sim
PR;Balsa Nova;MG - DOMINALOG;Não
PR;Bandeirantes;SAFARI MONTAGEM;Sim
PR;Quarto Centenário;MG - DOMINALOG;Não
PR;Nova Esperança;E S L KOSLYK CO;Sim
PR;Barbosa Ferraz;E S L KOSLYK CO;Sim
PR;Francisco Beltrão;E S L KOSLYK CO;Sim
PR;Mato Rico;MG - DOMINALOG;Não
PR;Barra do Jacaré;E S L KOSLYK CO;Sim
PR;Itapejara D'Oeste;MG - DOMINALOG;Não
PR;Planalto;MG - DOMINALOG;Não
PR;Ponta Grossa;E S L KOSLYK CO;Sim
PR;Manoel Ribas;MG - DOMINALOG;Não
PR;Barracão;MG - DOMINALOG;Não
PR;Ortigueira;E S L KOSLYK CO;Sim
PR;São José dos Pinhais;LOGME - TRANSPO;Sim
PR;Campo Largo;MG - DOMINALOG;Não
PR;Renascença;E S L KOSLYK CO;Sim
PR;Guaraniaçu;MG - DOMINALOG;Não
PR;Bela Vista da Caroba;MG - DOMINALOG;Não
PR;Fênix;E S L KOSLYK CO;Sim
PR;Bela Vista do Paraíso;E S L KOSLYK CO;Sim
PR;Campina da Lagoa;MG - DOMINALOG;Não
PR;Tapejara;MG - DOMINALOG;Não
PR;Guaraci;MG - DOMINALOG;Não
PR;Rondon;E S L KOSLYK CO;Sim
PR;Bituruna;MG - DOMINALOG;Não
PR;Boa Esperança;MG - DOMINALOG;Não
PR;Boa Esperança do Iguaçu;MG - DOMINALOG;Não
PR;Boa Ventura de São Roque;MG - DOMINALOG;Não
PR;Pato Branco;MG - DOMINALOG;Não
PR;Toledo;E S L KOSLYK CO;Sim
PR;Boa Vista da Aparecida;MG - DOMINALOG;Não
PR;Bocaiúva do Sul;MG - DOMINALOG;Não
PR;Ivaí;MG - DOMINALOG;Não
PR;Bom Jesus do Sul;MG - DOMINALOG;Não
PR;Sabáudia;E S L KOSLYK CO;Sim
PR;Pinhão;MG - DOMINALOG;Não
PR;Bom Sucesso;E S L KOSLYK CO;Sim
PR;Bom Sucesso do Sul;MG - DOMINALOG;Não
PR;Quatro Barras;LOGME - TRANSPO;Sim
PR;Borrazópolis;E S L KOSLYK CO;Sim
PR;Braganey;MG - DOMINALOG;Não
PR;Brasilândia do Sul;MG - DOMINALOG;Não
PR;Paranavaí;E S L KOSLYK CO;Sim
PR;Ribeirão Claro;MG - DOMINALOG;Não
PR;Irati;E S L KOSLYK CO;Sim
PR;Cafeara;MG - DOMINALOG;Não
PR;Cruzeiro do Oeste;MG - DOMINALOG;Não
PR;Cafelândia;MG - DOMINALOG;Não
PR;Cafezal do Sul;E S L KOSLYK CO;Sim
PR;São Mateus do Sul;MG - DOMINALOG;Não
PR;Califórnia;E S L KOSLYK CO;Sim
PR;Cambará;SAFARI MONTAGEM;Sim
PR;Cambé;E S L KOSLYK CO;Sim
PR;Cambira;E S L KOSLYK CO;Sim
PR;Campina do Simão;MG - DOMINALOG;Não
PR;Campina Grande do Sul;LOGME - TRANSPO;Sim
PR;Campo Bonito;MG - DOMINALOG;Não
PR;Campo do Tenente;MG - DOMINALOG;Não
PR;Campo Magro;LOGME - TRANSPO;Sim
PR;Campo Mourão;E S L KOSLYK CO;Sim
PR;Cândido de Abreu;MG - DOMINALOG;Não
PR;Candói;MG - DOMINALOG;Não
PR;Cantagalo;MG - DOMINALOG;Não
PR;Pranchita;MG - DOMINALOG;Não
PR;Capanema;MG - DOMINALOG;Não
PR;Jesuítas;MG - DOMINALOG;Não
PR;Carambeí;E S L KOSLYK CO;Sim
PR;Maria Helena;MG - DOMINALOG;Não
PR;Carlópolis;MG - DOMINALOG;Não
PR;Catanduvas;E S L KOSLYK CO;Sim
PR;Contenda;MG - DOMINALOG;Não
PR;Centenário do Sul;E S L KOSLYK CO;Sim
PR;Cerro Azul;MG - DOMINALOG;Não
PR;Céu Azul;MG - DOMINALOG;Não
PR;Chopinzinho;MG - DOMINALOG;Não
PR;Cianorte;E S L KOSLYK CO;Sim
PR;Cidade Gaúcha;MG - DOMINALOG;Não
PR;Nova Londrina;E S L KOSLYK CO;Sim
PR;Clevelândia;MG - DOMINALOG;Não
PR;General Carneiro;MG - DOMINALOG;Não
PR;Planaltina do Paraná;MG - DOMINALOG;Não
PR;Pérola D'Oeste;MG - DOMINALOG;Não
PR;Cornélio Procópio;E S L KOSLYK CO;Sim
PR;Congonhinhas;E S L KOSLYK CO;Sim
PR;Conselheiro Mairinck;MG - DOMINALOG;Não
PR;Santo Antônio da Platina;E S L KOSLYK CO;Sim
PR;São Jorge do Ivaí;MG - DOMINALOG;Não
PR;Corbélia;MG - DOMINALOG;Não
PR;Coronel Domingos Soares;MG - DOMINALOG;Não
PR;Coronel Vivida;MG - DOMINALOG;Não
PR;Corumbataí do Sul;E S L KOSLYK CO;Sim
PR;Mangueirinha;MG - DOMINALOG;Não
PR;Cruz Machado;MG - DOMINALOG;Não
PR;Cruzeiro do Iguaçu;MG - DOMINALOG;Não
PR;Uraí;E S L KOSLYK CO;Sim
PR;Cruzeiro do Sul;MG - DOMINALOG;Não
PR;Cruzmaltina;MG - DOMINALOG;Não
PR;Curitiba;LOGME - TRANSPO;Sim
PR;Diamante D'Oeste;MG - DOMINALOG;Não
PR;Diamante do Norte;E S L KOSLYK CO;Sim
PR;Diamante do Sul;MG - DOMINALOG;Não
PR;Quitandinha;MG - DOMINALOG;Não
PR;São João;MG - DOMINALOG;Não
PR;Dois Vizinhos;MG - DOMINALOG;Não
PR;Mallet;MG - DOMINALOG;Não
PR;Douradina;E S L KOSLYK CO;Sim
PR;São Jorge D'Oeste;MG - DOMINALOG;Não
PR;Doutor Camargo;E S L KOSLYK CO;Sim
PR;Guaíra;E S L KOSLYK CO;Sim
PR;Doutor Ulysses;MG - DOMINALOG;Não
PR;Jaguariaíva;MG - DOMINALOG;Não
PR;Piraquara;LOGME - TRANSPO;Sim
PR;Enéas Marques;MG - DOMINALOG;Não
PR;Engenheiro Beltrão;MG - DOMINALOG;Não
PR;Entre Rios do Oeste;MG - DOMINALOG;Não
PR;Esperança Nova;MG - DOMINALOG;Não
PR;Espigão Alto do Iguaçu;MG - DOMINALOG;Não
PR;Farol;MG - DOMINALOG;Não
PR;Faxinal;E S L KOSLYK CO;Sim
PR;Fazenda Rio Grande;LOGME - TRANSPO;Sim
PR;Munhoz de Melo;MG - DOMINALOG;Não
PR;Figueira;E S L KOSLYK CO;Sim
PR;Serranópolis do Iguaçu;MG - DOMINALOG;Não
PR;Flor da Serra do Sul;MG - DOMINALOG;Não
PR;Floraí;E S L KOSLYK CO;Sim
PR;Floresta;E S L KOSLYK CO;Sim
PR;Florestópolis;E S L KOSLYK CO;Sim
PR;Flórida;MG - DOMINALOG;Não
PR;Paranacity;MG - DOMINALOG;Não
PR;Formosa do Oeste;MG - DOMINALOG;Não
PR;Foz do Jordão;MG - DOMINALOG;Não
PR;Francisco Alves;MG - DOMINALOG;Não
PR;Palmas;MG - DOMINALOG;Não
PR;Salto do Lontra;MG - DOMINALOG;Não
PR;Nova Cantu;MG - DOMINALOG;Não
PR;Godoy Moreira;E S L KOSLYK CO;Sim
PR;Goioerê;E S L KOSLYK CO;Sim
PR;Goioxim;MG - DOMINALOG;Não
PR;Grandes Rios;MG - DOMINALOG;Não
PR;Guairaçá;MG - DOMINALOG;Não
PR;Guamiranga;MG - DOMINALOG;Não
PR;Guapirama;MG - DOMINALOG;Não
PR;Guaporema;MG - DOMINALOG;Não
PR;Nova Laranjeiras;MG - DOMINALOG;Não
PR;Guaratuba;MG - DOMINALOG;Não
PR;Teixeira Soares;MG - DOMINALOG;Não
PR;Ivaté;E S L KOSLYK CO;Sim
PR;Honório Serpa;MG - DOMINALOG;Não
PR;Ibema;MG - DOMINALOG;Não
PR;Primeiro de Maio;E S L KOSLYK CO;Sim
PR;Ibiporã;ARAPON-BULKY;Não
PR;Icaraíma;E S L KOSLYK CO;Sim
PR;Querência do Norte;MG - DOMINALOG;Não
PR;Iguaraçu;E S L KOSLYK CO;Sim
PR;Iguatu;MG - DOMINALOG;Não
PR;Marechal Cândido Rondon;MG - DOMINALOG;Não
PR;Imbaú;E S L KOSLYK CO;Sim
PR;Inácio Martins;E S L KOSLYK CO;Sim
PR;Inajá;MG - DOMINALOG;Não
PR;Indianópolis;MG - DOMINALOG;Não
PR;Ipiranga;E S L KOSLYK CO;Sim
PR;Iporã;MG - DOMINALOG;Não
PR;Iracema do Oeste;E S L KOSLYK CO;Sim
PR;Quinta do Sol;MG - DOMINALOG;Não
PR;Iretama;MG - DOMINALOG;Não
PR;Itaguajé;MG - DOMINALOG;Não
PR;Itaipulândia;MG - DOMINALOG;Não
PR;Itambaracá;MG - DOMINALOG;Não
PR;Itambé;E S L KOSLYK CO;Sim
PR;Itaperuçu;MG - DOMINALOG;Não
PR;Itaúna do Sul;MG - DOMINALOG;Não
PR;Ivatuba;E S L KOSLYK CO;Sim
PR;Jaboti;E S L KOSLYK CO;Sim
PR;Jacarezinho;E S L KOSLYK CO;Sim
PR;Prudentópolis;E S L KOSLYK CO;Sim
PR;Jaguapitã;E S L KOSLYK CO;Sim
PR;Jaguapitã;E S L KOSLYK CO;Sim
PR;Jandaia do Sul;E S L KOSLYK CO;Sim
PR;Japira;E S L KOSLYK CO;Sim
PR;Japurá;MG - DOMINALOG;Não
PR;Jardim Alegre;MG - DOMINALOG;Não
PR;Jardim Olinda;MG - DOMINALOG;Não
PR;Leópolis;MG - DOMINALOG;Não
PR;Joaquim Távora;MG - DOMINALOG;Não
PR;Reserva;E S L KOSLYK CO;Sim
PR;Kaloré;MG - DOMINALOG;Não
PR;Jundiaí do Sul;E S L KOSLYK CO;Sim
PR;Juranda;MG - DOMINALOG;Não
PR;Jussara;MG - DOMINALOG;Não
PR;Sapopema;E S L KOSLYK CO;Sim
PR;Laranjal;MG - DOMINALOG;Não
PR;Pinhalão;MG - DOMINALOG;Não
PR;Lidianópolis;E S L KOSLYK CO;Sim
PR;Lindoeste;MG - DOMINALOG;Não
PR;Loanda;E S L KOSLYK CO;Sim
PR;Lobato;E S L KOSLYK CO;Sim
PR;São João do Ivaí;MG - DOMINALOG;Não
PR;Luiziana;MG - DOMINALOG;Não
PR;Lunardelli;E S L KOSLYK CO;Sim
PR;Lupionópolis;MG - DOMINALOG;Não
PR;Terra Boa;E S L KOSLYK CO;Sim
PR;Mamborê;MG - DOMINALOG;Não
PR;Mandaguaçu;SAFARI MONTAGEM;Sim
PR;Mandaguari;E S L KOSLYK CO;Sim
PR;Manfrinópolis;MG - DOMINALOG;Não
PR;Nova Aurora;E S L KOSLYK CO;Sim
PR;Realeza;MG - DOMINALOG;Não
PR;Santo Antônio do Sudoeste;MG - DOMINALOG;Não
PR;Marilândia do Sul;E S L KOSLYK CO;Sim
PR;Marilena;E S L KOSLYK CO;Sim
PR;Mariluz;MG - DOMINALOG;Não
PR;Siqueira Campos;E S L KOSLYK CO;Sim
PR;Mariópolis;MG - DOMINALOG;Não
PR;Maripá;MG - DOMINALOG;Não
PR;São Pedro do Ivaí;E S L KOSLYK CO;Sim
PR;Marmeleiro;MG - DOMINALOG;Não
PR;Tunas do Paraná;MG - DOMINALOG;Não
PR;Marquinho;MG - DOMINALOG;Não
PR;Marumbi;E S L KOSLYK CO;Sim
PR;Matelândia;E S L KOSLYK CO;Sim
PR;Matinhos;LOGME - TRANSPO;Sim
PR;Mauá da Serra;MG - DOMINALOG;Não
PR;Medianeira;MG - DOMINALOG;Não
PR;Nossa Senhora das Graças;MG - DOMINALOG;Não
PR;Mercedes;MG - DOMINALOG;Não
PR;Mirador;E S L KOSLYK CO;Sim
PR;Miraselva;MG - DOMINALOG;Não
PR;Missal;MG - DOMINALOG;Não
PR;Moreira Sales;MG - DOMINALOG;Não
PR;Morretes;LOGME - TRANSPO;Sim
PR;Rolândia;E S L KOSLYK CO;Sim
PR;Nova Aliança do Ivaí;E S L KOSLYK CO;Sim
PR;Nova América da Colina;MG - DOMINALOG;Não
PR;Nova Esperança do Sudoeste;MG - DOMINALOG;Não
PR;Nova Fátima;MG - DOMINALOG;Não
PR;Nova Olímpia;MG - DOMINALOG;Não
PR;Nova Prata do Iguaçu;MG - DOMINALOG;Não
PR;Pinhal de São Bento;MG - DOMINALOG;Não
PR;Nova Santa Bárbara;MG - DOMINALOG;Não
PR;Nova Tebas;MG - DOMINALOG;Não
PR;Novo Itacolomi;MG - DOMINALOG;Não
PR;Ourizona;MG - DOMINALOG;Não
PR;Ouro Verde do Oeste;MG - DOMINALOG;Não
PR;Palmeira;MG - DOMINALOG;Não
PR;São João do Triunfo;MG - DOMINALOG;Não
PR;Palmital;MG - DOMINALOG;Não
PR;Palotina;MG - DOMINALOG;Não
PR;Santa Mariana;MG - DOMINALOG;Não
PR;Paraíso do Norte;MG - DOMINALOG;Não
PR;Sertaneja;MG - DOMINALOG;Não
PR;Paranapoema;E S L KOSLYK CO;Sim
PR;Pato Bragado;MG - DOMINALOG;Não
PR;Paula Freitas;MG - DOMINALOG;Não
PR;Paulo Frontin;MG - DOMINALOG;Não
PR;Peabiru;MG - DOMINALOG;Não
PR;Reserva do Iguaçu;MG - DOMINALOG;Não
PR;Perobal;MG - DOMINALOG;Não
PR;Pérola;E S L KOSLYK CO;Sim
PR;Piên;MG - DOMINALOG;Não
PR;Pinhais;LOGME - TRANSPO;Sim
PR;Piraí do Sul;MG - DOMINALOG;Não
PR;Pitanga;E S L KOSLYK CO;Sim
PR;Pitangueiras;E S L KOSLYK CO;Sim
PR;Pontal do Paraná;MG - DOMINALOG;Não
PR;Porecatu;E S L KOSLYK CO;Sim
PR;Porto Amazonas;MG - DOMINALOG;Não
PR;Porto Barreiro;MG - DOMINALOG;Não
PR;Porto Rico;E S L KOSLYK CO;Sim
PR;São Carlos do Ivaí;E S L KOSLYK CO;Sim
PR;São Pedro do Paraná;MG - DOMINALOG;Não
PR;Porto Vitória;MG - DOMINALOG;Não
PR;Prado Ferreira;E S L KOSLYK CO;Sim
PR;Presidente Castelo Branco;MG - DOMINALOG;Não
PR;Verê;MG - DOMINALOG;Não
PR;Quatiguá;E S L KOSLYK CO;Sim
PR;Quatro Pontes;MG - DOMINALOG;Não
PR;Quedas do Iguaçu;MG - DOMINALOG;Não
PR;Ramilândia;MG - DOMINALOG;Não
PR;Rancho Alegre;MG - DOMINALOG;Não
PR;Rancho Alegre D'Oeste;MG - DOMINALOG;Não
PR;Rebouças;MG - DOMINALOG;Não
PR;Sengés;MG - DOMINALOG;Não
PR;Ribeirão do Pinhal;E S L KOSLYK CO;Sim
PR;Rio Azul;E S L KOSLYK CO;Sim
PR;Rio Bom;MG - DOMINALOG;Não
PR;Rio Bonito do Iguaçu;MG - DOMINALOG;Não
PR;Rio Branco do Ivaí;MG - DOMINALOG;Não
PR;Rio Negro;MG - DOMINALOG;Não
PR;Rosário do Ivaí;E S L KOSLYK CO;Sim
PR;Salgado Filho;MG - DOMINALOG;Não
PR;Salto do Itararé;MG - DOMINALOG;Não
PR;Santa Amélia;E S L KOSLYK CO;Sim
PR;Santa Cecília do Pavão;E S L KOSLYK CO;Sim
PR;Santa Cruz de Monte Castelo;MG - DOMINALOG;Não
PR;Santa Fé;MG - DOMINALOG;Não
PR;Santa Helena;MG - DOMINALOG;Não
PR;Santa Inês;MG - DOMINALOG;Não
PR;Santa Isabel do Ivaí;MG - DOMINALOG;Não
PR;Santa Lúcia;MG - DOMINALOG;Não
PR;Santa Maria do Oeste;MG - DOMINALOG;Não
PR;Santa Mônica;E S L KOSLYK CO;Sim
PR;Terra Roxa;E S L KOSLYK CO;Sim
PR;Santa Tereza do Oeste;E S L KOSLYK CO;Sim
PR;Santa Terezinha de Itaipu;MG - DOMINALOG;Não
PR;Santana do Itararé;MG - DOMINALOG;Não
PR;Santo Antônio do Caiuá;E S L KOSLYK CO;Sim
PR;Santo Antônio do Paraíso;MG - DOMINALOG;Não
PR;Santo Inácio;MG - DOMINALOG;Não
PR;União da Vitória;MG - DOMINALOG;Não
PR;São Jerônimo da Serra;MG - DOMINALOG;Não
PR;São João do Caiuá;MG - DOMINALOG;Não
PR;São Jorge do Patrocínio;E S L KOSLYK CO;Sim
PR;São José da Boa Vista;MG - DOMINALOG;Não
PR;São José das Palmeiras;MG - DOMINALOG;Não
PR;São Manoel do Paraná;MG - DOMINALOG;Não
PR;São Pedro do Iguaçu;MG - DOMINALOG;Não
PR;São Sebastião da Amoreira;MG - DOMINALOG;Não
PR;São Tomé;MG - DOMINALOG;Não
PR;Tomazina;MG - DOMINALOG;Não
PR;Sarandi;E S L KOSLYK CO;Sim
PR;Saudade do Iguaçu;MG - DOMINALOG;Não
PR;Sertanópolis;E S L KOSLYK CO;Sim
PR;Sulina;MG - DOMINALOG;Não
PR;Tamarana;E S L KOSLYK CO;Sim
PR;Tamboara;MG - DOMINALOG;Não
PR;Tapira;MG - DOMINALOG;Não
PR;Tijucas do Sul;MG - DOMINALOG;Não
PR;Três Barras do Paraná;MG - DOMINALOG;Não
PR;Tupãssi;MG - DOMINALOG;Não
PR;Turvo;MG - DOMINALOG;Não
PR;Ubiratã;MG - DOMINALOG;Não
PR;Uniflor;E S L KOSLYK CO;Sim
PR;Ventania;MG - DOMINALOG;Não
PR;Vera Cruz do Oeste;MG - DOMINALOG;Não
PR;Alto Paraíso;MG - DOMINALOG;Não
PR;Virmond;MG - DOMINALOG;Não
PR;Vitorino;MG - DOMINALOG;Não
PR;Wenceslau Braz;MG - DOMINALOG;Não
PR;Xambrê;MG - DOMINALOG;Não
PE;Abreu e Lima;OUTLET D TUDO;Sim
PE;Afogados da Ingazeira;MG - DOMINALOG;Não
PE;Afrânio;MG - DOMINALOG;Não
PE;Agrestina;MG - DOMINALOG;Não
PE;Belo Jardim;MG - DOMINALOG;Não
PE;Água Preta;MG - DOMINALOG;Não
PE;Águas Belas;MG - DOMINALOG;Não
PE;Floresta;MG - DOMINALOG;Não
PE;Alagoinha;MG - DOMINALOG;Não
PE;Sertânia;MG - DOMINALOG;Não
PE;Aliança;MG - DOMINALOG;Não
PE;Altinho;MG - DOMINALOG;Não
PE;Amaraji;MG - DOMINALOG;Não
PE;Cumaru;MG - DOMINALOG;Não
PE;Angelim;MG - DOMINALOG;Não
PE;Glória do Goitá;MG - DOMINALOG;Não
PE;Araçoiaba;MG - DOMINALOG;Não
PE;Araripina;MG - DOMINALOG;Não
PE;Arcoverde;MG - DOMINALOG;Não
PE;Ribeirão;MG - DOMINALOG;Não
PE;Brejo da Madre de Deus;MG - DOMINALOG;Não
PE;Barra de Guabiraba;MG - DOMINALOG;Não
PE;Ouricuri;MG - DOMINALOG;Não
PE;Bom Conselho;MG - DOMINALOG;Não
PE;São Joaquim do Monte;MG - DOMINALOG;Não
PE;Sirinhaém;MG - DOMINALOG;Não
PE;Barreiros;MG - DOMINALOG;Não
PE;Belém de Maria;MG - DOMINALOG;Não
PE;Belém do São Francisco;MG - DOMINALOG;Não
PE;Passira;MG - DOMINALOG;Não
PE;Bonito;MG - DOMINALOG;Não
PE;Serra Talhada;MG - DOMINALOG;Não
PE;Betânia;MG - DOMINALOG;Não
PE;Bezerros;MG - DOMINALOG;Não
PE;Bom Jardim;MG - DOMINALOG;Não
PE;Bodocó;MG - DOMINALOG;Não
PE;São José do Belmonte;MG - DOMINALOG;Não
PE;São José do Egito;MG - DOMINALOG;Não
PE;Brejão;MG - DOMINALOG;Não
PE;Brejinho;MG - DOMINALOG;Não
PE;Buenos Aires;MG - DOMINALOG;Não
PE;Buíque;MG - DOMINALOG;Não
PE;Cachoeirinha;MG - DOMINALOG;Não
PE;Cabo de Santo Agostinho;OUTLET D TUDO;Sim
PE;Cabrobó;MG - DOMINALOG;Não
PE;Caetés;MG - DOMINALOG;Não
PE;Calçado;MG - DOMINALOG;Não
PE;Calumbi;MG - DOMINALOG;Não
PE;Camaragibe;OUTLET D TUDO;Sim
PE;Ipojuca;MG - DOMINALOG;Não
PE;Camocim de São Félix;MG - DOMINALOG;Não
PE;Camutanga;MG - DOMINALOG;Não
PE;Triunfo;MG - DOMINALOG;Não
PE;Canhotinho;MG - DOMINALOG;Não
PE;Capoeiras;MG - DOMINALOG;Não
PE;Santa Maria da Boa Vista;MG - DOMINALOG;Não
PE;Tacaratu;MG - DOMINALOG;Não
PE;Caruaru;MG - DOMINALOG;Não
PE;Itambé;MG - DOMINALOG;Não
PE;Moreilândia;MG - DOMINALOG;Não
PE;Carnaíba;MG - DOMINALOG;Não
PE;Carnaubeira da Penha;MG - DOMINALOG;Não
PE;Carpina;OUTLET D TUDO;Sim
PE;Casinhas;MG - DOMINALOG;Não
PE;Catende;MG - DOMINALOG;Não
PE;Cedro;MG - DOMINALOG;Não
PE;Chã de Alegria;MG - DOMINALOG;Não
PE;Orobó;MG - DOMINALOG;Não
PE;Chã Grande;MG - DOMINALOG;Não
PE;Pesqueira;MG - DOMINALOG;Não
PE;Rio Formoso;MG - DOMINALOG;Não
PE;Salgueiro;MG - DOMINALOG;Não
PE;Condado;MG - DOMINALOG;Não
PE;Correntes;MG - DOMINALOG;Não
PE;Cortês;MG - DOMINALOG;Não
PE;Riacho das Almas;MG - DOMINALOG;Não
PE;Petrolina;MG - DOMINALOG;Não
PE;Timbaúba;MG - DOMINALOG;Não
PE;Panelas;MG - DOMINALOG;Não
PE;Gameleira;MG - DOMINALOG;Não
PE;Cupira;MG - DOMINALOG;Não
PE;Custódia;MG - DOMINALOG;Não
PE;Pombos;MG - DOMINALOG;Não
PE;Dormentes;MG - DOMINALOG;Não
PE;Lagoa dos Gatos;MG - DOMINALOG;Não
PE;Escada;MG - DOMINALOG;Não
PE;São Bento do Una;MG - DOMINALOG;Não
PE;Exu;MG - DOMINALOG;Não
PE;Feira Nova;MG - DOMINALOG;Não
PE;Fernando de Noronha;MG - DOMINALOG;Não
PE;Ferreiros;MG - DOMINALOG;Não
PE;Flores;MG - DOMINALOG;Não
PE;Frei Miguelinho;MG - DOMINALOG;Não
PE;Garanhuns;MG - DOMINALOG;Não
PE;Goiana;MG - DOMINALOG;Não
PE;Granito;MG - DOMINALOG;Não
PE;Gravatá;MG - DOMINALOG;Não
PE;Taquaritinga do Norte;MG - DOMINALOG;Não
PE;Venturosa;MG - DOMINALOG;Não
PE;Saloá;MG - DOMINALOG;Não
PE;Iati;MG - DOMINALOG;Não
PE;Ibimirim;MG - DOMINALOG;Não
PE;Ibirajuba;MG - DOMINALOG;Não
PE;Parnamirim;MG - DOMINALOG;Não
PE;Lagoa do Ouro;MG - DOMINALOG;Não
PE;São Benedito do Sul;MG - DOMINALOG;Não
PE;Igarassu;MG - DOMINALOG;Não
PE;Iguaracy;MG - DOMINALOG;Não
PE;Inajá;MG - DOMINALOG;Não
PE;Ingazeira;MG - DOMINALOG;Não
PE;Ipubi;MG - DOMINALOG;Não
PE;Serrita;MG - DOMINALOG;Não
PE;Itacuruba;MG - DOMINALOG;Não
PE;Itaíba;MG - DOMINALOG;Não
PE;Ilha de Itamaracá;MG - DOMINALOG;Não
PE;Itapetim;MG - DOMINALOG;Não
PE;Itapissuma;OUTLET D TUDO;Sim
PE;Itaquitinga;MG - DOMINALOG;Não
PE;Jaboatão dos Guararapes;OUTLET D TUDO;Sim
PE;Pedra;MG - DOMINALOG;Não
PE;Jaqueira;MG - DOMINALOG;Não
PE;Jataúba;MG - DOMINALOG;Não
PE;Jatobá;MG - DOMINALOG;Não
PE;Sanharó;MG - DOMINALOG;Não
PE;João Alfredo;MG - DOMINALOG;Não
PE;Joaquim Nabuco;MG - DOMINALOG;Não
PE;Jucati;MG - DOMINALOG;Não
PE;Jupi;MG - DOMINALOG;Não
PE;Jurema;MG - DOMINALOG;Não
PE;Lagoa do Carro;MG - DOMINALOG;Não
PE;Lagoa do Itaenga;MG - DOMINALOG;Não
PE;Lagoa Grande;MG - DOMINALOG;Não
PE;Lajedo;MG - DOMINALOG;Não
PE;Limoeiro;OUTLET D TUDO;Sim
PE;Macaparana;MG - DOMINALOG;Não
PE;Machados;MG - DOMINALOG;Não
PE;Manari;MG - DOMINALOG;Não
PE;São Caitano;MG - DOMINALOG;Não
PE;Maraial;MG - DOMINALOG;Não
PE;Mirandiba;MG - DOMINALOG;Não
PE;Moreno;OUTLET D TUDO;Sim
PE;Vicência;MG - DOMINALOG;Não
PE;Nazaré da Mata;MG - DOMINALOG;Não
PE;São Lourenço da Mata;MG - DOMINALOG;Não
PE;Olinda;OUTLET D TUDO;Sim
PE;Orocó;MG - DOMINALOG;Não
PE;Palmares;MG - DOMINALOG;Não
PE;Palmeirina;MG - DOMINALOG;Não
PE;Poção;MG - DOMINALOG;Não
PE;Santa Cruz do Capibaribe;MG - DOMINALOG;Não
PE;Paranatama;MG - DOMINALOG;Não
PE;Quipapá;MG - DOMINALOG;Não
PE;Paudalho;OUTLET D TUDO;Sim
PE;Paulista;OUTLET D TUDO;Sim
PE;Petrolândia;MG - DOMINALOG;Não
PE;Vitória de Santo Antão;MG - DOMINALOG;Não
PE;Primavera;MG - DOMINALOG;Não
PE;Quixabá;MG - DOMINALOG;Não
PE;Recife;OUTLET D TUDO;Sim
PE;Tacaimbó;MG - DOMINALOG;Não
PE;Sairé;MG - DOMINALOG;Não
PE;Salgadinho;MG - DOMINALOG;Não
PE;Santa Cruz;MG - DOMINALOG;Não
PE;Santa Cruz da Baixa Verde;MG - DOMINALOG;Não
PE;Santa Filomena;MG - DOMINALOG;Não
PE;Santa Maria do Cambucá;MG - DOMINALOG;Não
PE;Tuparetama;MG - DOMINALOG;Não
PE;Santa Terezinha;MG - DOMINALOG;Não
PE;São João;MG - DOMINALOG;Não
PE;São José da Coroa Grande;MG - DOMINALOG;Não
PE;São Vicente Ferrer;MG - DOMINALOG;Não
PE;Solidão;MG - DOMINALOG;Não
PE;Surubim;MG - DOMINALOG;Não
PE;Tabira;MG - DOMINALOG;Não
PE;Tamandaré;MG - DOMINALOG;Não
PE;Terezinha;MG - DOMINALOG;Não
PE;Terra Nova;MG - DOMINALOG;Não
PE;Toritama;MG - DOMINALOG;Não
PE;Tracunhaém;MG - DOMINALOG;Não
PE;Trindade;MG - DOMINALOG;Não
PE;Tupanatinga;MG - DOMINALOG;Não
PE;Verdejante;MG - DOMINALOG;Não
PE;Vertente do Lério;MG - DOMINALOG;Não
PE;Vertentes;MG - DOMINALOG;Não
PE;Xexéu;MG - DOMINALOG;Não
PI;Acauã;MG - DOMINALOG;Não
PI;Agricolândia;MG - DOMINALOG;Não
PI;Água Branca;MG - DOMINALOG;Não
PI;Alagoinha do Piauí;MG - DOMINALOG;Não
PI;Alegrete do Piauí;MG - DOMINALOG;Não
PI;Alto Longá;MG - DOMINALOG;Não
PI;Altos;MG - DOMINALOG;Não
PI;Alvorada do Gurguéia;MG - DOMINALOG;Não
PI;Amarante;MG - DOMINALOG;Não
PI;Angical do Piauí;MG - DOMINALOG;Não
PI;Anísio de Abreu;MG - DOMINALOG;Não
PI;Antônio Almeida;MG - DOMINALOG;Não
PI;Aroazes;MG - DOMINALOG;Não
PI;Arraial;MG - DOMINALOG;Não
PI;Assunção do Piauí;MG - DOMINALOG;Não
PI;Avelino Lopes;MG - DOMINALOG;Não
PI;Baixa Grande do Ribeiro;MG - DOMINALOG;Não
PI;Barra D'Alcântara;MG - DOMINALOG;Não
PI;Barras;MG - DOMINALOG;Não
PI;Barreiras do Piauí;MG - DOMINALOG;Não
PI;Barro Duro;MG - DOMINALOG;Não
PI;Batalha;MG - DOMINALOG;Não
PI;Bela Vista do Piauí;MG - DOMINALOG;Não
PI;Belém do Piauí;MG - DOMINALOG;Não
PI;Beneditinos;MG - DOMINALOG;Não
PI;Bertolínia;MG - DOMINALOG;Não
PI;Betânia do Piauí;MG - DOMINALOG;Não
PI;Boa Hora;MG - DOMINALOG;Não
PI;Bocaina;MG - DOMINALOG;Não
PI;Bom Jesus;MG - DOMINALOG;Não
PI;Bom Princípio do Piauí;MG - DOMINALOG;Não
PI;Bonfim do Piauí;MG - DOMINALOG;Não
PI;Boqueirão do Piauí;MG - DOMINALOG;Não
PI;Brasileira;MG - DOMINALOG;Não
PI;Brejo do Piauí;MG - DOMINALOG;Não
PI;Buriti dos Lopes;MG - DOMINALOG;Não
PI;Buriti dos Montes;MG - DOMINALOG;Não
PI;Cabeceiras do Piauí;MG - DOMINALOG;Não
PI;Cajazeiras do Piauí;MG - DOMINALOG;Não
PI;Cajueiro da Praia;MG - DOMINALOG;Não
PI;Caldeirão Grande do Piauí;MG - DOMINALOG;Não
PI;Campinas do Piauí;MG - DOMINALOG;Não
PI;Campo Alegre do Fidalgo;MG - DOMINALOG;Não
PI;Campo Grande do Piauí;MG - DOMINALOG;Não
PI;Campo Largo do Piauí;MG - DOMINALOG;Não
PI;Campo Maior;MG - DOMINALOG;Não
PI;Canavieira;MG - DOMINALOG;Não
PI;Canto do Buriti;MG - DOMINALOG;Não
PI;Capitão de Campos;MG - DOMINALOG;Não
PI;Capitão Gervásio Oliveira;MG - DOMINALOG;Não
PI;Caracol;MG - DOMINALOG;Não
PI;Caraúbas do Piauí;MG - DOMINALOG;Não
PI;Caridade do Piauí;MG - DOMINALOG;Não
PI;Castelo do Piauí;MG - DOMINALOG;Não
PI;Caxingó;MG - DOMINALOG;Não
PI;Cocal;MG - DOMINALOG;Não
PI;Cocal de Telha;MG - DOMINALOG;Não
PI;Cocal dos Alves;MG - DOMINALOG;Não
PI;Coivaras;MG - DOMINALOG;Não
PI;Colônia do Gurguéia;MG - DOMINALOG;Não
PI;Colônia do Piauí;MG - DOMINALOG;Não
PI;Conceição do Canindé;MG - DOMINALOG;Não
PI;Coronel José Dias;MG - DOMINALOG;Não
PI;Corrente;MG - DOMINALOG;Não
PI;Cristalândia do Piauí;MG - DOMINALOG;Não
PI;Cristino Castro;MG - DOMINALOG;Não
PI;Curimatá;MG - DOMINALOG;Não
PI;Currais;MG - DOMINALOG;Não
PI;Curral Novo do Piauí;MG - DOMINALOG;Não
PI;Curralinhos;MG - DOMINALOG;Não
PI;Demerval Lobão;MG - DOMINALOG;Não
PI;Dirceu Arcoverde;MG - DOMINALOG;Não
PI;Dom Expedito Lopes;MG - DOMINALOG;Não
PI;Dom Inocêncio;MG - DOMINALOG;Não
PI;Domingos Mourão;MG - DOMINALOG;Não
PI;Elesbão Veloso;MG - DOMINALOG;Não
PI;Eliseu Martins;MG - DOMINALOG;Não
PI;Esperantina;MG - DOMINALOG;Não
PI;Fartura do Piauí;MG - DOMINALOG;Não
PI;Flores do Piauí;MG - DOMINALOG;Não
PI;Floresta do Piauí;MG - DOMINALOG;Não
PI;Floriano;MG - DOMINALOG;Não
PI;Francinópolis;MG - DOMINALOG;Não
PI;Francisco Ayres;MG - DOMINALOG;Não
PI;Francisco Macedo;MG - DOMINALOG;Não
PI;Francisco Santos;MG - DOMINALOG;Não
PI;Fronteiras;MG - DOMINALOG;Não
PI;Geminiano;MG - DOMINALOG;Não
PI;Gilbués;MG - DOMINALOG;Não
PI;Guadalupe;MG - DOMINALOG;Não
PI;Guaribas;MG - DOMINALOG;Não
PI;Hugo Napoleão;MG - DOMINALOG;Não
PI;Ilha Grande;MG - DOMINALOG;Não
PI;Inhuma;MG - DOMINALOG;Não
PI;Ipiranga do Piauí;MG - DOMINALOG;Não
PI;Isaías Coelho;MG - DOMINALOG;Não
PI;Itainópolis;MG - DOMINALOG;Não
PI;Itaueira;MG - DOMINALOG;Não
PI;Jacobina do Piauí;MG - DOMINALOG;Não
PI;Jaicós;MG - DOMINALOG;Não
PI;Jardim do Mulato;MG - DOMINALOG;Não
PI;Jatobá do Piauí;MG - DOMINALOG;Não
PI;Jerumenha;MG - DOMINALOG;Não
PI;João Costa;MG - DOMINALOG;Não
PI;Joaquim Pires;MG - DOMINALOG;Não
PI;Joca Marques;MG - DOMINALOG;Não
PI;José de Freitas;MG - DOMINALOG;Não
PI;Juazeiro do Piauí;MG - DOMINALOG;Não
PI;Júlio Borges;MG - DOMINALOG;Não
PI;Jurema;MG - DOMINALOG;Não
PI;Lagoa Alegre;MG - DOMINALOG;Não
PI;Lagoa de São Francisco;MG - DOMINALOG;Não
PI;Lagoa do Barro do Piauí;MG - DOMINALOG;Não
PI;Lagoa do Piauí;MG - DOMINALOG;Não
PI;Lagoa do Sítio;MG - DOMINALOG;Não
PI;Lagoinha do Piauí;MG - DOMINALOG;Não
PI;Landri Sales;MG - DOMINALOG;Não
PI;Luís Correia;MG - DOMINALOG;Não
PI;Luzilândia;MG - DOMINALOG;Não
PI;Madeiro;MG - DOMINALOG;Não
PI;Manoel Emídio;MG - DOMINALOG;Não
PI;Marcolândia;MG - DOMINALOG;Não
PI;Marcos Parente;MG - DOMINALOG;Não
PI;Massapê do Piauí;MG - DOMINALOG;Não
PI;Matias Olímpio;MG - DOMINALOG;Não
PI;Miguel Alves;MG - DOMINALOG;Não
PI;Miguel Leão;MG - DOMINALOG;Não
PI;Milton Brandão;MG - DOMINALOG;Não
PI;Monsenhor Gil;MG - DOMINALOG;Não
PI;Monsenhor Hipólito;MG - DOMINALOG;Não
PI;Monte Alegre do Piauí;MG - DOMINALOG;Não
PI;Morro Cabeça no Tempo;MG - DOMINALOG;Não
PI;Morro do Chapéu do Piauí;MG - DOMINALOG;Não
PI;Murici dos Portelas;MG - DOMINALOG;Não
PI;Nazaré do Piauí;MG - DOMINALOG;Não
PI;Nossa Senhora de Nazaré;MG - DOMINALOG;Não
PI;Nossa Senhora dos Remédios;MG - DOMINALOG;Não
PI;Nova Santa Rita;MG - DOMINALOG;Não
PI;União;MG - DOMINALOG;Não
PI;Novo Oriente do Piauí;MG - DOMINALOG;Não
PI;Novo Santo Antônio;MG - DOMINALOG;Não
PI;Oeiras;MG - DOMINALOG;Não
PI;Olho D'Água do Piauí;MG - DOMINALOG;Não
PI;Padre Marcos;MG - DOMINALOG;Não
PI;Paes Landim;MG - DOMINALOG;Não
PI;Pajeú do Piauí;MG - DOMINALOG;Não
PI;Palmeira do Piauí;MG - DOMINALOG;Não
PI;Palmeirais;MG - DOMINALOG;Não
PI;Paquetá;MG - DOMINALOG;Não
PI;Parnaguá;MG - DOMINALOG;Não
PI;Parnaíba;MG - DOMINALOG;Não
PI;Passagem Franca do Piauí;MG - DOMINALOG;Não
PI;Patos do Piauí;MG - DOMINALOG;Não
PI;Paulistana;MG - DOMINALOG;Não
PI;Pavussu;MG - DOMINALOG;Não
PI;Pedro II;MG - DOMINALOG;Não
PI;Pedro Laurentino;MG - DOMINALOG;Não
PI;Picos;MG - DOMINALOG;Não
PI;Pimenteiras;MG - DOMINALOG;Não
PI;Pio IX;MG - DOMINALOG;Não
PI;Piracuruca;MG - DOMINALOG;Não
PI;Piripiri;MG - DOMINALOG;Não
PI;Porto;MG - DOMINALOG;Não
PI;Porto Alegre do Piauí;MG - DOMINALOG;Não
PI;Prata do Piauí;MG - DOMINALOG;Não
PI;Queimada Nova;MG - DOMINALOG;Não
PI;Redenção do Gurguéia;MG - DOMINALOG;Não
PI;Regeneração;MG - DOMINALOG;Não
PI;Riacho Frio;MG - DOMINALOG;Não
PI;Ribeira do Piauí;MG - DOMINALOG;Não
PI;Ribeiro Gonçalves;MG - DOMINALOG;Não
PI;Rio Grande do Piauí;MG - DOMINALOG;Não
PI;Santa Cruz do Piauí;MG - DOMINALOG;Não
PI;Santa Cruz dos Milagres;MG - DOMINALOG;Não
PI;Santa Filomena;MG - DOMINALOG;Não
PI;Santa Luz;MG - DOMINALOG;Não
PI;Santa Rosa do Piauí;MG - DOMINALOG;Não
PI;Santana do Piauí;MG - DOMINALOG;Não
PI;Santo Antônio de Lisboa;MG - DOMINALOG;Não
PI;Santo Antônio dos Milagres;MG - DOMINALOG;Não
PI;Santo Inácio do Piauí;MG - DOMINALOG;Não
PI;São Braz do Piauí;MG - DOMINALOG;Não
PI;São Félix do Piauí;MG - DOMINALOG;Não
PI;São Francisco de Assis do Piauí;MG - DOMINALOG;Não
PI;São Francisco do Piauí;MG - DOMINALOG;Não
PI;São Gonçalo do Gurguéia;MG - DOMINALOG;Não
PI;São Gonçalo do Piauí;MG - DOMINALOG;Não
PI;São João da Canabrava;MG - DOMINALOG;Não
PI;São João da Fronteira;MG - DOMINALOG;Não
PI;São João da Serra;MG - DOMINALOG;Não
PI;São João da Varjota;MG - DOMINALOG;Não
PI;São João do Arraial;MG - DOMINALOG;Não
PI;São João do Piauí;MG - DOMINALOG;Não
PI;São José do Divino;MG - DOMINALOG;Não
PI;São José do Peixe;MG - DOMINALOG;Não
PI;São José do Piauí;MG - DOMINALOG;Não
PI;São Julião;MG - DOMINALOG;Não
PI;São Lourenço do Piauí;MG - DOMINALOG;Não
PI;São Luís do Piauí;MG - DOMINALOG;Não
PI;São Miguel da Baixa Grande;MG - DOMINALOG;Não
PI;São Miguel do Fidalgo;MG - DOMINALOG;Não
PI;São Miguel do Tapuio;MG - DOMINALOG;Não
PI;São Pedro do Piauí;MG - DOMINALOG;Não
PI;São Raimundo Nonato;MG - DOMINALOG;Não
PI;Sebastião Barros;MG - DOMINALOG;Não
PI;Sebastião Leal;MG - DOMINALOG;Não
PI;Sigefredo Pacheco;MG - DOMINALOG;Não
PI;Simões;MG - DOMINALOG;Não
PI;Simplício Mendes;MG - DOMINALOG;Não
PI;Socorro do Piauí;MG - DOMINALOG;Não
PI;Sussuapara;MG - DOMINALOG;Não
PI;Tamboril do Piauí;MG - DOMINALOG;Não
PI;Tanque do Piauí;MG - DOMINALOG;Não
PI;Teresina;MG - DOMINALOG;Não
PI;Uruçuí;MG - DOMINALOG;Não
PI;Valença do Piauí;MG - DOMINALOG;Não
PI;Várzea Branca;MG - DOMINALOG;Não
PI;Várzea Grande;MG - DOMINALOG;Não
PI;Vera Mendes;MG - DOMINALOG;Não
PI;Vila Nova do Piauí;MG - DOMINALOG;Não
PI;Wall Ferraz;MG - DOMINALOG;Não
PI;Pau D'Arco do Piauí;MG - DOMINALOG;Não
PI;Aroeiras do Itaim;MG - DOMINALOG;Não
PI;Nazária;MG - DOMINALOG;Não
RJ;Rio das Flores;MOVEL SERVICE;Sim
RJ;Angra dos Reis;RIO - BULKYLOG;Não
RJ;Comendador Levy Gasparian;RIO - BULKYLOG;Não
RJ;Vassouras;MOVEL SERVICE;Sim
RJ;Vassouras;MOVEL SERVICE;Sim
RJ;Sapucaia;CONECTA CARGO;Não
RJ;Aperibé;CONECTA CARGO;Não
RJ;Araruama;MOVEL SERVICE;Sim
RJ;Areal;RIO - BULKYLOG;Não
RJ;Armação dos Búzios;MOVEL SERVICE;Sim
RJ;Arraial do Cabo;MOVEL SERVICE;Sim
RJ;Piraí;MOVEL SERVICE;Sim
RJ;Paty do Alferes;MOVEL SERVICE;Sim
RJ;Santo Antônio de Pádua;CONECTA CARGO;Não
RJ;Bom Jardim;MOVEL SERVICE;Sim
RJ;Valença;MOVEL SERVICE;Sim
RJ;Valença;MOVEL SERVICE;Sim
RJ;São João da Barra;MOVEL SERVICE;Sim
RJ;Casimiro de Abreu;MOVEL SERVICE;Sim
RJ;Barra do Piraí;MOVEL SERVICE;Sim
RJ;Barra Mansa;MOVEL SERVICE;Sim
RJ;São Francisco de Itabapoana;CONECTA CARGO;Não
RJ;Belford Roxo;MOVEL SERVICE;Sim
RJ;Três Rios;RIO - BULKYLOG;Não
RJ;Três Rios;RIO - BULKYLOG;Não
RJ;Rio Bonito;MOVEL SERVICE;Sim
RJ;Cantagalo;CONECTA CARGO;Não
RJ;Itaperuna;MOVEL SERVICE;Sim
RJ;Bom Jesus do Itabapoana;CONECTA CARGO;Não
RJ;Natividade;MOVEL SERVICE;Sim
RJ;Cabo Frio;MOVEL SERVICE;Sim
RJ;Cachoeiras de Macacu;MOVEL SERVICE;Sim
RJ;Macaé;MOVEL SERVICE;Sim
RJ;São Fidélis;MOVEL SERVICE;Sim
RJ;Cambuci;CONECTA CARGO;Não
RJ;Campos dos Goytacazes;MOVEL SERVICE;Sim
RJ;Carapebus;MOVEL SERVICE;Sim
RJ;Cardoso Moreira;CONECTA CARGO;Não
RJ;Carmo;MOVEL SERVICE;Sim
RJ;Mangaratiba;MOVEL SERVICE;Sim
RJ;Conceição de Macabu;CONECTA CARGO;Não
RJ;Miguel Pereira;MOVEL SERVICE;Sim
RJ;Cordeiro;MOVEL SERVICE;Sim
RJ;Silva Jardim;MOVEL SERVICE;Sim
RJ;Trajano de Moraes;CONECTA CARGO;Não
RJ;Trajano de Moraes;RIO - BULKYLOG;Não
RJ;Santa Maria Madalena;MOVEL SERVICE;Sim
RJ;Duas Barras;MOVEL SERVICE;Sim
RJ;Duque de Caxias;MOVEL SERVICE;Sim
RJ;Resende;MOVEL SERVICE;Sim
RJ;Engenheiro Paulo de Frontin;MOVEL SERVICE;Sim
RJ;Itaocara;CONECTA CARGO;Não
RJ;Rio Claro;MOVEL SERVICE;Sim
RJ;Guapimirim;MOVEL SERVICE;Sim
RJ;Iguaba Grande;MOVEL SERVICE;Sim
RJ;Paraíba do Sul;RIO - BULKYLOG;Não
RJ;Itaboraí;MOVEL SERVICE;Sim
RJ;Itaguaí;MOVEL SERVICE;Sim
RJ;Italva;MOVEL SERVICE;Sim
RJ;Itatiaia;MOVEL SERVICE;Sim
RJ;Japeri;MOVEL SERVICE;Sim
RJ;Laje do Muriaé;CONECTA CARGO;Não
RJ;Macuco;CONECTA CARGO;Não
RJ;Magé;MOVEL SERVICE;Sim
RJ;Maricá;MOVEL SERVICE;Sim
RJ;Mendes;MOVEL SERVICE;Sim
RJ;Mesquita;MOVEL SERVICE;Sim
RJ;Miracema;MOVEL SERVICE;Sim
RJ;Teresópolis;MOVEL SERVICE;Sim
RJ;Nilópolis;MOVEL SERVICE;Sim
RJ;Niterói;MOVEL SERVICE;Sim
RJ;Nova Friburgo;MOVEL SERVICE;Sim
RJ;Nova Iguaçu;MOVEL SERVICE;Sim
RJ;Paracambi;MOVEL SERVICE;Sim
RJ;Paraty;RIO - BULKYLOG;Não
RJ;Petrópolis;MOVEL SERVICE;Sim
RJ;Pinheiral;MOVEL SERVICE;Sim
RJ;Porciúncula;MOVEL SERVICE;Sim
RJ;Porto Real;MOVEL SERVICE;Sim
RJ;Quatis;MOVEL SERVICE;Sim
RJ;Queimados;MOVEL SERVICE;Sim
RJ;Quissamã;CONECTA CARGO;Não
RJ;Rio das Ostras;MOVEL SERVICE;Sim
RJ;Rio de Janeiro;MOVEL SERVICE;Sim
RJ;São Gonçalo;MOVEL SERVICE;Sim
RJ;São João de Meriti;MOVEL SERVICE;Sim
RJ;São João de Meriti;MOVEL SERVICE;Sim
RJ;São José de Ubá;CONECTA CARGO;Não
RJ;São José do Vale do Rio Preto;RIO - BULKYLOG;Não
RJ;São Pedro da Aldeia;MOVEL SERVICE;Sim
RJ;São Sebastião do Alto;MOVEL SERVICE;Sim
RJ;Saquarema;MOVEL SERVICE;Sim
RJ;Seropédica;MOVEL SERVICE;Sim
RJ;Sumidouro;MOVEL SERVICE;Sim
RJ;Tanguá;MOVEL SERVICE;Sim
RJ;Varre-Sai;CONECTA CARGO;Não
RJ;Varre-Sai;RIO - BULKYLOG;Não
RJ;Volta Redonda;MOVEL SERVICE;Sim
RJ;Volta Redonda;MOVEL SERVICE;Sim
RN;Acari;MG - DOMINALOG;Não
RN;Açu;MG - DOMINALOG;Não
RN;Afonso Bezerra;MG - DOMINALOG;Não
RN;Água Nova;MG - DOMINALOG;Não
RN;Alexandria;MG - DOMINALOG;Não
RN;Almino Afonso;MG - DOMINALOG;Não
RN;Alto do Rodrigues;MG - DOMINALOG;Não
RN;Angicos;MG - DOMINALOG;Não
RN;Antônio Martins;MG - DOMINALOG;Não
RN;Apodi;MG - DOMINALOG;Não
RN;Areia Branca;MG - DOMINALOG;Não
RN;Arez;MG - DOMINALOG;Não
RN;Baía Formosa;MG - DOMINALOG;Não
RN;Santana do Matos;MG - DOMINALOG;Não
RN;Baraúna;MG - DOMINALOG;Não
RN;Barcelona;MG - DOMINALOG;Não
RN;Bento Fernandes;MG - DOMINALOG;Não
RN;Boa Saúde;MG - DOMINALOG;Não
RN;Bodó;MG - DOMINALOG;Não
RN;Bom Jesus;MG - DOMINALOG;Não
RN;Brejinho;MG - DOMINALOG;Não
RN;Caiçara do Norte;MG - DOMINALOG;Não
RN;Caiçara do Rio do Vento;MG - DOMINALOG;Não
RN;Caicó;MG - DOMINALOG;Não
RN;Campo Grande;MG - DOMINALOG;Não
RN;Campo Redondo;MG - DOMINALOG;Não
RN;Canguaretama;MG - DOMINALOG;Não
RN;Caraúbas;MG - DOMINALOG;Não
RN;Carnaúba dos Dantas;MG - DOMINALOG;Não
RN;Carnaubais;MG - DOMINALOG;Não
RN;Ceará-Mirim;MG - DOMINALOG;Não
RN;Cerro Corá;MG - DOMINALOG;Não
RN;Coronel Ezequiel;MG - DOMINALOG;Não
RN;Coronel João Pessoa;MG - DOMINALOG;Não
RN;Cruzeta;MG - DOMINALOG;Não
RN;Currais Novos;MG - DOMINALOG;Não
RN;Doutor Severiano;MG - DOMINALOG;Não
RN;Encanto;MG - DOMINALOG;Não
RN;Equador;MG - DOMINALOG;Não
RN;Espírito Santo;MG - DOMINALOG;Não
RN;Paraú;MG - DOMINALOG;Não
RN;Extremoz;MG - DOMINALOG;Não
RN;Felipe Guerra;MG - DOMINALOG;Não
RN;Fernando Pedroza;MG - DOMINALOG;Não
RN;Lajes;MG - DOMINALOG;Não
RN;Florânia;MG - DOMINALOG;Não
RN;Francisco Dantas;MG - DOMINALOG;Não
RN;Frutuoso Gomes;MG - DOMINALOG;Não
RN;Galinhos;MG - DOMINALOG;Não
RN;Taipu;MG - DOMINALOG;Não
RN;Goianinha;MG - DOMINALOG;Não
RN;Governador Dix-Sept Rosado;MG - DOMINALOG;Não
RN;Grossos;MG - DOMINALOG;Não
RN;Guamaré;MG - DOMINALOG;Não
RN;Ielmo Marinho;MG - DOMINALOG;Não
RN;São Gonçalo do Amarante;MG - DOMINALOG;Não
RN;Ipanguaçu;MG - DOMINALOG;Não
RN;São José do Campestre;MG - DOMINALOG;Não
RN;Ipueira;MG - DOMINALOG;Não
RN;Itajá;MG - DOMINALOG;Não
RN;Itaú;MG - DOMINALOG;Não
RN;Jaçanã;MG - DOMINALOG;Não
RN;Jandaíra;MG - DOMINALOG;Não
RN;Janduís;MG - DOMINALOG;Não
RN;Japi;MG - DOMINALOG;Não
RN;Jardim de Angicos;MG - DOMINALOG;Não
RN;Jardim de Piranhas;MG - DOMINALOG;Não
RN;Jardim do Seridó;MG - DOMINALOG;Não
RN;João Câmara;MG - DOMINALOG;Não
RN;João Dias;MG - DOMINALOG;Não
RN;José da Penha;MG - DOMINALOG;Não
RN;Jucurutu;MG - DOMINALOG;Não
RN;Jundiá;MG - DOMINALOG;Não
RN;Lagoa D'Anta;MG - DOMINALOG;Não
RN;Lagoa de Pedras;MG - DOMINALOG;Não
RN;Lagoa de Velhos;MG - DOMINALOG;Não
RN;Lagoa Nova;MG - DOMINALOG;Não
RN;Lagoa Salgada;MG - DOMINALOG;Não
RN;Lajes Pintadas;MG - DOMINALOG;Não
RN;Lucrécia;MG - DOMINALOG;Não
RN;Luís Gomes;MG - DOMINALOG;Não
RN;Macaíba;MG - DOMINALOG;Não
RN;Macau;MG - DOMINALOG;Não
RN;Major Sales;MG - DOMINALOG;Não
RN;Marcelino Vieira;MG - DOMINALOG;Não
RN;Martins;MG - DOMINALOG;Não
RN;Tenente Ananias;MG - DOMINALOG;Não
RN;Maxaranguape;MG - DOMINALOG;Não
RN;Messias Targino;MG - DOMINALOG;Não
RN;Montanhas;MG - DOMINALOG;Não
RN;Monte Alegre;MG - DOMINALOG;Não
RN;Monte das Gameleiras;MG - DOMINALOG;Não
RN;Mossoró;MG - DOMINALOG;Não
RN;Natal;MG - DOMINALOG;Não
RN;Nísia Floresta;MG - DOMINALOG;Não
RN;Nova Cruz;MG - DOMINALOG;Não
RN;Olho-D'Água do Borges;MG - DOMINALOG;Não
RN;Ouro Branco;MG - DOMINALOG;Não
RN;Paraná;MG - DOMINALOG;Não
RN;Parazinho;MG - DOMINALOG;Não
RN;Parelhas;MG - DOMINALOG;Não
RN;Parnamirim;MG - DOMINALOG;Não
RN;Passa e Fica;MG - DOMINALOG;Não
RN;Passagem;MG - DOMINALOG;Não
RN;Patu;MG - DOMINALOG;Não
RN;Pau dos Ferros;MG - DOMINALOG;Não
RN;Pedra Grande;MG - DOMINALOG;Não
RN;Pedra Preta;MG - DOMINALOG;Não
RN;Pedro Avelino;MG - DOMINALOG;Não
RN;Pedro Velho;MG - DOMINALOG;Não
RN;Pendências;MG - DOMINALOG;Não
RN;Pilões;MG - DOMINALOG;Não
RN;Poço Branco;MG - DOMINALOG;Não
RN;Portalegre;MG - DOMINALOG;Não
RN;Porto do Mangue;MG - DOMINALOG;Não
RN;Pureza;MG - DOMINALOG;Não
RN;Rafael Fernandes;MG - DOMINALOG;Não
RN;Rafael Godeiro;MG - DOMINALOG;Não
RN;Riacho da Cruz;MG - DOMINALOG;Não
RN;Riacho de Santana;MG - DOMINALOG;Não
RN;Riachuelo;MG - DOMINALOG;Não
RN;Rio do Fogo;MG - DOMINALOG;Não
RN;Rodolfo Fernandes;MG - DOMINALOG;Não
RN;Ruy Barbosa;MG - DOMINALOG;Não
RN;Santa Cruz;MG - DOMINALOG;Não
RN;Santa Maria;MG - DOMINALOG;Não
RN;Santana do Seridó;MG - DOMINALOG;Não
RN;Santo Antônio;MG - DOMINALOG;Não
RN;São Bento do Norte;MG - DOMINALOG;Não
RN;São Bento do Trairi;MG - DOMINALOG;Não
RN;São Fernando;MG - DOMINALOG;Não
RN;São Francisco do Oeste;MG - DOMINALOG;Não
RN;São João do Sabugi;MG - DOMINALOG;Não
RN;São José de Mipibu;MG - DOMINALOG;Não
RN;São José do Seridó;MG - DOMINALOG;Não
RN;São Miguel;MG - DOMINALOG;Não
RN;São Miguel do Gostoso;MG - DOMINALOG;Não
RN;São Paulo do Potengi;MG - DOMINALOG;Não
RN;São Pedro;MG - DOMINALOG;Não
RN;São Rafael;MG - DOMINALOG;Não
RN;São Tomé;MG - DOMINALOG;Não
RN;São Vicente;MG - DOMINALOG;Não
RN;Senador Elói de Souza;MG - DOMINALOG;Não
RN;Senador Georgino Avelino;MG - DOMINALOG;Não
RN;Serra Caiada;MG - DOMINALOG;Não
RN;Sítio Novo;MG - DOMINALOG;Não
RN;Serra de São Bento;MG - DOMINALOG;Não
RN;Serra do Mel;MG - DOMINALOG;Não
RN;Serra Negra do Norte;MG - DOMINALOG;Não
RN;Serrinha;MG - DOMINALOG;Não
RN;Serrinha dos Pintos;MG - DOMINALOG;Não
RN;Severiano Melo;MG - DOMINALOG;Não
RN;Taboleiro Grande;MG - DOMINALOG;Não
RN;Tangará;MG - DOMINALOG;Não
RN;Tenente Laurentino Cruz;MG - DOMINALOG;Não
RN;Tibau;MG - DOMINALOG;Não
RN;Tibau do Sul;MG - DOMINALOG;Não
RN;Timbaúba dos Batistas;MG - DOMINALOG;Não
RN;Touros;MG - DOMINALOG;Não
RN;Triunfo Potiguar;MG - DOMINALOG;Não
RN;Umarizal;MG - DOMINALOG;Não
RN;Upanema;MG - DOMINALOG;Não
RN;Várzea;MG - DOMINALOG;Não
RN;Venha-Ver;MG - DOMINALOG;Não
RN;Vera Cruz;MG - DOMINALOG;Não
RN;Viçosa;MG - DOMINALOG;Não
RN;Vila Flor;MG - DOMINALOG;Não
RS;Aceguá;MG - DOMINALOG;Não
RS;São Luiz Gonzaga;MG - DOMINALOG;Não
RS;Água Santa;MG - DOMINALOG;Não
RS;Agudo;MG - DOMINALOG;Não
RS;Ajuricaba;MG - DOMINALOG;Não
RS;Rio Pardo;MG - DOMINALOG;Não
RS;Alecrim;MG - DOMINALOG;Não
RS;Alegrete;MG - DOMINALOG;Não
RS;Alegria;MG - DOMINALOG;Não
RS;Ibirubá;MG - DOMINALOG;Não
RS;Almirante Tamandaré do Sul;MG - DOMINALOG;Não
RS;Alpestre;MG - DOMINALOG;Não
RS;Alto Alegre;MG - DOMINALOG;Não
RS;Pedro Osório;MG - DOMINALOG;Não
RS;Ijuí;MG - DOMINALOG;Não
RS;Alto Feliz;MG - DOMINALOG;Não
RS;Santa Cruz do Sul;MG - DOMINALOG;Não
RS;Ronda Alta;MG - DOMINALOG;Não
RS;Três Passos;MG - DOMINALOG;Não
RS;Alvorada;KMAN MOVEIS;Sim
RS;Amaral Ferrador;MG - DOMINALOG;Não
RS;Ametista do Sul;MG - DOMINALOG;Não
RS;André da Rocha;MG - DOMINALOG;Não
RS;Anta Gorda;MG - DOMINALOG;Não
RS;Coronel Bicaco;MG - DOMINALOG;Não
RS;Antônio Prado;MG - DOMINALOG;Não
RS;Arambaré;MG - DOMINALOG;Não
RS;Araricá;GRAVATAI - BULK;Não
RS;Aratiba;MG - DOMINALOG;Não
RS;Carlos Barbosa;MG - DOMINALOG;Não
RS;Erval Seco;MG - DOMINALOG;Não
RS;Barão;GRAVATAI - BULK;Não
RS;Arroio do Meio;MG - DOMINALOG;Não
RS;Arroio do Padre;MG - DOMINALOG;Não
RS;Arroio do Sal;GRAVATAI - BULK;Não
RS;Santa Maria;MG - DOMINALOG;Não
RS;Arroio do Tigre;MG - DOMINALOG;Não
RS;Arroio dos Ratos;MG - DOMINALOG;Não
RS;Arroio Grande;MG - DOMINALOG;Não
RS;Selbach;MG - DOMINALOG;Não
RS;Santa Vitória do Palmar;MG - DOMINALOG;Não
RS;Arvorezinha;MG - DOMINALOG;Não
RS;Santo Ângelo;MG - DOMINALOG;Não
RS;Sarandi;MG - DOMINALOG;Não
RS;Augusto Pestana;MG - DOMINALOG;Não
RS;Áurea;MG - DOMINALOG;Não
RS;Espumoso;MG - DOMINALOG;Não
RS;São Gabriel;MG - DOMINALOG;Não
RS;Palmares do Sul;MG - DOMINALOG;Não
RS;Bagé;MG - DOMINALOG;Não
RS;Gaurama;MG - DOMINALOG;Não
RS;Balneário Pinhal;MG - DOMINALOG;Não
RS;Camaquã;MG - DOMINALOG;Não
RS;Barão de Cotegipe;MG - DOMINALOG;Não
RS;Barão do Triunfo;MG - DOMINALOG;Não
RS;Barra do Guarita;MG - DOMINALOG;Não
RS;Maquiné;MG - DOMINALOG;Não
RS;Barra do Quaraí;MG - DOMINALOG;Não
RS;Barra do Ribeiro;MG - DOMINALOG;Não
RS;Barra do Rio Azul;MG - DOMINALOG;Não
RS;Barra Funda;MG - DOMINALOG;Não
RS;Barracão;MG - DOMINALOG;Não
RS;Cachoeira do Sul;MG - DOMINALOG;Não
RS;Barros Cassal;MG - DOMINALOG;Não
RS;Herval;MG - DOMINALOG;Não
RS;Machadinho;MG - DOMINALOG;Não
RS;Passo Fundo;MG - DOMINALOG;Não
RS;Segredo;MG - DOMINALOG;Não
RS;São Francisco de Assis;MG - DOMINALOG;Não
RS;Benjamin Constant do Sul;MG - DOMINALOG;Não
RS;Bento Gonçalves;GRAVATAI - BULK;Não
RS;Rolante;KMAN MOVEIS;Sim
RS;Salvador do Sul;GRAVATAI - BULK;Não
RS;São Lourenço do Sul;MG - DOMINALOG;Não
RS;Boa Vista das Missões;MG - DOMINALOG;Não
RS;Boa Vista do Buricá;MG - DOMINALOG;Não
RS;Boa Vista do Cadeado;MG - DOMINALOG;Não
RS;Boa Vista do Incra;MG - DOMINALOG;Não
RS;Boa Vista do Sul;MG - DOMINALOG;Não
RS;Chapada;MG - DOMINALOG;Não
RS;São José do Norte;MG - DOMINALOG;Não
RS;Caçapava do Sul;MG - DOMINALOG;Não
RS;Bom Jesus;MG - DOMINALOG;Não
RS;Bom Princípio;MG - DOMINALOG;Não
RS;Bom Progresso;MG - DOMINALOG;Não
RS;Cambará do Sul;MG - DOMINALOG;Não
RS;Eldorado do Sul;KMAN MOVEIS;Sim
RS;Bom Retiro do Sul;MG - DOMINALOG;Não
RS;General Câmara;MG - DOMINALOG;Não
RS;Boqueirão do Leão;MG - DOMINALOG;Não
RS;Maçambará;MG - DOMINALOG;Não
RS;Bossoroca;MG - DOMINALOG;Não
RS;Candelária;MG - DOMINALOG;Não
RS;Braga;MG - DOMINALOG;Não
RS;Brochier;GRAVATAI - BULK;Não
RS;Butiá;MG - DOMINALOG;Não
RS;Tavares;MG - DOMINALOG;Não
RS;Cacequi;MG - DOMINALOG;Não
RS;Cachoeirinha;KMAN MOVEIS;Sim
RS;Cacique Doble;MG - DOMINALOG;Não
RS;Nova Alvorada;MG - DOMINALOG;Não
RS;Caibaté;MG - DOMINALOG;Não
RS;Caiçara;MG - DOMINALOG;Não
RS;Camargo;MG - DOMINALOG;Não
RS;Campestre da Serra;MG - DOMINALOG;Não
RS;Campina das Missões;MG - DOMINALOG;Não
RS;Saldanha Marinho;MG - DOMINALOG;Não
RS;Campinas do Sul;MG - DOMINALOG;Não
RS;Campo Bom;KMAN MOVEIS;Sim
RS;Progresso;MG - DOMINALOG;Não
RS;Mato Castelhano;MG - DOMINALOG;Não
RS;Campo Novo;MG - DOMINALOG;Não
RS;Fontoura Xavier;MG - DOMINALOG;Não
RS;Rosário do Sul;MG - DOMINALOG;Não
RS;Nova Hartz;KMAN MOVEIS;Sim
RS;Campos Borges;MG - DOMINALOG;Não
RS;Giruá;MG - DOMINALOG;Não
RS;Cândido Godói;MG - DOMINALOG;Não
RS;Candiota;MG - DOMINALOG;Não
RS;Canela;GRAVATAI - BULK;Não
RS;Canguçu;MG - DOMINALOG;Não
RS;Nova Palma;MG - DOMINALOG;Não
RS;Canoas;KMAN MOVEIS;Sim
RS;Canudos do Vale;MG - DOMINALOG;Não
RS;Capão Bonito do Sul;MG - DOMINALOG;Não
RS;Salto do Jacuí;MG - DOMINALOG;Não
RS;Capão da Canoa;GRAVATAI - BULK;Não
RS;Lagoa Vermelha;MG - DOMINALOG;Não
RS;Capão do Cipó;MG - DOMINALOG;Não
RS;Capão do Leão;MG - DOMINALOG;Não
RS;Capela de Santana;KMAN MOVEIS;Sim
RS;Constantina;MG - DOMINALOG;Não
RS;Capitão;MG - DOMINALOG;Não
RS;Capivari do Sul;MG - DOMINALOG;Não
RS;Pantano Grande;MG - DOMINALOG;Não
RS;Erechim;MG - DOMINALOG;Não
RS;Tenente Portela;MG - DOMINALOG;Não
RS;Caraá;MG - DOMINALOG;Não
RS;Carazinho;MG - DOMINALOG;Não
RS;Carlos Gomes;MG - DOMINALOG;Não
RS;Casca;MG - DOMINALOG;Não
RS;Horizontina;MG - DOMINALOG;Não
RS;Pelotas;MG - DOMINALOG;Não
RS;Caseiros;MG - DOMINALOG;Não
RS;Frederico Westphalen;MG - DOMINALOG;Não
RS;Catuípe;MG - DOMINALOG;Não
RS;São Vicente do Sul;MG - DOMINALOG;Não
RS;Caxias do Sul;GRAVATAI - BULK;Não
RS;São Francisco de Paula;GRAVATAI - BULK;Não
RS;Centenário;MG - DOMINALOG;Não
RS;Venâncio Aires;MG - DOMINALOG;Não
RS;Cerrito;MG - DOMINALOG;Não
RS;São Sepé;MG - DOMINALOG;Não
RS;Tuparendi;MG - DOMINALOG;Não
RS;Cerro Branco;MG - DOMINALOG;Não
RS;São Pedro do Sul;MG - DOMINALOG;Não
RS;Cerro Grande;MG - DOMINALOG;Não
RS;Cerro Grande do Sul;MG - DOMINALOG;Não
RS;Cerro Largo;MG - DOMINALOG;Não
RS;Jaquirana;MG - DOMINALOG;Não
RS;Charqueadas;MG - DOMINALOG;Não
RS;Charrua;MG - DOMINALOG;Não
RS;Chiapetta;MG - DOMINALOG;Não
RS;Santo Antônio da Patrulha;MG - DOMINALOG;Não
RS;Chuí;MG - DOMINALOG;Não
RS;Chuvisca;MG - DOMINALOG;Não
RS;Cidreira;KMAN MOVEIS;Sim
RS;Ciríaco;MG - DOMINALOG;Não
RS;Mata;MG - DOMINALOG;Não
RS;São Miguel das Missões;MG - DOMINALOG;Não
RS;Colinas;MG - DOMINALOG;Não
RS;Independência;MG - DOMINALOG;Não
RS;Cruz Alta;MG - DOMINALOG;Não
RS;Colorado;MG - DOMINALOG;Não
RS;Condor;MG - DOMINALOG;Não
RS;Três de Maio;MG - DOMINALOG;Não
RS;Coqueiro Baixo;MG - DOMINALOG;Não
RS;Coqueiros do Sul;MG - DOMINALOG;Não
RS;São Valério do Sul;MG - DOMINALOG;Não
RS;Coronel Barros;MG - DOMINALOG;Não
RS;Coronel Pilar;MG - DOMINALOG;Não
RS;Marcelino Ramos;MG - DOMINALOG;Não
RS;Novo Cabrais;MG - DOMINALOG;Não
RS;Triunfo;MG - DOMINALOG;Não
RS;Estrela;GRAVATAI - BULK;Não
RS;Cotiporã;MG - DOMINALOG;Não
RS;Coxilha;MG - DOMINALOG;Não
RS;Vacaria;MG - DOMINALOG;Não
RS;Crissiumal;MG - DOMINALOG;Não
RS;Cristal;MG - DOMINALOG;Não
RS;Cristal do Sul;MG - DOMINALOG;Não
RS;Cruzaltense;MG - DOMINALOG;Não
RS;Cruzeiro do Sul;MG - DOMINALOG;Não
RS;Imigrante;MG - DOMINALOG;Não
RS;David Canabarro;MG - DOMINALOG;Não
RS;Derrubadas;MG - DOMINALOG;Não
RS;Dezesseis de Novembro;MG - DOMINALOG;Não
RS;Dilermando de Aguiar;MG - DOMINALOG;Não
RS;Dois Irmãos;KMAN MOVEIS;Sim
RS;Dois Irmãos das Missões;MG - DOMINALOG;Não
RS;Dois Lajeados;MG - DOMINALOG;Não
RS;São José do Sul;GRAVATAI - BULK;Não
RS;Dom Feliciano;MG - DOMINALOG;Não
RS;Dom Pedrito;MG - DOMINALOG;Não
RS;Dom Pedro de Alcântara;MG - DOMINALOG;Não
RS;Dona Francisca;MG - DOMINALOG;Não
RS;Roque Gonzales;MG - DOMINALOG;Não
RS;Bozano;MG - DOMINALOG;Não
RS;Mostardas;MG - DOMINALOG;Não
RS;Doutor Maurício Cardoso;MG - DOMINALOG;Não
RS;Doutor Ricardo;MG - DOMINALOG;Não
RS;Encantado;GRAVATAI - BULK;Não
RS;Encruzilhada do Sul;MG - DOMINALOG;Não
RS;Engenho Velho;MG - DOMINALOG;Não
RS;Entre Rios do Sul;MG - DOMINALOG;Não
RS;Entre-Ijuís;MG - DOMINALOG;Não
RS;Taquara;KMAN MOVEIS;Sim
RS;Erebango;MG - DOMINALOG;Não
RS;Ernestina;MG - DOMINALOG;Não
RS;Santiago;MG - DOMINALOG;Não
RS;Erval Grande;MG - DOMINALOG;Não
RS;Esmeralda;MG - DOMINALOG;Não
RS;Esperança do Sul;MG - DOMINALOG;Não
RS;Tupanciretã;MG - DOMINALOG;Não
RS;Estação;MG - DOMINALOG;Não
RS;Estância Velha;MG - DOMINALOG;Não
RS;Esteio;KMAN MOVEIS;Sim
RS;Estrela Velha;MG - DOMINALOG;Não
RS;Eugênio de Castro;MG - DOMINALOG;Não
RS;Fagundes Varela;MG - DOMINALOG;Não
RS;São José do Ouro;MG - DOMINALOG;Não
RS;Farroupilha;MG - DOMINALOG;Não
RS;Victor Graeff;MG - DOMINALOG;Não
RS;Faxinal do Soturno;MG - DOMINALOG;Não
RS;Faxinalzinho;MG - DOMINALOG;Não
RS;Fazenda Vilanova;MG - DOMINALOG;Não
RS;Feliz;MG - DOMINALOG;Não
RS;Flores da Cunha;MG - DOMINALOG;Não
RS;Floriano Peixoto;MG - DOMINALOG;Não
RS;Formigueiro;MG - DOMINALOG;Não
RS;Forquetinha;MG - DOMINALOG;Não
RS;Fortaleza dos Valos;MG - DOMINALOG;Não
RS;Garibaldi;MG - DOMINALOG;Não
RS;Garruchos;MG - DOMINALOG;Não
RS;Gentil;MG - DOMINALOG;Não
RS;Getúlio Vargas;MG - DOMINALOG;Não
RS;Torres;GRAVATAI - BULK;Não
RS;Glorinha;KMAN MOVEIS;Sim
RS;Gramado;GRAVATAI - BULK;Não
RS;Gramado dos Loureiros;MG - DOMINALOG;Não
RS;Gramado Xavier;MG - DOMINALOG;Não
RS;Gravataí;KMAN MOVEIS;Sim
RS;Guabiju;MG - DOMINALOG;Não
RS;Guaíba;KMAN MOVEIS;Sim
RS;Guaporé;MG - DOMINALOG;Não
RS;Guarani das Missões;MG - DOMINALOG;Não
RS;Harmonia;GRAVATAI - BULK;Não
RS;Herveiras;MG - DOMINALOG;Não
RS;Hulha Negra;MG - DOMINALOG;Não
RS;Humaitá;MG - DOMINALOG;Não
RS;Ibarama;MG - DOMINALOG;Não
RS;Lavras do Sul;MG - DOMINALOG;Não
RS;Ibiaçá;MG - DOMINALOG;Não
RS;Ibiraiaras;MG - DOMINALOG;Não
RS;Ibirapuitã;MG - DOMINALOG;Não
RS;Igrejinha;KMAN MOVEIS;Sim
RS;Jaguari;MG - DOMINALOG;Não
RS;Rio Grande;MG - DOMINALOG;Não
RS;Ilópolis;MG - DOMINALOG;Não
RS;Imbé;GRAVATAI - BULK;Não
RS;Inhacorá;MG - DOMINALOG;Não
RS;Ipê;MG - DOMINALOG;Não
RS;Ipiranga do Sul;MG - DOMINALOG;Não
RS;Iraí;MG - DOMINALOG;Não
RS;Itaara;MG - DOMINALOG;Não
RS;Itacurubi;MG - DOMINALOG;Não
RS;Itaqui;MG - DOMINALOG;Não
RS;Itapuca;MG - DOMINALOG;Não
RS;Itati;MG - DOMINALOG;Não
RS;Itatiba do Sul;MG - DOMINALOG;Não
RS;Ivorá;MG - DOMINALOG;Não
RS;Ivoti;MG - DOMINALOG;Não
RS;Jaboticaba;MG - DOMINALOG;Não
RS;Jacuizinho;MG - DOMINALOG;Não
RS;Jacutinga;MG - DOMINALOG;Não
RS;Jaguarão;MG - DOMINALOG;Não
RS;Jari;MG - DOMINALOG;Não
RS;Uruguaiana;MG - DOMINALOG;Não
RS;Jóia;MG - DOMINALOG;Não
RS;Júlio de Castilhos;MG - DOMINALOG;Não
RS;Lagoa Bonita do Sul;MG - DOMINALOG;Não
RS;Lagoa dos Três Cantos;MG - DOMINALOG;Não
RS;Lagoão;MG - DOMINALOG;Não
RS;Lajeado;GRAVATAI - BULK;Não
RS;Tiradentes do Sul;MG - DOMINALOG;Não
RS;Lajeado do Bugre;MG - DOMINALOG;Não
RS;Vicente Dutra;MG - DOMINALOG;Não
RS;Sagrada Família;MG - DOMINALOG;Não
RS;Liberato Salzano;MG - DOMINALOG;Não
RS;Lindolfo Collor;MG - DOMINALOG;Não
RS;Linha Nova;MG - DOMINALOG;Não
RS;Mampituba;MG - DOMINALOG;Não
RS;Manoel Viana;MG - DOMINALOG;Não
RS;Maratá;GRAVATAI - BULK;Não
RS;Marau;MG - DOMINALOG;Não
RS;Mariana Pimentel;MG - DOMINALOG;Não
RS;Mariano Moro;MG - DOMINALOG;Não
RS;Osório;MG - DOMINALOG;Não
RS;Marques de Souza;MG - DOMINALOG;Não
RS;Mato Leitão;MG - DOMINALOG;Não
RS;Mato Queimado;MG - DOMINALOG;Não
RS;Maximiliano de Almeida;MG - DOMINALOG;Não
RS;Minas do Leão;MG - DOMINALOG;Não
RS;Miraguaí;MG - DOMINALOG;Não
RS;Severiano de Almeida;MG - DOMINALOG;Não
RS;Montauri;MG - DOMINALOG;Não
RS;Monte Alegre dos Campos;MG - DOMINALOG;Não
RS;Monte Belo do Sul;MG - DOMINALOG;Não
RS;Montenegro;MG - DOMINALOG;Não
RS;Mormaço;MG - DOMINALOG;Não
RS;São Jerônimo;KMAN MOVEIS;Sim
RS;Morrinhos do Sul;MG - DOMINALOG;Não
RS;Três Cachoeiras;MG - DOMINALOG;Não
RS;Morro Redondo;MG - DOMINALOG;Não
RS;Morro Reuter;GRAVATAI - BULK;Não
RS;Muçum;MG - DOMINALOG;Não
RS;Muitos Capões;MG - DOMINALOG;Não
RS;Muliterno;MG - DOMINALOG;Não
RS;Não-Me-Toque;MG - DOMINALOG;Não
RS;Nicolau Vergueiro;MG - DOMINALOG;Não
RS;Nonoai;MG - DOMINALOG;Não
RS;São Sebastião do Caí;KMAN MOVEIS;Sim
RS;São Sebastião do Caí;GRAVATAI - BULK;Não
RS;Nova Araçá;MG - DOMINALOG;Não
RS;Nova Bassano;MG - DOMINALOG;Não
RS;Nova Boa Vista;MG - DOMINALOG;Não
RS;Nova Bréscia;MG - DOMINALOG;Não
RS;Nova Candelária;MG - DOMINALOG;Não
RS;Nova Esperança do Sul;MG - DOMINALOG;Não
RS;Nova Pádua;MG - DOMINALOG;Não
RS;Nova Petrópolis;MG - DOMINALOG;Não
RS;Nova Prata;MG - DOMINALOG;Não
RS;Nova Ramada;MG - DOMINALOG;Não
RS;Nova Roma do Sul;MG - DOMINALOG;Não
RS;Nova Santa Rita;KMAN MOVEIS;Sim
RS;Novo Barreiro;MG - DOMINALOG;Não
RS;Novo Hamburgo;KMAN MOVEIS;Sim
RS;Novo Machado;MG - DOMINALOG;Não
RS;Novo Tiradentes;MG - DOMINALOG;Não
RS;Paim Filho;MG - DOMINALOG;Não
RS;Palmeira das Missões;MG - DOMINALOG;Não
RS;Palmitinho;MG - DOMINALOG;Não
RS;Sant'Ana do Livramento;MG - DOMINALOG;Não
RS;Panambi;MG - DOMINALOG;Não
RS;Paraí;MG - DOMINALOG;Não
RS;Paraíso do Sul;MG - DOMINALOG;Não
RS;Pareci Novo;GRAVATAI - BULK;Não
RS;Parobé;KMAN MOVEIS;Sim
RS;Passa Sete;MG - DOMINALOG;Não
RS;Passo do Sobrado;MG - DOMINALOG;Não
RS;Paulo Bento;MG - DOMINALOG;Não
RS;Paverama;MG - DOMINALOG;Não
RS;Pedras Altas;MG - DOMINALOG;Não
RS;Santo Augusto;MG - DOMINALOG;Não
RS;Pejuçara;MG - DOMINALOG;Não
RS;Picada Café;MG - DOMINALOG;Não
RS;Pinhal;MG - DOMINALOG;Não
RS;Sinimbu;MG - DOMINALOG;Não
RS;Soledade;MG - DOMINALOG;Não
RS;Pinhal da Serra;MG - DOMINALOG;Não
RS;Pinhal Grande;MG - DOMINALOG;Não
RS;Pinheirinho do Vale;MG - DOMINALOG;Não
RS;Pinheiro Machado;MG - DOMINALOG;Não
RS;São Paulo das Missões;MG - DOMINALOG;Não
RS;Pinto Bandeira;MG - DOMINALOG;Não
RS;Pirapó;MG - DOMINALOG;Não
RS;Piratini;MG - DOMINALOG;Não
RS;Planalto;MG - DOMINALOG;Não
RS;Poço das Antas;GRAVATAI - BULK;Não
RS;Pontão;MG - DOMINALOG;Não
RS;Ponte Preta;MG - DOMINALOG;Não
RS;Portão;KMAN MOVEIS;Sim
RS;Porto Alegre;KMAN MOVEIS;Sim
RS;Porto Lucena;MG - DOMINALOG;Não
RS;Porto Mauá;MG - DOMINALOG;Não
RS;Porto Vera Cruz;MG - DOMINALOG;Não
RS;Porto Xavier;MG - DOMINALOG;Não
RS;Pouso Novo;MG - DOMINALOG;Não
RS;Tucunduva;MG - DOMINALOG;Não
RS;Presidente Lucena;MG - DOMINALOG;Não
RS;Três Palmeiras;MG - DOMINALOG;Não
RS;Protásio Alves;MG - DOMINALOG;Não
RS;Putinga;MG - DOMINALOG;Não
RS;Quaraí;MG - DOMINALOG;Não
RS;Quatro Irmãos;MG - DOMINALOG;Não
RS;Quevedos;MG - DOMINALOG;Não
RS;Quinze de Novembro;MG - DOMINALOG;Não
RS;Redentora;MG - DOMINALOG;Não
RS;Relvado;MG - DOMINALOG;Não
RS;Restinga Seca;MG - DOMINALOG;Não
RS;São Borja;MG - DOMINALOG;Não
RS;Rio dos Índios;MG - DOMINALOG;Não
RS;Sananduva;MG - DOMINALOG;Não
RS;Riozinho;GRAVATAI - BULK;Não
RS;Roca Sales;MG - DOMINALOG;Não
RS;Rodeio Bonito;MG - DOMINALOG;Não
RS;Rolador;MG - DOMINALOG;Não
RS;Rondinha;MG - DOMINALOG;Não
RS;Salvador das Missões;MG - DOMINALOG;Não
RS;São Valentim do Sul;MG - DOMINALOG;Não
RS;Santa Bárbara do Sul;MG - DOMINALOG;Não
RS;Santa Cecília do Sul;MG - DOMINALOG;Não
RS;Santa Clara do Sul;MG - DOMINALOG;Não
RS;Santa Maria do Herval;GRAVATAI - BULK;Não
RS;Santa Rosa;MG - DOMINALOG;Não
RS;Santa Tereza;MG - DOMINALOG;Não
RS;Santana da Boa Vista;MG - DOMINALOG;Não
RS;Santo Antônio das Missões;MG - DOMINALOG;Não
RS;Santo Antônio do Palma;MG - DOMINALOG;Não
RS;Santo Antônio do Planalto;MG - DOMINALOG;Não
RS;Santo Cristo;MG - DOMINALOG;Não
RS;Santo Expedito do Sul;MG - DOMINALOG;Não
RS;São Domingos do Sul;MG - DOMINALOG;Não
RS;Vitória das Missões;MG - DOMINALOG;Não
RS;São João da Urtiga;MG - DOMINALOG;Não
RS;São João do Polêsine;MG - DOMINALOG;Não
RS;São Jorge;MG - DOMINALOG;Não
RS;São José das Missões;MG - DOMINALOG;Não
RS;São José do Herval;MG - DOMINALOG;Não
RS;São José do Hortêncio;MG - DOMINALOG;Não
RS;São José do Inhacorá;MG - DOMINALOG;Não
RS;São José dos Ausentes;MG - DOMINALOG;Não
RS;São Leopoldo;KMAN MOVEIS;Sim
RS;São Marcos;MG - DOMINALOG;Não
RS;São Martinho;MG - DOMINALOG;Não
RS;São Martinho da Serra;MG - DOMINALOG;Não
RS;São Nicolau;MG - DOMINALOG;Não
RS;São Pedro das Missões;MG - DOMINALOG;Não
RS;São Pedro da Serra;GRAVATAI - BULK;Não
RS;São Pedro do Butiá;MG - DOMINALOG;Não
RS;São Valentim;MG - DOMINALOG;Não
RS;São Vendelino;MG - DOMINALOG;Não
RS;Sapiranga;KMAN MOVEIS;Sim
RS;Sapucaia do Sul;KMAN MOVEIS;Sim
RS;Seberi;MG - DOMINALOG;Não
RS;Sede Nova;MG - DOMINALOG;Não
RS;Senador Salgado Filho;MG - DOMINALOG;Não
RS;Sentinela do Sul;MG - DOMINALOG;Não
RS;Serafina Corrêa;MG - DOMINALOG;Não
RS;Sério;MG - DOMINALOG;Não
RS;Sertão;MG - DOMINALOG;Não
RS;Sertão Santana;MG - DOMINALOG;Não
RS;Sete de Setembro;MG - DOMINALOG;Não
RS;Silveira Martins;MG - DOMINALOG;Não
RS;Sobradinho;MG - DOMINALOG;Não
RS;Tabaí;MG - DOMINALOG;Não
RS;Tapejara;MG - DOMINALOG;Não
RS;Tapera;MG - DOMINALOG;Não
RS;Tapes;MG - DOMINALOG;Não
RS;Taquari;MG - DOMINALOG;Não
RS;Taquaruçu do Sul;MG - DOMINALOG;Não
RS;Terra de Areia;MG - DOMINALOG;Não
RS;Teutônia;GRAVATAI - BULK;Não
RS;Toropi;MG - DOMINALOG;Não
RS;Tramandaí;GRAVATAI - BULK;Não
RS;Travesseiro;MG - DOMINALOG;Não
RS;Três Arroios;MG - DOMINALOG;Não
RS;Três Coroas;GRAVATAI - BULK;Não
RS;Três Forquilhas;MG - DOMINALOG;Não
RS;Trindade do Sul;MG - DOMINALOG;Não
RS;Tunas;MG - DOMINALOG;Não
RS;Tupanci do Sul;MG - DOMINALOG;Não
RS;Tupandi;GRAVATAI - BULK;Não
RS;Turuçu;MG - DOMINALOG;Não
RS;Ubiretama;MG - DOMINALOG;Não
RS;União da Serra;MG - DOMINALOG;Não
RS;Unistalda;MG - DOMINALOG;Não
RS;Vale do Sol;MG - DOMINALOG;Não
RS;Vale Real;MG - DOMINALOG;Não
RS;Vale Verde;MG - DOMINALOG;Não
RS;Vanini;MG - DOMINALOG;Não
RS;Vera Cruz;MG - DOMINALOG;Não
RS;Veranópolis;MG - DOMINALOG;Não
RS;Vespasiano Correa;MG - DOMINALOG;Não
RS;Viadutos;MG - DOMINALOG;Não
RS;Viamão;KMAN MOVEIS;Sim
RS;Vila Flores;MG - DOMINALOG;Não
RS;Vila Lângaro;MG - DOMINALOG;Não
RS;Vila Maria;MG - DOMINALOG;Não
RS;Vila Nova do Sul;MG - DOMINALOG;Não
RS;Vista Alegre;MG - DOMINALOG;Não
RS;Vista Alegre do Prata;MG - DOMINALOG;Não
RS;Vista Gaúcha;MG - DOMINALOG;Não
RS;Xangri-Lá;GRAVATAI - BULK;Não
RS;Novo Xingu;MG - DOMINALOG;Não
RS;Westfalia;MG - DOMINALOG;Não
RS;Santa Margarida do Sul;MG - DOMINALOG;Não
RS;Tio Hugo;MG - DOMINALOG;Não
RO;Porto Velho;FAVORITA;Não
RO;Alto Alegre dos Parecis;FAVORITA;Não
RO;Alta Floresta D'Oeste;FAVORITA;Não
RO;Alto Paraíso;FAVORITA;Não
RO;Alvorada D'Oeste;FAVORITA;Não
RO;Ariquemes;FAVORITA;Não
RO;Buritis;FAVORITA;Não
RO;Cabixi;FAVORITA;Não
RO;Cacaulândia;FAVORITA;Não
RO;Cacoal;FAVORITA;Não
RO;Campo Novo de Rondônia;FAVORITA;Não
RO;Candeias do Jamari;FAVORITA;Não
RO;Castanheiras;FAVORITA;Não
RO;Cerejeiras;FAVORITA;Não
RO;Chupinguaia;FAVORITA;Não
RO;Colorado do Oeste;FAVORITA;Não
RO;Corumbiara;FAVORITA;Não
RO;Costa Marques;FAVORITA;Não
RO;Cujubim;FAVORITA;Não
RO;Espigão D'Oeste;FAVORITA;Não
RO;Governador Jorge Teixeira;FAVORITA;Não
RO;Guajará-Mirim;FAVORITA;Não
RO;Itapuã do Oeste;FAVORITA;Não
RO;Jaru;FAVORITA;Não
RO;Ji-Paraná;FAVORITA;Não
RO;Machadinho D'Oeste;FAVORITA;Não
RO;Pimenta Bueno;FAVORITA;Não
RO;Ministro Andreazza;FAVORITA;Não
RO;Mirante da Serra;FAVORITA;Não
RO;Monte Negro;FAVORITA;Não
RO;Nova Brasilândia D'Oeste;FAVORITA;Não
RO;Nova Mamoré;FAVORITA;Não
RO;Nova União;FAVORITA;Não
RO;Novo Horizonte do Oeste;FAVORITA;Não
RO;Ouro Preto do Oeste;FAVORITA;Não
RO;Parecis;FAVORITA;Não
RO;São Francisco do Guaporé;FAVORITA;Não
RO;Pimenteiras do Oeste;FAVORITA;Não
RO;Presidente Médici;FAVORITA;Não
RO;Primavera de Rondônia;FAVORITA;Não
RO;Rio Crespo;FAVORITA;Não
RO;Rolim de Moura;FAVORITA;Não
RO;Santa Luzia D'Oeste;FAVORITA;Não
RO;São Felipe D'Oeste;FAVORITA;Não
RO;São Miguel do Guaporé;FAVORITA;Não
RO;Seringueiras;FAVORITA;Não
RO;Teixeirópolis;FAVORITA;Não
RO;Theobroma;FAVORITA;Não
RO;Urupá;FAVORITA;Não
RO;Vale do Anari;FAVORITA;Não
RO;Vale do Paraíso;FAVORITA;Não
RO;Vilhena;FAVORITA;Não
RR;Alto Alegre;FAVORITA;Não
RR;Amajari;FAVORITA;Não
RR;Boa Vista;FAVORITA;Não
RR;Bonfim;FAVORITA;Não
RR;Cantá;FAVORITA;Não
RR;Caracaraí;FAVORITA;Não
RR;Caroebe;FAVORITA;Não
RR;Iracema;FAVORITA;Não
RR;Mucajaí;FAVORITA;Não
RR;Normandia;FAVORITA;Não
RR;Pacaraima;FAVORITA;Não
RR;Rorainópolis;FAVORITA;Não
RR;São João da Baliza;FAVORITA;Não
RR;São Luiz;FAVORITA;Não
RR;Uiramutã;FAVORITA;Não
SC;Abdon Batista;CONECTA CARGO;Não
SC;Abelardo Luz;CONECTA CARGO;Não
SC;Agrolândia;CONECTA CARGO;Não
SC;Agronômica;CONECTA CARGO;Não
SC;Água Doce;CONECTA CARGO;Não
SC;Urubici;CONECTA CARGO;Não
SC;Águas de Chapecó;CONECTA CARGO;Não
SC;Águas Frias;CONECTA CARGO;Não
SC;Águas Mornas;CONECTA CARGO;Não
SC;Nova Trento;CONECTA CARGO;Não
SC;Grão Pará;JEV TRANSP;Sim
SC;Alfredo Wagner;CONECTA CARGO;Não
SC;Capinzal;CONECTA CARGO;Não
SC;Alto Bela Vista;CONECTA CARGO;Não
SC;Chapecó;CONECTA CARGO;Não
SC;Anchieta;CONECTA CARGO;Não
SC;Angelina;CONECTA CARGO;Não
SC;Anita Garibaldi;CONECTA CARGO;Não
SC;Anitápolis;CONECTA CARGO;Não
SC;Videira;CONECTA CARGO;Não
SC;Antônio Carlos;CONECTA CARGO;Não
SC;Apiúna;CONECTA CARGO;Não
SC;Arabutã;CONECTA CARGO;Não
SC;Araquari;CONECTA CARGO;Não
SC;Araranguá;CONECTA CARGO;Não
SC;Armazém;CONECTA CARGO;Não
SC;Arroio Trinta;CONECTA CARGO;Não
SC;Arvoredo;CONECTA CARGO;Não
SC;Ascurra;CONECTA CARGO;Não
SC;Atalanta;CONECTA CARGO;Não
SC;Pouso Redondo;CONECTA CARGO;Não
SC;Aurora;CONECTA CARGO;Não
SC;Pedras Grandes;JEV TRANSP;Sim
SC;Ponte Serrada;CONECTA CARGO;Não
SC;Balneário Arroio do Silva;CONECTA CARGO;Não
SC;Balneário Barra do Sul;CONECTA CARGO;Não
SC;Balneário Camboriú;TOPA TUDO MOVEI;Sim
SC;Balneário Gaivota;CONECTA CARGO;Não
SC;Bandeirante;CONECTA CARGO;Não
SC;Barra Bonita;CONECTA CARGO;Não
SC;Vitor Meireles;CONECTA CARGO;Não
SC;Erval Velho;CONECTA CARGO;Não
SC;Faxinal dos Guedes;CONECTA CARGO;Não
SC;Barra Velha;TOPA TUDO MOVEI;Sim
SC;Lauro Müller;JEV TRANSP;Sim
SC;Campo Alegre;CONECTA CARGO;Não
SC;Campos Novos;CONECTA CARGO;Não
SC;Mafra;CONECTA CARGO;Não
SC;Bela Vista do Toldo;CONECTA CARGO;Não
SC;Belmonte;CONECTA CARGO;Não
SC;Benedito Novo;CONECTA CARGO;Não
SC;Biguaçu;CONECTA CARGO;Não
SC;Blumenau;TOPA TUDO MOVEI;Sim
SC;Bocaina do Sul;CONECTA CARGO;Não
SC;Major Gercino;CONECTA CARGO;Não
SC;Bom Jardim da Serra;CONECTA CARGO;Não
SC;Bom Jesus;CONECTA CARGO;Não
SC;Bom Jesus do Oeste;CONECTA CARGO;Não
SC;Bom Retiro;CONECTA CARGO;Não
SC;Bombinhas;TOPA TUDO MOVEI;Sim
SC;Botuverá;CONECTA CARGO;Não
SC;Braço do Norte;JEV TRANSP;Sim
SC;Braço do Trombudo;CONECTA CARGO;Não
SC;Brunópolis;CONECTA CARGO;Não
SC;Brusque;TOPA TUDO MOVEI;Sim
SC;Caçador;CONECTA CARGO;Não
SC;Praia Grande;CONECTA CARGO;Não
SC;Caibi;CONECTA CARGO;Não
SC;Calmon;CONECTA CARGO;Não
SC;Camboriú;TOPA TUDO MOVEI;Sim
SC;Xanxerê;CONECTA CARGO;Não
SC;Campo Belo do Sul;CONECTA CARGO;Não
SC;Campo Erê;CONECTA CARGO;Não
SC;Canelinha;CONECTA CARGO;Não
SC;Canoinhas;CONECTA CARGO;Não
SC;Capão Alto;CONECTA CARGO;Não
SC;Capivari de Baixo;CONECTA CARGO;Não
SC;Seara;CONECTA CARGO;Não
SC;Catanduvas;CONECTA CARGO;Não
SC;Caxambu do Sul;CONECTA CARGO;Não
SC;Rio dos Cedros;CONECTA CARGO;Não
SC;Celso Ramos;CONECTA CARGO;Não
SC;Cerro Negro;CONECTA CARGO;Não
SC;Chapadão do Lageado;CONECTA CARGO;Não
SC;Cocal do Sul;CONECTA CARGO;Não
SC;Concórdia;CONECTA CARGO;Não
SC;Cordilheira Alta;CONECTA CARGO;Não
SC;Coronel Freitas;CONECTA CARGO;Não
SC;Coronel Martins;CONECTA CARGO;Não
SC;Correia Pinto;CONECTA CARGO;Não
SC;Corupá;CONECTA CARGO;Não
SC;Criciúma;CONECTA CARGO;Não
SC;Cunha Porã;CONECTA CARGO;Não
SC;Cunhataí;CONECTA CARGO;Não
SC;Curitibanos;CONECTA CARGO;Não
SC;Ibirama;CONECTA CARGO;Não
SC;Descanso;CONECTA CARGO;Não
SC;Dionísio Cerqueira;CONECTA CARGO;Não
SC;Dona Emma;CONECTA CARGO;Não
SC;Doutor Pedrinho;CONECTA CARGO;Não
SC;Entre Rios;CONECTA CARGO;Não
SC;Ermo;CONECTA CARGO;Não
SC;Morro da Fumaça;CONECTA CARGO;Não
SC;Guatambú;CONECTA CARGO;Não
SC;Flor do Sertão;CONECTA CARGO;Não
SC;Florianópolis;51.202.932 FRAN;Sim
SC;Formosa do Sul;CONECTA CARGO;Não
SC;Forquilhinha;CONECTA CARGO;Não
SC;Fraiburgo;CONECTA CARGO;Não
SC;São Lourenço do Oeste;CONECTA CARGO;Não
SC;Frei Rogério;CONECTA CARGO;Não
SC;Galvão;CONECTA CARGO;Não
SC;Garopaba;JEV TRANSP;Sim
SC;Garuva;CONECTA CARGO;Não
SC;Gaspar;TOPA TUDO MOVEI;Sim
SC;Governador Celso Ramos;CONECTA CARGO;Não
SC;Paraíso;CONECTA CARGO;Não
SC;Gravatal;JEV TRANSP;Sim
SC;Guabiruba;TOPA TUDO MOVEI;Sim
SC;Guaraciaba;CONECTA CARGO;Não
SC;Guaramirim;CONECTA CARGO;Não
SC;Guarujá do Sul;CONECTA CARGO;Não
SC;Herval D'Oeste;CONECTA CARGO;Não
SC;Ibiam;CONECTA CARGO;Não
SC;Ibicaré;CONECTA CARGO;Não
SC;Içara;CONECTA CARGO;Não
SC;Ilhota;TOPA TUDO MOVEI;Sim
SC;Imaruí;JEV TRANSP;Sim
SC;Imbituba;JEV TRANSP;Sim
SC;Imbuia;CONECTA CARGO;Não
SC;Indaial;CONECTA CARGO;Não
SC;Lages;CONECTA CARGO;Não
SC;Iomerê;CONECTA CARGO;Não
SC;Ipira;CONECTA CARGO;Não
SC;Rio das Antas;CONECTA CARGO;Não
SC;Iporã do Oeste;CONECTA CARGO;Não
SC;Ipuaçu;CONECTA CARGO;Não
SC;Ipumirim;CONECTA CARGO;Não
SC;Iraceminha;CONECTA CARGO;Não
SC;Tangará;CONECTA CARGO;Não
SC;Irani;CONECTA CARGO;Não
SC;Itaiópolis;CONECTA CARGO;Não
SC;Irati;CONECTA CARGO;Não
SC;Irineópolis;CONECTA CARGO;Não
SC;Itá;CONECTA CARGO;Não
SC;Itajaí;TOPA TUDO MOVEI;Sim
SC;Itapema;TOPA TUDO MOVEI;Sim
SC;Itapiranga;CONECTA CARGO;Não
SC;Itapoá;CONECTA CARGO;Não
SC;Ituporanga;CONECTA CARGO;Não
SC;Jaborá;CONECTA CARGO;Não
SC;Jacinto Machado;CONECTA CARGO;Não
SC;Jaguaruna;JEV TRANSP;Sim
SC;Jaraguá do Sul;TOPA TUDO MOVEI;Sim
SC;Jardinópolis;CONECTA CARGO;Não
SC;Joaçaba;CONECTA CARGO;Não
SC;Joinville;TOPA TUDO MOVEI;Sim
SC;José Boiteux;CONECTA CARGO;Não
SC;Jupiá;CONECTA CARGO;Não
SC;Lacerdópolis;CONECTA CARGO;Não
SC;Laguna;JEV TRANSP;Sim
SC;Lajeado Grande;CONECTA CARGO;Não
SC;Laurentino;CONECTA CARGO;Não
SC;Lebon Régis;CONECTA CARGO;Não
SC;Leoberto Leal;CONECTA CARGO;Não
SC;Leoberto Leal;CONECTA CARGO;Não
SC;Lindóia do Sul;CONECTA CARGO;Não
SC;Xavantina;CONECTA CARGO;Não
SC;Lontras;CONECTA CARGO;Não
SC;Luiz Alves;CONECTA CARGO;Não
SC;Luzerna;CONECTA CARGO;Não
SC;Navegantes;TOPA TUDO MOVEI;Sim
SC;Macieira;CONECTA CARGO;Não
SC;Major Vieira;CONECTA CARGO;Não
SC;Maracajá;CONECTA CARGO;Não
SC;São Domingos;CONECTA CARGO;Não
SC;Maravilha;CONECTA CARGO;Não
SC;Marema;CONECTA CARGO;Não
SC;São José do Cedro;CONECTA CARGO;Não
SC;Massaranduba;CONECTA CARGO;Não
SC;Matos Costa;CONECTA CARGO;Não
SC;Meleiro;CONECTA CARGO;Não
SC;Presidente Getúlio;CONECTA CARGO;Não
SC;Mirim Doce;CONECTA CARGO;Não
SC;Modelo;CONECTA CARGO;Não
SC;Mondaí;CONECTA CARGO;Não
SC;Monte Carlo;CONECTA CARGO;Não
SC;Monte Castelo;CONECTA CARGO;Não
SC;Turvo;CONECTA CARGO;Não
SC;Morro Grande;CONECTA CARGO;Não
SC;Nova Veneza;CONECTA CARGO;Não
SC;Papanduva;CONECTA CARGO;Não
SC;Nova Erechim;CONECTA CARGO;Não
SC;Sombrio;CONECTA CARGO;Não
SC;Nova Itaberaba;CONECTA CARGO;Não
SC;Novo Horizonte;CONECTA CARGO;Não
SC;Orleans;JEV TRANSP;Sim
SC;Otacílio Costa;CONECTA CARGO;Não
SC;Ouro;CONECTA CARGO;Não
SC;Ouro Verde;CONECTA CARGO;Não
SC;Paial;CONECTA CARGO;Não
SC;Painel;CONECTA CARGO;Não
SC;Palhoça;51.202.932 FRAN;Sim
SC;Palma Sola;CONECTA CARGO;Não
SC;Palmeira;CONECTA CARGO;Não
SC;Palmitos;CONECTA CARGO;Não
SC;Passo de Torres;CONECTA CARGO;Não
SC;Taió;CONECTA CARGO;Não
SC;Passos Maia;CONECTA CARGO;Não
SC;Paulo Lopes;JEV TRANSP;Sim
SC;Penha;TOPA TUDO MOVEI;Sim
SC;São Joaquim;CONECTA CARGO;Não
SC;Peritiba;CONECTA CARGO;Não
SC;Pescaria Brava;JEV TRANSP;Sim
SC;Petrolândia;CONECTA CARGO;Não
SC;Balneário Piçarras;TOPA TUDO MOVEI;Sim
SC;Pinhalzinho;CONECTA CARGO;Não
SC;Pinheiro Preto;CONECTA CARGO;Não
SC;Piratuba;CONECTA CARGO;Não
SC;Planalto Alegre;CONECTA CARGO;Não
SC;Pomerode;CONECTA CARGO;Não
SC;Ponte Alta;CONECTA CARGO;Não
SC;Ponte Alta do Norte;CONECTA CARGO;Não
SC;Porto Belo;TOPA TUDO MOVEI;Sim
SC;Porto União;CONECTA CARGO;Não
SC;São Miguel do Oeste;CONECTA CARGO;Não
SC;Presidente Castello Branco;CONECTA CARGO;Não
SC;Presidente Nereu;CONECTA CARGO;Não
SC;Princesa;CONECTA CARGO;Não
SC;Quilombo;CONECTA CARGO;Não
SC;Rancho Queimado;CONECTA CARGO;Não
SC;Rio do Campo;CONECTA CARGO;Não
SC;Rio do Oeste;CONECTA CARGO;Não
SC;Rio do Sul;CONECTA CARGO;Não
SC;Rio Fortuna;JEV TRANSP;Sim
SC;Rio Negrinho;CONECTA CARGO;Não
SC;Rio Rufino;CONECTA CARGO;Não
SC;Riqueza;CONECTA CARGO;Não
SC;Rodeio;CONECTA CARGO;Não
SC;Romelândia;CONECTA CARGO;Não
SC;São Francisco do Sul;TOPA TUDO MOVEI;Sim
SC;Salete;CONECTA CARGO;Não
SC;Saltinho;CONECTA CARGO;Não
SC;Salto Veloso;CONECTA CARGO;Não
SC;Sangão;JEV TRANSP;Sim
SC;Santa Cecília;CONECTA CARGO;Não
SC;Santa Helena;CONECTA CARGO;Não
SC;Santa Rosa de Lima;JEV TRANSP;Sim
SC;Santa Rosa do Sul;CONECTA CARGO;Não
SC;Santa Terezinha;CONECTA CARGO;Não
SC;Santa Terezinha do Progresso;CONECTA CARGO;Não
SC;Santiago do Sul;CONECTA CARGO;Não
SC;Santo Amaro da Imperatriz;CONECTA CARGO;Não
SC;São Bento do Sul;CONECTA CARGO;Não
SC;São Bento do Sul;CONECTA CARGO;Não
SC;São Bernardino;CONECTA CARGO;Não
SC;São Bonifácio;CONECTA CARGO;Não
SC;São Carlos;CONECTA CARGO;Não
SC;Três Barras;CONECTA CARGO;Não
SC;São Cristóvão do Sul;CONECTA CARGO;Não
SC;Treze de Maio;JEV TRANSP;Sim
SC;São João Batista;CONECTA CARGO;Não
SC;São João Batista;CONECTA CARGO;Não
SC;São João do Itaperiú;CONECTA CARGO;Não
SC;São João do Itaperiú;CONECTA CARGO;Não
SC;São João do Oeste;CONECTA CARGO;Não
SC;São João do Sul;CONECTA CARGO;Não
SC;São José;51.202.932 FRAN;Sim
SC;São José do Cerrito;CONECTA CARGO;Não
SC;São Ludgero;JEV TRANSP;Sim
SC;São Martinho;JEV TRANSP;Sim
SC;São Miguel da Boa Vista;CONECTA CARGO;Não
SC;São Pedro de Alcântara;CONECTA CARGO;Não
SC;Saudades;CONECTA CARGO;Não
SC;Schroeder;TOPA TUDO MOVEI;Sim
SC;Serra Alta;CONECTA CARGO;Não
SC;Siderópolis;CONECTA CARGO;Não
SC;Sul Brasil;CONECTA CARGO;Não
SC;Tigrinhos;CONECTA CARGO;Não
SC;Tijucas;TOPA TUDO MOVEI;Sim
SC;Timbé do Sul;CONECTA CARGO;Não
SC;Timbó;CONECTA CARGO;Não
SC;Timbó Grande;CONECTA CARGO;Não
SC;Treviso;CONECTA CARGO;Não
SC;Treze Tílias;CONECTA CARGO;Não
SC;Trombudo Central;CONECTA CARGO;Não
SC;Tubarão;JEV TRANSP;Sim
SC;Tunápolis;CONECTA CARGO;Não
SC;União do Oeste;CONECTA CARGO;Não
SC;Urupema;CONECTA CARGO;Não
SC;Urussanga;CONECTA CARGO;Não
SC;Vargeão;CONECTA CARGO;Não
SC;Vargem;CONECTA CARGO;Não
SC;Vargem Bonita;CONECTA CARGO;Não
SC;Vidal Ramos;CONECTA CARGO;Não
SC;Witmarsum;CONECTA CARGO;Não
SC;Xaxim;CONECTA CARGO;Não
SC;Zortéa;CONECTA CARGO;Não
SC;Balneário Rincão;CONECTA CARGO;Não
SP;Adamantina;TRINDADE & CUBA;Sim
SP;Adolfo;CONECTA CARGO;Não
SP;São Carlos;LOGME - TRANSPO;Sim
SP;Aguaí;MOVEIS CAMILO L;Sim
SP;Águas da Prata;MOVEIS CAMILO L;Sim
SP;Águas de Lindóia;BULKY LOG - JUN;Não
SP;Águas de Santa Bárbara;CONECTA CARGO;Não
SP;Águas de São Pedro;BULKY LOG - JUN;Não
SP;Águas de São Pedro;BULKY LOG - JUN;Não
SP;Agudos;LOGME - TRANSPO;Sim
SP;Fernando Prestes;CONECTA CARGO;Não
SP;Alambari;SALDAO CAMPINAS;Sim
SP;Barretos;CONECTA CARGO;Não
SP;Alfredo Marcondes;BULKY LOG - JUN;Não
SP;Altair;CONECTA CARGO;Não
SP;Altinópolis;CONECTA CARGO;Não
SP;Alto Alegre;TRINDADE & CUBA;Sim
SP;Pedregulho;CONECTA CARGO;Não
SP;Alumínio;SALDAO CAMPINAS;Sim
SP;Álvares Florence;CONECTA CARGO;Não
SP;Álvares Machado;MEGA MULTI OUTL;Sim
SP;Álvaro de Carvalho;TRINDADE & CUBA;Sim
SP;Alvinlândia;CONECTA CARGO;Não
SP;Mirandópolis;TRINDADE & CUBA;Sim
SP;Americana;SALDAO CAMPINAS;Sim
SP;Américo Brasiliense;CONECTA CARGO;Não
SP;Américo de Campos;CONECTA CARGO;Não
SP;Amparo;BULKY LOG - JUN;Não
SP;Itariri;CONECTA CARGO;Não
SP;Analândia;CONECTA CARGO;Não
SP;Iacri;TRINDADE & CUBA;Sim
SP;Andradina;TRINDADE & CUBA;Sim
SP;Angatuba;CONECTA CARGO;Não
SP;Anhembi;CONECTA CARGO;Não
SP;Anhumas;CONECTA CARGO;Não
SP;Aparecida;CONECTA CARGO;Não
SP;Aparecida D'Oeste;CONECTA CARGO;Não
SP;Monte Alto;CONECTA CARGO;Não
SP;Santa Rita D'Oeste;CONECTA CARGO;Não
SP;Apiaí;CONECTA CARGO;Não
SP;Capão Bonito;CONECTA CARGO;Não
SP;Ouro Verde;CONECTA CARGO;Não
SP;Buri;CONECTA CARGO;Não
SP;Araçariguama;CONECTA CARGO;Não
SP;Araçatuba;TRINDADE & CUBA;Sim
SP;Araçoiaba da Serra;SALDAO CAMPINAS;Sim
SP;Aramina;CONECTA CARGO;Não
SP;Arandu;CONECTA CARGO;Não
SP;Arapeí;CONECTA CARGO;Não
SP;Araraquara;LOGME - TRANSPO;Sim
SP;Araras;SALDAO CAMPINAS;Sim
SP;Presidente Bernardes;CONECTA CARGO;Não
SP;Arco-Íris;TRINDADE & CUBA;Sim
SP;Arealva;CONECTA CARGO;Não
SP;Areias;CONECTA CARGO;Não
SP;Areiópolis;CONECTA CARGO;Não
SP;Ariranha;CONECTA CARGO;Não
SP;Cananéia;CONECTA CARGO;Não
SP;Artur Nogueira;SALDAO CAMPINAS;Sim
SP;Arujá;SAFARI MONTAGEM;Sim
SP;Aspásia;CONECTA CARGO;Não
SP;Assis;MEGA MULTI OUTL;Sim
SP;Atibaia;SALDAO CAMPINAS;Sim
SP;Flórida Paulista;CONECTA CARGO;Não
SP;Auriflama;CONECTA CARGO;Não
SP;Avaí;CONECTA CARGO;Não
SP;Avanhandava;CONECTA CARGO;Não
SP;Avaré;CONECTA CARGO;Não
SP;Iperó;SALDAO CAMPINAS;Sim
SP;Bady Bassitt;TRINDADE & CUBA;Sim
SP;Olímpia;CONECTA CARGO;Não
SP;Natividade da Serra;CONECTA CARGO;Não
SP;Balbinos;CONECTA CARGO;Não
SP;Bálsamo;TRINDADE & CUBA;Sim
SP;Bananal;CONECTA CARGO;Não
SP;Sud Mennucci;CONECTA CARGO;Não
SP;Itapira;MOVEIS CAMILO L;Sim
SP;Barão de Antonina;CONECTA CARGO;Não
SP;Barbosa;CONECTA CARGO;Não
SP;Bariri;LOGME - TRANSPO;Sim
SP;Barra Bonita;LOGME - TRANSPO;Sim
SP;Barra do Chapéu;CONECTA CARGO;Não
SP;Barra do Turvo;CONECTA CARGO;Não
SP;Caconde;MOVEIS CAMILO L;Sim
SP;Barrinha;CONECTA CARGO;Não
SP;Barueri;SAFARI MONTAGEM;Sim
SP;Bastos;TRINDADE & CUBA;Sim
SP;Batatais;TRINDADE & CUBA;Sim
SP;Piracaia;BULKY LOG - JUN;Não
SP;Bauru;LOGME - TRANSPO;Sim
SP;Bebedouro;CONECTA CARGO;Não
SP;Bento de Abreu;CONECTA CARGO;Não
SP;Bernardino de Campos;LOGME - TRANSPO;Sim
SP;Bertioga;SAFARI MONTAGEM;Sim
SP;Bilac;TRINDADE & CUBA;Sim
SP;Birigui;TRINDADE & CUBA;Sim
SP;Biritiba Mirim;CONECTA CARGO;Não
SP;Mogi das Cruzes;SAFARI MONTAGEM;Sim
SP;Boa Esperança do Sul;LOGME - TRANSPO;Sim
SP;Bocaina;LOGME - TRANSPO;Sim
SP;Bofete;CONECTA CARGO;Não
SP;Boituva;SALDAO CAMPINAS;Sim
SP;Bom Jesus dos Perdões;BULKY LOG - JUN;Não
SP;Bom Sucesso de Itararé;CONECTA CARGO;Não
SP;Ribeirão Preto;TRINDADE & CUBA;Sim
SP;Borá;CONECTA CARGO;Não
SP;Boracéia;LOGME - TRANSPO;Sim
SP;Borborema;CONECTA CARGO;Não
SP;Borebi;CONECTA CARGO;Não
SP;Santa Adélia;CONECTA CARGO;Não
SP;Botucatu;LOGME - TRANSPO;Sim
SP;Eldorado;CONECTA CARGO;Não
SP;Bragança Paulista;CONECTA CARGO;Não
SP;Braúna;TRINDADE & CUBA;Sim
SP;Brejo Alegre;CONECTA CARGO;Não
SP;Brodowski;TRINDADE & CUBA;Sim
SP;Brotas;CONECTA CARGO;Não
SP;Buritama;TRINDADE & CUBA;Sim
SP;Buritizal;CONECTA CARGO;Não
SP;Cabrália Paulista;LOGME - TRANSPO;Sim
SP;Cabreúva;SALDAO CAMPINAS;Sim
SP;Caçapava;SAFARI MONTAGEM;Sim
SP;Pirassununga;CONECTA CARGO;Não
SP;Cachoeira Paulista;CONECTA CARGO;Não
SP;Cafelândia;TRINDADE & CUBA;Sim
SP;Caiabu;CONECTA CARGO;Não
SP;Santos;SAFARI MONTAGEM;Sim
SP;Caieiras;SAFARI MONTAGEM;Sim
SP;Caiuá;BULKY LOG - JUN;Não
SP;Cajamar;SAFARI MONTAGEM;Sim
SP;Cajati;CONECTA CARGO;Não
SP;Cajobi;CONECTA CARGO;Não
SP;Cajuru;CONECTA CARGO;Não
SP;Divinolândia;MOVEIS CAMILO L;Sim
SP;Ribeirão Branco;CONECTA CARGO;Não
SP;Campina do Monte Alegre;CONECTA CARGO;Não
SP;Presidente Epitácio;CONECTA CARGO;Não
SP;Campinas;SALDAO CAMPINAS;Sim
SP;Campo Limpo Paulista;SALDAO CAMPINAS;Sim
SP;Cunha;CONECTA CARGO;Não
SP;Campos do Jordão;CONECTA CARGO;Não
SP;Campos Novos Paulista;CONECTA CARGO;Não
SP;Canas;CONECTA CARGO;Não
SP;Pontal;CONECTA CARGO;Não
SP;Cândido Mota;MEGA MULTI OUTL;Sim
SP;Cândido Rodrigues;CONECTA CARGO;Não
SP;Canitar;CONECTA CARGO;Não
SP;Capela do Alto;SALDAO CAMPINAS;Sim
SP;Capivari;SALDAO CAMPINAS;Sim
SP;Ituverava;CONECTA CARGO;Não
SP;Caraguatatuba;CONECTA CARGO;Não
SP;Carapicuíba;SAFARI MONTAGEM;Sim
SP;Elias Fausto;BULKY LOG - JUN;Não
SP;Cardoso;CONECTA CARGO;Não
SP;Itajobi;CONECTA CARGO;Não
SP;Casa Branca;CONECTA CARGO;Não
SP;Cássia dos Coqueiros;CONECTA CARGO;Não
SP;Castilho;TRINDADE & CUBA;Sim
SP;Catanduva;CONECTA CARGO;Não
SP;Catiguá;CONECTA CARGO;Não
SP;São Luiz do Paraitinga;CONECTA CARGO;Não
SP;São Luiz do Paraitinga;CONECTA CARGO;Não
SP;Cedral;TRINDADE & CUBA;Sim
SP;Cerqueira César;CONECTA CARGO;Não
SP;Cerquilho;SALDAO CAMPINAS;Sim
SP;Cesário Lange;SALDAO CAMPINAS;Sim
SP;Charqueada;CONECTA CARGO;Não
SP;Chavantes;CONECTA CARGO;Não
SP;Clementina;TRINDADE & CUBA;Sim
SP;Sarapuí;SALDAO CAMPINAS;Sim
SP;Colina;CONECTA CARGO;Não
SP;Colômbia;BULKY LOG - JUN;Não
SP;Conchal;SALDAO CAMPINAS;Sim
SP;Conchas;CONECTA CARGO;Não
SP;Cordeirópolis;TRINDADE & CUBA;Sim
SP;Coroados;TRINDADE & CUBA;Sim
SP;Coronel Macedo;CONECTA CARGO;Não
SP;Corumbataí;TRINDADE & CUBA;Sim
SP;Cosmópolis;SALDAO CAMPINAS;Sim
SP;Cosmorama;TRINDADE & CUBA;Sim
SP;Mirante do Paranapanema;CONECTA CARGO;Não
SP;Cotia;TANIA AOKI OUTL;Sim
SP;Cravinhos;CONECTA CARGO;Não
SP;Cristais Paulista;TRINDADE & CUBA;Sim
SP;Cruzália;MEGA MULTI OUTL;Sim
SP;Cruzeiro;CONECTA CARGO;Não
SP;Cubatão;CONECTA CARGO;Não
SP;Palmeira D'Oeste;CONECTA CARGO;Não
SP;Descalvado;CONECTA CARGO;Não
SP;Diadema;SAFARI MONTAGEM;Sim
SP;Dirce Reis;CONECTA CARGO;Não
SP;Dobrada;CONECTA CARGO;Não
SP;Dois Córregos;CONECTA CARGO;Não
SP;Dolcinópolis;CONECTA CARGO;Não
SP;Dourado;LOGME - TRANSPO;Sim
SP;Dracena;CONECTA CARGO;Não
SP;Duartina;LOGME - TRANSPO;Sim
SP;Dumont;CONECTA CARGO;Não
SP;Palestina;CONECTA CARGO;Não
SP;Echaporã;CONECTA CARGO;Não
SP;Elisiário;CONECTA CARGO;Não
SP;Embaúba;CONECTA CARGO;Não
SP;Embu das Artes;SAFARI MONTAGEM;Sim
SP;Embu-Guaçu;CONECTA CARGO;Não
SP;Emilianópolis;CONECTA CARGO;Não
SP;Presidente Prudente;MEGA MULTI OUTL;Sim
SP;Monte Aprazível;TRINDADE & CUBA;Sim
SP;Engenheiro Coelho;SALDAO CAMPINAS;Sim
SP;Itaberá;CONECTA CARGO;Não
SP;Rubinéia;CONECTA CARGO;Não
SP;Regente Feijó;MEGA MULTI OUTL;Sim
SP;Espírito Santo do Pinhal;MOVEIS CAMILO L;Sim
SP;Espírito Santo do Turvo;LOGME - TRANSPO;Sim
SP;Estiva Gerbi;SALDAO CAMPINAS;Sim
SP;Estrela D'Oeste;TRINDADE & CUBA;Sim
SP;Estrela do Norte;CONECTA CARGO;Não
SP;Euclides da Cunha Paulista;CONECTA CARGO;Não
SP;Fartura;CONECTA CARGO;Não
SP;Guaimbê;TRINDADE & CUBA;Sim
SP;Fernandópolis;TRINDADE & CUBA;Sim
SP;Fernão;CONECTA CARGO;Não
SP;Ferraz de Vasconcelos;SAFARI MONTAGEM;Sim
SP;Flora Rica;CONECTA CARGO;Não
SP;Floreal;CONECTA CARGO;Não
SP;Florínea;CONECTA CARGO;Não
SP;Florínea;CONECTA CARGO;Não
SP;Franca;TRINDADE & CUBA;Sim
SP;Francisco Morato;SAFARI MONTAGEM;Sim
SP;Franco da Rocha;SAFARI MONTAGEM;Sim
SP;Gabriel Monteiro;TRINDADE & CUBA;Sim
SP;Gália;TRINDADE & CUBA;Sim
SP;Garça;TRINDADE & CUBA;Sim
SP;Gastão Vidigal;CONECTA CARGO;Não
SP;Gavião Peixoto;CONECTA CARGO;Não
SP;General Salgado;CONECTA CARGO;Não
SP;Getulina;TRINDADE & CUBA;Sim
SP;Glicério;TRINDADE & CUBA;Sim
SP;Itapetininga;CONECTA CARGO;Não
SP;Martinópolis;TRINDADE & CUBA;Sim
SP;Guaiçara;TRINDADE & CUBA;Sim
SP;Guaíra;CONECTA CARGO;Não
SP;Guapiaçu;TRINDADE & CUBA;Sim
SP;Guapiara;CONECTA CARGO;Não
SP;Guará;CONECTA CARGO;Não
SP;Guaraçaí;TRINDADE & CUBA;Sim
SP;Guaraci;CONECTA CARGO;Não
SP;Tupi Paulista;CONECTA CARGO;Não
SP;Guarani D'Oeste;CONECTA CARGO;Não
SP;Guarantã;TRINDADE & CUBA;Sim
SP;Guararapes;TRINDADE & CUBA;Sim
SP;Guararema;CONECTA CARGO;Não
SP;Guaratinguetá;CONECTA CARGO;Não
SP;Guareí;CONECTA CARGO;Não
SP;Guariba;CONECTA CARGO;Não
SP;Itapeva;CONECTA CARGO;Não
SP;Guarujá;SAFARI MONTAGEM;Sim
SP;Guarulhos;SAFARI MONTAGEM;Sim
SP;Guatapará;CONECTA CARGO;Não
SP;Guzolândia;CONECTA CARGO;Não
SP;Herculândia;TRINDADE & CUBA;Sim
SP;Holambra;SALDAO CAMPINAS;Sim
SP;Hortolândia;SALDAO CAMPINAS;Sim
SP;Iacanga;CONECTA CARGO;Não
SP;Iaras;CONECTA CARGO;Não
SP;Ibaté;LOGME - TRANSPO;Sim
SP;Tanabi;TRINDADE & CUBA;Sim
SP;Ibirá;CONECTA CARGO;Não
SP;Ibirarema;MEGA MULTI OUTL;Sim
SP;Ibitinga;CONECTA CARGO;Não
SP;Pitangueiras;CONECTA CARGO;Não
SP;Ibiúna;CONECTA CARGO;Não
SP;Icém;CONECTA CARGO;Não
SP;Nhandeara;CONECTA CARGO;Não
SP;Iepê;CONECTA CARGO;Não
SP;Igaraçu do Tietê;LOGME - TRANSPO;Sim
SP;Mococa;MOVEIS CAMILO L;Sim
SP;Igarapava;CONECTA CARGO;Não
SP;Igaratá;CONECTA CARGO;Não
SP;Iguape;CONECTA CARGO;Não
SP;Ilha Comprida;CONECTA CARGO;Não
SP;Ilha Solteira;CONECTA CARGO;Não
SP;Ilhabela;CONECTA CARGO;Não
SP;Indaiatuba;SALDAO CAMPINAS;Sim
SP;Indiana;CONECTA CARGO;Não
SP;Indiaporã;CONECTA CARGO;Não
SP;Nova Granada;CONECTA CARGO;Não
SP;Inúbia Paulista;CONECTA CARGO;Não
SP;Ipaussu;CONECTA CARGO;Não
SP;Ipeúna;SALDAO CAMPINAS;Sim
SP;Ipiguá;CONECTA CARGO;Não
SP;Iporanga;CONECTA CARGO;Não
SP;Ipuã;CONECTA CARGO;Não
SP;Iracemápolis;SALDAO CAMPINAS;Sim
SP;Irapuã;CONECTA CARGO;Não
SP;Irapuru;CONECTA CARGO;Não
SP;Itaí;CONECTA CARGO;Não
SP;Itaju;CONECTA CARGO;Não
SP;Itanhaém;SAFARI MONTAGEM;Sim
SP;Itaóca;CONECTA CARGO;Não
SP;Itapecerica da Serra;SAFARI MONTAGEM;Sim
SP;Itapevi;SAFARI MONTAGEM;Sim
SP;Itapirapuã Paulista;CONECTA CARGO;Não
SP;Itápolis;CONECTA CARGO;Não
SP;Itaporanga;CONECTA CARGO;Não
SP;Itapuí;CONECTA CARGO;Não
SP;Itapura;CONECTA CARGO;Não
SP;Itaquaquecetuba;SAFARI MONTAGEM;Sim
SP;Itirapina;CONECTA CARGO;Não
SP;Itararé;CONECTA CARGO;Não
SP;Itatiba;SALDAO CAMPINAS;Sim
SP;Itatinga;CONECTA CARGO;Não
SP;Itirapuã;CONECTA CARGO;Não
SP;Itobi;CONECTA CARGO;Não
SP;Pirapozinho;MEGA MULTI OUTL;Sim
SP;Itu;SALDAO CAMPINAS;Sim
SP;Itupeva;SALDAO CAMPINAS;Sim
SP;Jaborandi;CONECTA CARGO;Não
SP;Jaboticabal;CONECTA CARGO;Não
SP;Jacareí;SAFARI MONTAGEM;Sim
SP;Jaci;TRINDADE & CUBA;Sim
SP;Jacupiranga;CONECTA CARGO;Não
SP;Jaguariúna;SALDAO CAMPINAS;Sim
SP;Jales;TRINDADE & CUBA;Sim
SP;Jambeiro;CONECTA CARGO;Não
SP;Jandira;SAFARI MONTAGEM;Sim
SP;Jardinópolis;CONECTA CARGO;Não
SP;Jarinu;SALDAO CAMPINAS;Sim
SP;Jaú;LOGME - TRANSPO;Sim
SP;Jeriquara;CONECTA CARGO;Não
SP;Joanópolis;BULKY LOG - JUN;Não
SP;João Ramalho;MEGA MULTI OUTL;Sim
SP;José Bonifácio;TRINDADE & CUBA;Sim
SP;Júlio Mesquita;TRINDADE & CUBA;Sim
SP;Jumirim;SALDAO CAMPINAS;Sim
SP;Jundiaí;SALDAO CAMPINAS;Sim
SP;Junqueirópolis;CONECTA CARGO;Não
SP;Juquiá;CONECTA CARGO;Não
SP;Juquitiba;SAFARI MONTAGEM;Sim
SP;Osvaldo Cruz;TRINDADE & CUBA;Sim
SP;Lagoinha;CONECTA CARGO;Não
SP;Laranjal Paulista;BULKY LOG - JUN;Não
SP;Lavínia;CONECTA CARGO;Não
SP;Lavrinhas;CONECTA CARGO;Não
SP;Lavrinhas;CONECTA CARGO;Não
SP;Leme;SALDAO CAMPINAS;Sim
SP;Lençóis Paulista;LOGME - TRANSPO;Sim
SP;Limeira;SALDAO CAMPINAS;Sim
SP;Lindóia;CONECTA CARGO;Não
SP;Lins;TRINDADE & CUBA;Sim
SP;Lorena;CONECTA CARGO;Não
SP;Lourdes;CONECTA CARGO;Não
SP;Louveira;SALDAO CAMPINAS;Sim
SP;Lucélia;CONECTA CARGO;Não
SP;Lucianópolis;TRINDADE & CUBA;Sim
SP;Luís Antônio;CONECTA CARGO;Não
SP;Luiziânia;TRINDADE & CUBA;Sim
SP;Lupércio;TRINDADE & CUBA;Sim
SP;Lutécia;MEGA MULTI OUTL;Sim
SP;Macatuba;LOGME - TRANSPO;Sim
SP;Macaubal;CONECTA CARGO;Não
SP;Macedônia;CONECTA CARGO;Não
SP;Magda;CONECTA CARGO;Não
SP;Mairinque;SALDAO CAMPINAS;Sim
SP;Mairiporã;SAFARI MONTAGEM;Sim
SP;Santo Antônio do Aracanguá;TRINDADE & CUBA;Sim
SP;Manduri;CONECTA CARGO;Não
SP;Marabá Paulista;CONECTA CARGO;Não
SP;Maracaí;MEGA MULTI OUTL;Sim
SP;Marapoama;CONECTA CARGO;Não
SP;Monte Azul Paulista;CONECTA CARGO;Não
SP;Mariápolis;CONECTA CARGO;Não
SP;Marília;MEGA MULTI OUTL;Sim
SP;Marinópolis;CONECTA CARGO;Não
SP;Matão;CONECTA CARGO;Não
SP;Mauá;SAFARI MONTAGEM;Sim
SP;Mendonça;CONECTA CARGO;Não
SP;Meridiano;TRINDADE & CUBA;Sim
SP;Mesópolis;CONECTA CARGO;Não
SP;Miguelópolis;CONECTA CARGO;Não
SP;Mineiros do Tietê;CONECTA CARGO;Não
SP;Mira Estrela;CONECTA CARGO;Não
SP;Miracatu;CONECTA CARGO;Não
SP;Mirassol;TRINDADE & CUBA;Sim
SP;Mirassolândia;CONECTA CARGO;Não
SP;Mogi Guaçu;MOVEIS CAMILO L;Sim
SP;Mogi Mirim;MOVEIS CAMILO L;Sim
SP;Mombuca;BULKY LOG - JUN;Não
SP;Monções;CONECTA CARGO;Não
SP;Mongaguá;SAFARI MONTAGEM;Sim
SP;Monte Alegre do Sul;BULKY LOG - JUN;Não
SP;Monte Castelo;CONECTA CARGO;Não
SP;Monte Mor;SALDAO CAMPINAS;Sim
SP;Monteiro Lobato;CONECTA CARGO;Não
SP;Morro Agudo;CONECTA CARGO;Não
SP;Morungaba;SALDAO CAMPINAS;Sim
SP;Motuca;CONECTA CARGO;Não
SP;Murutinga do Sul;TRINDADE & CUBA;Sim
SP;Nantes;CONECTA CARGO;Não
SP;Narandiba;MEGA MULTI OUTL;Sim
SP;Nazaré Paulista;BULKY LOG - JUN;Não
SP;Neves Paulista;TRINDADE & CUBA;Sim
SP;Nipoã;TRINDADE & CUBA;Sim
SP;Salesópolis;CONECTA CARGO;Não
SP;Nova Aliança;TRINDADE & CUBA;Sim
SP;Nova Campina;CONECTA CARGO;Não
SP;Nova Canaã Paulista;CONECTA CARGO;Não
SP;Nova Castilho;CONECTA CARGO;Não
SP;Nova Europa;CONECTA CARGO;Não
SP;Nova Guataporanga;CONECTA CARGO;Não
SP;Nova Independência;CONECTA CARGO;Não
SP;Nova Luzitânia;CONECTA CARGO;Não
SP;Nova Odessa;SALDAO CAMPINAS;Sim
SP;Novais;CONECTA CARGO;Não
SP;Novo Horizonte;CONECTA CARGO;Não
SP;Nuporanga;CONECTA CARGO;Não
SP;Ocauçu;TRINDADE & CUBA;Sim
SP;Óleo;CONECTA CARGO;Não
SP;Onda Verde;CONECTA CARGO;Não
SP;Oriente;TRINDADE & CUBA;Sim
SP;Orindiúva;CONECTA CARGO;Não
SP;Orlândia;CONECTA CARGO;Não
SP;Osasco;SAFARI MONTAGEM;Sim
SP;Oscar Bressane;CONECTA CARGO;Não
SP;Ourinhos;LOGME - TRANSPO;Sim
SP;Ouroeste;CONECTA CARGO;Não
SP;Pacaembu;CONECTA CARGO;Não
SP;Palmares Paulista;CONECTA CARGO;Não
SP;Palmital;MEGA MULTI OUTL;Sim
SP;Panorama;CONECTA CARGO;Não
SP;Paraguaçu Paulista;MEGA MULTI OUTL;Sim
SP;Paraibuna;CONECTA CARGO;Não
SP;Paraíso;CONECTA CARGO;Não
SP;Paranapanema;CONECTA CARGO;Não
SP;Paranapuã;CONECTA CARGO;Não
SP;Parapuã;TRINDADE & CUBA;Sim
SP;Pardinho;CONECTA CARGO;Não
SP;Pariquera-Açu;CONECTA CARGO;Não
SP;Parisi;CONECTA CARGO;Não
SP;Patrocínio Paulista;TRINDADE & CUBA;Sim
SP;Paulicéia;CONECTA CARGO;Não
SP;Paulínia;SALDAO CAMPINAS;Sim
SP;Paulistânia;CONECTA CARGO;Não
SP;Paulo de Faria;CONECTA CARGO;Não
SP;Pederneiras;LOGME - TRANSPO;Sim
SP;Pedra Bela;BULKY LOG - JUN;Não
SP;Pedranópolis;CONECTA CARGO;Não
SP;Pedreira;SALDAO CAMPINAS;Sim
SP;Pedrinhas Paulista;CONECTA CARGO;Não
SP;Pedro de Toledo;CONECTA CARGO;Não
SP;Penápolis;TRINDADE & CUBA;Sim
SP;Pereira Barreto;CONECTA CARGO;Não
SP;Pereiras;CONECTA CARGO;Não
SP;Peruíbe;SAFARI MONTAGEM;Sim
SP;Piacatu;TRINDADE & CUBA;Sim
SP;Piedade;SALDAO CAMPINAS;Sim
SP;Pilar do Sul;CONECTA CARGO;Não
SP;Pindamonhangaba;CONECTA CARGO;Não
SP;Pindorama;CONECTA CARGO;Não
SP;Pinhalzinho;CONECTA CARGO;Não
SP;Piquerobi;CONECTA CARGO;Não
SP;Piquete;CONECTA CARGO;Não
SP;Piracicaba;SALDAO CAMPINAS;Sim
SP;Piraju;CONECTA CARGO;Não
SP;Pirajuí;CONECTA CARGO;Não
SP;Pirangi;CONECTA CARGO;Não
SP;Pirapora do Bom Jesus;SAFARI MONTAGEM;Sim
SP;Piratininga;LOGME - TRANSPO;Sim
SP;Planalto;TRINDADE & CUBA;Sim
SP;Teodoro Sampaio;E S L KOSLYK CO;Sim
SP;Platina;CONECTA CARGO;Não
SP;Poá;SAFARI MONTAGEM;Sim
SP;Poloni;CONECTA CARGO;Não
SP;Pompéia;MEGA MULTI OUTL;Sim
SP;Pongaí;CONECTA CARGO;Não
SP;Pontalinda;CONECTA CARGO;Não
SP;Pontes Gestal;CONECTA CARGO;Não
SP;Populina;CONECTA CARGO;Não
SP;Porangaba;CONECTA CARGO;Não
SP;Porto Feliz;SALDAO CAMPINAS;Sim
SP;Porto Ferreira;CONECTA CARGO;Não
SP;Potim;CONECTA CARGO;Não
SP;Potirendaba;CONECTA CARGO;Não
SP;Pracinha;CONECTA CARGO;Não
SP;Pradópolis;CONECTA CARGO;Não
SP;Praia Grande;SAFARI MONTAGEM;Sim
SP;Pratânia;CONECTA CARGO;Não
SP;Presidente Alves;CONECTA CARGO;Não
SP;Presidente Venceslau;MEGA MULTI OUTL;Sim
SP;Rosana;CONECTA CARGO;Não
SP;Promissão;TRINDADE & CUBA;Sim
SP;Quadra;CONECTA CARGO;Não
SP;Quatá;MEGA MULTI OUTL;Sim
SP;Queiroz;TRINDADE & CUBA;Sim
SP;Queluz;CONECTA CARGO;Não
SP;Quintana;TRINDADE & CUBA;Sim
SP;Rafard;CONECTA CARGO;Não
SP;Rancharia;MEGA MULTI OUTL;Sim
SP;Redenção da Serra;CONECTA CARGO;Não
SP;Reginópolis;CONECTA CARGO;Não
SP;Registro;CONECTA CARGO;Não
SP;Restinga;TRINDADE & CUBA;Sim
SP;Ribeira;CONECTA CARGO;Não
SP;Ribeirão Bonito;LOGME - TRANSPO;Sim
SP;Ribeirão Corrente;TRINDADE & CUBA;Sim
SP;Ribeirão do Sul;CONECTA CARGO;Não
SP;Ribeirão dos Índios;CONECTA CARGO;Não
SP;Ribeirão Grande;CONECTA CARGO;Não
SP;Ribeirão Pires;SAFARI MONTAGEM;Sim
SP;Rifaina;CONECTA CARGO;Não
SP;Rincão;CONECTA CARGO;Não
SP;Rinópolis;TRINDADE & CUBA;Sim
SP;Rio Claro;SALDAO CAMPINAS;Sim
SP;Rio das Pedras;SALDAO CAMPINAS;Sim
SP;Rio Grande da Serra;SAFARI MONTAGEM;Sim
SP;Riolândia;CONECTA CARGO;Não
SP;Riversul;CONECTA CARGO;Não
SP;Roseira;CONECTA CARGO;Não
SP;Rubiácea;TRINDADE & CUBA;Sim
SP;Sabino;CONECTA CARGO;Não
SP;Sagres;BULKY LOG - JUN;Não
SP;Sales;CONECTA CARGO;Não
SP;Sales Oliveira;CONECTA CARGO;Não
SP;Salmourão;TRINDADE & CUBA;Sim
SP;Saltinho;BULKY LOG - JUN;Não
SP;Salto;SALDAO CAMPINAS;Sim
SP;Salto de Pirapora;SALDAO CAMPINAS;Sim
SP;Salto Grande;MEGA MULTI OUTL;Sim
SP;Sandovalina;CONECTA CARGO;Não
SP;Santa Albertina;CONECTA CARGO;Não
SP;Santa Bárbara D'Oeste;SALDAO CAMPINAS;Sim
SP;Santa Branca;CONECTA CARGO;Não
SP;Santa Clara D'Oeste;CONECTA CARGO;Não
SP;Santa Cruz da Conceição;BULKY LOG - JUN;Não
SP;Santa Cruz da Esperança;CONECTA CARGO;Não
SP;Santa Rita do Passa Quatro;CONECTA CARGO;Não
SP;Santa Cruz das Palmeiras;CONECTA CARGO;Não
SP;Santa Cruz do Rio Pardo;LOGME - TRANSPO;Sim
SP;Santa Ernestina;CONECTA CARGO;Não
SP;Santa Fé do Sul;CONECTA CARGO;Não
SP;Santa Gertrudes;SALDAO CAMPINAS;Sim
SP;Santa Isabel;CONECTA CARGO;Não
SP;Santa Lúcia;CONECTA CARGO;Não
SP;Santa Maria da Serra;CONECTA CARGO;Não
SP;Santa Mercedes;BULKY LOG - JUN;Não
SP;Santa Rosa de Viterbo;CONECTA CARGO;Não
SP;Santa Salete;CONECTA CARGO;Não
SP;Santana da Ponte Pensa;CONECTA CARGO;Não
SP;Santana de Parnaíba;SAFARI MONTAGEM;Sim
SP;Santo Anastácio;MEGA MULTI OUTL;Sim
SP;Santo André;SAFARI MONTAGEM;Sim
SP;Santo Antônio da Alegria;CONECTA CARGO;Não
SP;Santo Antônio de Posse;SALDAO CAMPINAS;Sim
SP;Santo Antônio do Jardim;CONECTA CARGO;Não
SP;Santo Antônio do Pinhal;CONECTA CARGO;Não
SP;Santo Expedito;CONECTA CARGO;Não
SP;Santópolis do Aguapeí;TRINDADE & CUBA;Sim
SP;São Bento do Sapucaí;CONECTA CARGO;Não
SP;São Bernardo do Campo;SAFARI MONTAGEM;Sim
SP;São Bernardo do Campo;SAFARI MONTAGEM;Sim
SP;São Caetano do Sul;SAFARI MONTAGEM;Sim
SP;São Caetano do Sul;SAFARI MONTAGEM;Sim
SP;São Francisco;CONECTA CARGO;Não
SP;São Francisco;CONECTA CARGO;Não
SP;São José dos Campos;SAFARI MONTAGEM;Sim
SP;São João da Boa Vista;MOVEIS CAMILO L;Sim
SP;São João das Duas Pontes;CONECTA CARGO;Não
SP;São João das Duas Pontes;CONECTA CARGO;Não
SP;São João de Iracema;CONECTA CARGO;Não
SP;São João de Iracema;CONECTA CARGO;Não
SP;São João do Pau D'Alho;CONECTA CARGO;Não
SP;São Joaquim da Barra;CONECTA CARGO;Não
SP;São José da Bela Vista;CONECTA CARGO;Não
SP;São José do Barreiro;CONECTA CARGO;Não
SP;São José do Rio Pardo;MOVEIS CAMILO L;Sim
SP;São José do Rio Preto;TRINDADE & CUBA;Sim
SP;São Lourenço da Serra;SAFARI MONTAGEM;Sim
SP;São Lourenço da Serra;SAFARI MONTAGEM;Sim
SP;São Lourenço da Serra;SAFARI MONTAGEM;Sim
SP;São Manuel;LOGME - TRANSPO;Sim
SP;São Miguel Arcanjo;CONECTA CARGO;Não
SP;São Paulo;SAFARI MONTAGEM;Sim
SP;São Pedro;CONECTA CARGO;Não
SP;São Pedro;BULKY LOG - JUN;Não
SP;São Pedro do Turvo;LOGME - TRANSPO;Sim
SP;São Roque;CONECTA CARGO;Não
SP;São Sebastião;CONECTA CARGO;Não
SP;São Sebastião da Grama;MOVEIS CAMILO L;Sim
SP;São Simão;CONECTA CARGO;Não
SP;São Vicente;SAFARI MONTAGEM;Sim
SP;Sarutaiá;CONECTA CARGO;Não
SP;Sebastianópolis do Sul;CONECTA CARGO;Não
SP;Serra Azul;CONECTA CARGO;Não
SP;Serra Negra;BULKY LOG - JUN;Não
SP;Serrana;CONECTA CARGO;Não
SP;Sertãozinho;CONECTA CARGO;Não
SP;Sete Barras;CONECTA CARGO;Não
SP;Severínia;CONECTA CARGO;Não
SP;Silveiras;CONECTA CARGO;Não
SP;Silveiras;CONECTA CARGO;Não
SP;Socorro;BULKY LOG - JUN;Não
SP;Sorocaba;SALDAO CAMPINAS;Sim
SP;Sumaré;SALDAO CAMPINAS;Sim
SP;Suzanápolis;CONECTA CARGO;Não
SP;Suzano;SAFARI MONTAGEM;Sim
SP;Tabapuã;CONECTA CARGO;Não
SP;Tabatinga;CONECTA CARGO;Não
SP;Taboão da Serra;SAFARI MONTAGEM;Sim
SP;Taciba;CONECTA CARGO;Não
SP;Taguaí;CONECTA CARGO;Não
SP;Taiaçu;CONECTA CARGO;Não
SP;Taiúva;CONECTA CARGO;Não
SP;Tambaú;CONECTA CARGO;Não
SP;Tapiraí;CONECTA CARGO;Não
SP;Tapiratiba;CONECTA CARGO;Não
SP;Taquaral;CONECTA CARGO;Não
SP;Taquaritinga;CONECTA CARGO;Não
SP;Taquarituba;CONECTA CARGO;Não
SP;Taquarivaí;CONECTA CARGO;Não
SP;Tarabai;MEGA MULTI OUTL;Sim
SP;Tarumã;MEGA MULTI OUTL;Sim
SP;Tatuí;SALDAO CAMPINAS;Sim
SP;Taubaté;SAFARI MONTAGEM;Sim
SP;Tejupá;CONECTA CARGO;Não
SP;Terra Roxa;CONECTA CARGO;Não
SP;Tietê;SALDAO CAMPINAS;Sim
SP;Timburi;CONECTA CARGO;Não
SP;Tupã;MEGA MULTI OUTL;Sim
SP;Torre de Pedra;CONECTA CARGO;Não
SP;Torrinha;CONECTA CARGO;Não
SP;Trabiju;CONECTA CARGO;Não
SP;Tremembé;CONECTA CARGO;Não
SP;Tremembé;CONECTA CARGO;Não
SP;Três Fronteiras;CONECTA CARGO;Não
SP;Tuiuti;CONECTA CARGO;Não
SP;Turiúba;CONECTA CARGO;Não
SP;Turmalina;CONECTA CARGO;Não
SP;Ubarana;CONECTA CARGO;Não
SP;Ubatuba;CONECTA CARGO;Não
SP;Ubirajara;LOGME - TRANSPO;Sim
SP;Uchoa;TRINDADE & CUBA;Sim
SP;União Paulista;CONECTA CARGO;Não
SP;Urânia;CONECTA CARGO;Não
SP;Uru;CONECTA CARGO;Não
SP;Urupês;CONECTA CARGO;Não
SP;Valentim Gentil;TRINDADE & CUBA;Sim
SP;Valinhos;SALDAO CAMPINAS;Sim
SP;Valparaíso;TRINDADE & CUBA;Sim
SP;Vargem;CONECTA CARGO;Não
SP;Vargem Grande do Sul;MOVEIS CAMILO L;Sim
SP;Vargem Grande Paulista;SAFARI MONTAGEM;Sim
SP;Várzea Paulista;SALDAO CAMPINAS;Sim
SP;Vera Cruz;CONECTA CARGO;Não
SP;Vinhedo;SALDAO CAMPINAS;Sim
SP;Viradouro;CONECTA CARGO;Não
SP;Vista Alegre do Alto;CONECTA CARGO;Não
SP;Vitória Brasil;CONECTA CARGO;Não
SP;Votorantim;SALDAO CAMPINAS;Sim
SP;Votuporanga;TRINDADE & CUBA;Sim
SP;Zacarias;CONECTA CARGO;Não
SE;Carira;MG - DOMINALOG;Não
SE;Amparo de São Francisco;MG - DOMINALOG;Não
SE;Aquidabã;MG - DOMINALOG;Não
SE;Aracaju;SAFARI MONTAGEM;Sim
SE;Arauá;MG - DOMINALOG;Não
SE;Areia Branca;MG - DOMINALOG;Não
SE;Barra dos Coqueiros;SAFARI MONTAGEM;Sim
SE;Capela;MG - DOMINALOG;Não
SE;Boquim;MG - DOMINALOG;Não
SE;Brejo Grande;MG - DOMINALOG;Não
SE;Campo do Brito;MG - DOMINALOG;Não
SE;Canhoba;MG - DOMINALOG;Não
SE;Canindé de São Francisco;MG - DOMINALOG;Não
SE;Carmópolis;MG - DOMINALOG;Não
SE;Cedro de São João;MG - DOMINALOG;Não
SE;Cristinápolis;MG - DOMINALOG;Não
SE;Cumbe;MG - DOMINALOG;Não
SE;Divina Pastora;MG - DOMINALOG;Não
SE;Estância;SAFARI MONTAGEM;Sim
SE;Feira Nova;MG - DOMINALOG;Não
SE;Frei Paulo;MG - DOMINALOG;Não
SE;Gararu;MG - DOMINALOG;Não
SE;General Maynard;MG - DOMINALOG;Não
SE;Graccho Cardoso;MG - DOMINALOG;Não
SE;Ilha das Flores;MG - DOMINALOG;Não
SE;Indiaroba;MG - DOMINALOG;Não
SE;Itabaiana;SAFARI MONTAGEM;Sim
SE;Itabaianinha;MG - DOMINALOG;Não
SE;Itabi;MG - DOMINALOG;Não
SE;Itaporanga D'Ajuda;MG - DOMINALOG;Não
SE;Japaratuba;MG - DOMINALOG;Não
SE;Japoatã;MG - DOMINALOG;Não
SE;Lagarto;MG - DOMINALOG;Não
SE;Laranjeiras;MG - DOMINALOG;Não
SE;Macambira;MG - DOMINALOG;Não
SE;Malhada dos Bois;MG - DOMINALOG;Não
SE;Malhador;MG - DOMINALOG;Não
SE;Maruim;MG - DOMINALOG;Não
SE;Moita Bonita;MG - DOMINALOG;Não
SE;Monte Alegre de Sergipe;MG - DOMINALOG;Não
SE;Muribeca;MG - DOMINALOG;Não
SE;Neópolis;MG - DOMINALOG;Não
SE;Nossa Senhora Aparecida;MG - DOMINALOG;Não
SE;Nossa Senhora da Glória;MG - DOMINALOG;Não
SE;Nossa Senhora das Dores;MG - DOMINALOG;Não
SE;Nossa Senhora de Lourdes;MG - DOMINALOG;Não
SE;Nossa Senhora do Socorro;SAFARI MONTAGEM;Sim
SE;Pacatuba;MG - DOMINALOG;Não
SE;Riachão do Dantas;MG - DOMINALOG;Não
SE;Pedra Mole;MG - DOMINALOG;Não
SE;Pedrinhas;MG - DOMINALOG;Não
SE;Pinhão;MG - DOMINALOG;Não
SE;Pirambu;MG - DOMINALOG;Não
SE;Poço Redondo;MG - DOMINALOG;Não
SE;Poço Verde;MG - DOMINALOG;Não
SE;Porto da Folha;MG - DOMINALOG;Não
SE;Propriá;MG - DOMINALOG;Não
SE;Riachuelo;MG - DOMINALOG;Não
SE;Ribeirópolis;MG - DOMINALOG;Não
SE;Rosário do Catete;MG - DOMINALOG;Não
SE;Salgado;MG - DOMINALOG;Não
SE;Tobias Barreto;MG - DOMINALOG;Não
SE;Santa Luzia do Itanhy;MG - DOMINALOG;Não
SE;Santa Rosa de Lima;MG - DOMINALOG;Não
SE;Santana do São Francisco;MG - DOMINALOG;Não
SE;Santo Amaro das Brotas;MG - DOMINALOG;Não
SE;São Cristóvão;MG - DOMINALOG;Não
SE;São Domingos;MG - DOMINALOG;Não
SE;São Francisco;MG - DOMINALOG;Não
SE;São Miguel do Aleixo;MG - DOMINALOG;Não
SE;Simão Dias;MG - DOMINALOG;Não
SE;Siriri;MG - DOMINALOG;Não
SE;Telha;MG - DOMINALOG;Não
SE;Tomar do Geru;MG - DOMINALOG;Não
SE;Umbaúba;MG - DOMINALOG;Não
TO;Abreulândia;FAVORITA;Não
TO;Aguiarnópolis;FAVORITA;Não
TO;Aliança do Tocantins;FAVORITA;Não
TO;Almas;FAVORITA;Não
TO;Alvorada;FAVORITA;Não
TO;Pedro Afonso;FAVORITA;Não
TO;Ananás;FAVORITA;Não
TO;Angico;FAVORITA;Não
TO;Aparecida do Rio Negro;FAVORITA;Não
TO;São Valério da Natividade;FAVORITA;Não
TO;Caseara;FAVORITA;Não
TO;Aragominas;FAVORITA;Não
TO;Araguacema;FAVORITA;Não
TO;Araguaçu;FAVORITA;Não
TO;Araguaína;FAVORITA;Não
TO;Araguanã;FAVORITA;Não
TO;Araguatins;FAVORITA;Não
TO;Arapoema;FAVORITA;Não
TO;Arraias;FAVORITA;Não
TO;Augustinópolis;FAVORITA;Não
TO;Aurora do Tocantins;FAVORITA;Não
TO;Axixá do Tocantins;FAVORITA;Não
TO;Babaçulândia;FAVORITA;Não
TO;Bandeirantes do Tocantins;FAVORITA;Não
TO;Barra do Ouro;FAVORITA;Não
TO;Barrolândia;FAVORITA;Não
TO;Bernardo Sayão;FAVORITA;Não
TO;Bom Jesus do Tocantins;FAVORITA;Não
TO;Brasilândia do Tocantins;FAVORITA;Não
TO;Brejinho de Nazaré;FAVORITA;Não
TO;Buriti do Tocantins;FAVORITA;Não
TO;Cachoeirinha;FAVORITA;Não
TO;Campos Lindos;FAVORITA;Não
TO;Cariri do Tocantins;FAVORITA;Não
TO;Carmolândia;FAVORITA;Não
TO;Carrasco Bonito;FAVORITA;Não
TO;Goiatins;FAVORITA;Não
TO;Centenário;FAVORITA;Não
TO;Chapada de Areia;FAVORITA;Não
TO;Chapada da Natividade;FAVORITA;Não
TO;Colinas do Tocantins;FAVORITA;Não
TO;Colméia;FAVORITA;Não
TO;Combinado;FAVORITA;Não
TO;Conceição do Tocantins;FAVORITA;Não
TO;Couto de Magalhães;FAVORITA;Não
TO;Cristalândia;FAVORITA;Não
TO;Gurupi;FAVORITA;Não
TO;Crixás do Tocantins;FAVORITA;Não
TO;Darcinópolis;FAVORITA;Não
TO;Dianópolis;FAVORITA;Não
TO;Divinópolis do Tocantins;FAVORITA;Não
TO;Dois Irmãos do Tocantins;FAVORITA;Não
TO;Duerê;FAVORITA;Não
TO;Esperantina;FAVORITA;Não
TO;Fátima;FAVORITA;Não
TO;Figueirópolis;FAVORITA;Não
TO;Filadélfia;FAVORITA;Não
TO;Formoso do Araguaia;FAVORITA;Não
TO;Tabocão;FAVORITA;Não
TO;Goianorte;FAVORITA;Não
TO;Guaraí;FAVORITA;Não
TO;Ipueiras;FAVORITA;Não
TO;Itacajá;FAVORITA;Não
TO;Itaguatins;FAVORITA;Não
TO;Itapiratins;FAVORITA;Não
TO;Itaporã do Tocantins;FAVORITA;Não
TO;Jaú do Tocantins;FAVORITA;Não
TO;Juarina;FAVORITA;Não
TO;Lagoa da Confusão;FAVORITA;Não
TO;Lagoa do Tocantins;FAVORITA;Não
TO;Lajeado;FAVORITA;Não
TO;Lavandeira;FAVORITA;Não
TO;Lizarda;FAVORITA;Não
TO;Luzinópolis;FAVORITA;Não
TO;Marianópolis do Tocantins;FAVORITA;Não
TO;Mateiros;FAVORITA;Não
TO;Maurilândia do Tocantins;FAVORITA;Não
TO;Miracema do Tocantins;FAVORITA;Não
TO;Miranorte;FAVORITA;Não
TO;Monte do Carmo;FAVORITA;Não
TO;Monte Santo do Tocantins;FAVORITA;Não
TO;Palmeiras do Tocantins;FAVORITA;Não
TO;Muricilândia;FAVORITA;Não
TO;Natividade;FAVORITA;Não
TO;Nazaré;FAVORITA;Não
TO;Nova Olinda;FAVORITA;Não
TO;Nova Rosalândia;FAVORITA;Não
TO;Novo Acordo;FAVORITA;Não
TO;Novo Alegre;FAVORITA;Não
TO;Novo Jardim;FAVORITA;Não
TO;Oliveira de Fátima;FAVORITA;Não
TO;Palmas;FAVORITA;Não
TO;Palmeirante;FAVORITA;Não
TO;Palmeirópolis;FAVORITA;Não
TO;Paraíso do Tocantins;FAVORITA;Não
TO;Paranã;FAVORITA;Não
TO;Pau D'Arco;FAVORITA;Não
TO;Peixe;FAVORITA;Não
TO;Pequizeiro;FAVORITA;Não
TO;Pindorama do Tocantins;FAVORITA;Não
TO;Piraquê;FAVORITA;Não
TO;Pium;FAVORITA;Não
TO;Ponte Alta do Bom Jesus;FAVORITA;Não
TO;Ponte Alta do Tocantins;FAVORITA;Não
TO;Porto Alegre do Tocantins;FAVORITA;Não
TO;Porto Nacional;FAVORITA;Não
TO;Praia Norte;FAVORITA;Não
TO;Presidente Kennedy;FAVORITA;Não
TO;Pugmil;FAVORITA;Não
TO;Recursolândia;FAVORITA;Não
TO;Riachinho;FAVORITA;Não
TO;Rio da Conceição;FAVORITA;Não
TO;Rio dos Bois;FAVORITA;Não
TO;Rio Sono;FAVORITA;Não
TO;Sampaio;FAVORITA;Não
TO;Sandolândia;FAVORITA;Não
TO;Santa Fé do Araguaia;FAVORITA;Não
TO;Santa Maria do Tocantins;FAVORITA;Não
TO;Santa Rita do Tocantins;FAVORITA;Não
TO;Santa Rosa do Tocantins;FAVORITA;Não
TO;Santa Tereza do Tocantins;FAVORITA;Não
TO;Santa Terezinha do Tocantins;FAVORITA;Não
TO;São Bento do Tocantins;FAVORITA;Não
TO;São Félix do Tocantins;FAVORITA;Não
TO;São Miguel do Tocantins;FAVORITA;Não
TO;São Salvador do Tocantins;FAVORITA;Não
TO;São Sebastião do Tocantins;FAVORITA;Não
TO;Silvanópolis;FAVORITA;Não
TO;Sítio Novo do Tocantins;FAVORITA;Não
TO;Sucupira;FAVORITA;Não
TO;Taguatinga;FAVORITA;Não
TO;Taipas do Tocantins;FAVORITA;Não
TO;Talismã;FAVORITA;Não
TO;Tocantínia;FAVORITA;Não
TO;Tocantinópolis;FAVORITA;Não
TO;Tupirama;FAVORITA;Não
TO;Tupiratins;FAVORITA;Não
TO;Wanderlândia;FAVORITA;Não
TO;Xambioá;FAVORITA;Não
